id,brandName,productDisplayName,description,style_note,price,discountedPrice,articleType,masterCategory,subCategory,myntraRating,baseColour,fabric,fit,neck,occasion,brand_label,productName_label,articleType_label,gen_Boys,gen_Girls,gen_Men,gen_Unisex,gen_Women,usa_Casual,usa_Ethnic,usa_Formal,usa_Smart Casual,usa_Sports,sea_Fall,sea_Spring,sea_Summer,sea_Winter,price_log,rating_norm
8070a78b-83b2-446b-bd0d-fc1ea90422b2,Indigo Nation,Indigo Nation Men Tro Olive Trousers,composition structured brown trousers made 65 polyester 35 cotton ply fabric two insert pockets sides two welt pockets back buttoned closures brand name appliqued back right pocket comfortable waistband loops button zipper closure front extended hemline reduced suit wearers height fitting regular wash care hand machine wash mild detergent bleach wring dry shade warm iron update classic style smart brown trousers indigo nation structured trousers made ply fabric specially washed give great feel appearance look stylish feel comfortable day long trousers team formal shirts leather slip ons confident well groomed look compositionstructured brown trousers made 65 polyester 35 cotton ply fabric two insert pockets sides two welt pockets back buttoned closures brand name appliqued back right pocket comfortable waistband loops button zipper closure front extended hemline reduced suit wearers heightfittingregularwash carehand machine wash mild detergentdo bleach wringdry shadewarm ironupdate classic style smart brown trousers indigo nation structured trousers made ply fabric specially washed give great feel appearance look stylish feel comfortable day long trousers team formal shirts leather slip ons confident well groomed look model statisticsthe model wears trousers length 41 height waist 32,not found,899.0,899.0,Trousers,Apparel,Bottomwear,1.0,Olive,Unknown,Unknown,Unknown,Unknown,11,322,31,0,0,1,0,0,0,0,1,0,0,1,0,0,0,6.802394763324311,0.2
e79bd79b-dc0e-427a-9dd2-b9368af341c0,Reebok,Reebok Men Runtone Action White Sports Shoes,wondering carve die body without hitting hard hitting gym regime look comes reebok runtone action shoe optimized moving air technology shoe activates key muscles calves quads reducing overall body stress innovative fitness shoe engineered built balance pods certain points shoe transfer air response stride air movement creates micro instability every step take forcing leg muscles work harder increasing strength endurance added dmx shear cushioning reebok runtone absorbs shock impact enhancing comfort feet even long runs toning balance pods great hit men women alike season reebok runtone action sneaker vast array pods fitted outsole run pods shift air beneath shoe creating unstable feel body instantly reacts experiments various muscle positions compensate instability outcome progressive sneaker forces tougher functioning important muscle tissues toning leg butt besides harmony ball inspired pods reebok runtone also synthetic mesh upper provides excellent ventilation dry comfort imeva midsole enhance cushioning shock absorption comfort even better reebok easytone comes removable sockliner accommodate medical orthotic making running pleasurable experience upper mesh uppers synthetic overlays provide breath ability lace ups snug fit cushioned collar tongue extra comfort mesh tongue greater breath ability breathable mesh lining removable insert midsole removable footbed replaced medical orthotic imeva midsole delivers cushioned support shock absorption outsole features balance ball inspired pods moving air technology transfer air response stride create micro instability every step forefoot flex grooves provide flexibility footstrike toe multi surface rubber outsole traction durability shoe care wipe surface soft clean damp cloth remove dust machine wash,not found,7999.0,7999.0,Sports Shoes,Footwear,Shoes,0.0,White,Unknown,Unknown,Unknown,Unknown,21,624,24,0,0,1,0,0,0,0,0,0,1,1,0,0,0,8.987196820661973,0.0
ea32ea4b-8ed7-4726-9267-ab24bbe6968a,Reebok,Reebok Men Premier ultra 8 U-form Silver Sports Shoes,reebok premier ultra form running shoe difference like running shoes light weight well ventilated special shoes form footwear lining technology takes shape foot heated heat shoes oven 200 degree minutes put shoes lace tightly sit minutes voila shoe taken shape foot detailed instructions check www reebok com uformamong spectacular features kineticfit sure fit panels accomodate shift size shape foot foot strike added plush dmx ride cushioning makes comfortable smooth flexible ride wear want run jog use casual wear wish upperbreathable mesh upper ample ventilation reduced irritationsynthetic overlays added shoe structure durability styleu form footwear lining technology takes shape foot heatedkineticfit sure fit panels accomodate shift size shape foot entire foot strikesmoothfit upper increased comfort reduction seam related irritation rublace system synthetic laces snug customized fitlushly padded mesh tongue better ventilation comfortstablefit memory foam collar lining step comfortbrand name tongue medial side shoe behind collarbrand logo lateral sidemidsoleinjection moulded eva midsole lightweight responsive cushioning shock absorptiondmx ride foam cushioning day comfortplaydry lining moisture managementoutsoledmprtek rubber outsole lightweight cushioning durabilitydmx shear vertical panels greater comfortdmx shear vertical horizontal heel cushioning minimize stress impacttransition bridge ultimate heel toe responsewaffle pattern grip excellent tractionscooped heel extra cushioning comfortflex grooves ease movementshoe carewipe surface soft clean dry cloth remove dustdo machine washdo store direct sunlight,not found,8999.0,8999.0,Sports Shoes,Footwear,Shoes,0.0,Silver,Unknown,Unknown,Unknown,Unknown,21,615,24,0,0,1,0,0,0,0,0,0,1,1,0,0,0,9.104979856318357,0.0
82cead3f-73e7-48c0-bfdc-32b9cea91c28,Reebok,Reebok Men Premier Verona Supreme 2 Black Sports Shoes,reebok verona supreme running shoe difference lightweight well ventilated spectacular design among spectacular features kineticfit sure fit panels accomodate shift size shape foot foot strike added plush dmx ride cushioning makes comfortable smooth flexible ride wear want run jog use casual wear wish upperbreathable mesh upper ample ventilation reduced irritationsynthetic overlays added shoe structure durability stylekineticfit sure fit panels accomodate shift size shape foot entire foot strikesmoothfit upper increased comfort reduction seam related irritation rublace system synthetic laces snug customized fitlushly padded mesh tongue better ventilation comfortstablefit memory foam collar lining step comfortbrand name tongue medial side shoe behind collarbrand logo lateral sidemidsoleinjection moulded eva midsole lightweight responsive cushioning shock absorptiondmx ride foam cushioning day comfortplaydry lining moisture managementoutsoledmprtek rubber outsole lightweight cushioning durabilitydmx shear vertical panels greater comfortdmx shear vertical horizontal heel cushioning minimize stress impacttransition bridge ultimate heel toe responsewaffle pattern grip excellent tractionscooped heel extra cushioning comfortflex grooves ease movementshoe carewipe surface soft clean dry cloth remove dustdo machine washdo store direct sunlight,not found,6999.0,6999.0,Sports Shoes,Footwear,Shoes,1.0,Black,Unknown,Unknown,Unknown,Unknown,21,612,24,0,0,1,0,0,0,0,0,0,1,1,0,0,0,8.85366542803745,0.2
62fd15e0-7ef9-4a84-97c4-6638b0208157,Reebok,Reebok Men Premier road supreme 2 Silver Sports Shoes,reebok road supreme running shoe difference lightweight well ventilated spectacular design among spectacular features kineticfit sure fit panels accomodate shift size shape foot foot strike added plush dmx ride cushioning makes comfortable smooth flexible ride wear want run jog use casual wear wish upperbreathable mesh upper ample ventilation reduced irritationsynthetic overlays added shoe structure durability stylekineticfit sure fit panels accomodate shift size shape foot entire foot strikesmoothfit upper increased comfort reduction seam related irritation rublace system synthetic laces snug customized fitlushly padded mesh tongue better ventilation comfortstablefit memory foam collar lining step comfortbrand name tongue medial side shoe behind collarbrand logo lateral sidemidsoleinjection moulded eva midsole lightweight responsive cushioning shock absorptiondmx ride foam cushioning day comfortplaydry lining moisture managementoutsoledmprtek rubber outsole lightweight cushioning durabilitydmx shear vertical panels greater comfortdmx shear vertical horizontal heel cushioning minimize stress impacttransition bridge ultimate heel toe responsewaffle pattern grip excellent tractionscooped heel extra cushioning comfortflex grooves ease movementshoe carewipe surface soft clean dry cloth remove dustdo machine washdo store direct sunlight,not found,7999.0,7999.0,Sports Shoes,Footwear,Shoes,1.0,Silver,Unknown,Unknown,Unknown,Unknown,21,614,24,0,0,1,0,0,0,0,0,0,1,1,0,0,0,8.987196820661973,0.2
ea19cafc-8e17-4e9f-a05e-27967858f273,ADIDAS,ADIDAS Men Cfc Pes Black Tracksuits,composition black tracksuit made 100 polyester black track jacket mock collar zippered closure front ribbed hem cuffs white stripe panels shoulder running till cuffs two insert pockets sides zippered closures blue panel uellow piping details sides graphic print including sponsoring company chelsea team badge left chest brand name right chest black tracks elasticated waistband drawstring inside striped panels sides ribbed cuffs zippered slits towards hems blue panel flowing darts back print sponsoring company chelsea team badge right leg brand name left leg fitting comfort wash care wash dark colours separately wash 40 degree soak tumble dry bleach dry shade warm iron dry clean iron print trims logo made polyester fabric adidas tracksuits ideal training needs sleek black track jacket complements pants white stripes gives added edge sleek black track jacket complements pants white stripes gives added edge soft broad elastic waistband sits snugly drawstrings inside allow create customized fit chelsea team badge gives added edge pair sports shirts performance shoes extended training session model statistics model wears size shirts height shoulders 18 model wears trousers length 41 height waist 31,not found,5499.0,5499.0,Tracksuits,Apparel,Bottomwear,0.0,Black,Unknown,Unknown,Unknown,Unknown,0,0,30,0,0,1,0,0,0,0,0,0,1,1,0,0,0,8.612503371220562,0.0
051dcd3f-1cd3-415c-8608-f1b9b7237779,Flying Machine,Flying Machine Women VN White Tshirts,compositionwhite round neck shirt made 100 cotton mega sleeves graphic print frontfittingregularwash caremachine wash cold waterdo tumble dryturn inside dryingdon dry direct sunlightuse warm irondo use iron print embroiderystylish hilt cotton shirt flying machine designed never compromise comfort looks slightly surreal image tree dripping hearts increases style quotient fabric keeps fresh comfortable day team shirt jeans sports shoes flaunt fashion statement style model statisticsthe model wears size shirtsheight chest 33 compositionwhite round neck shirt made 100 cotton mega sleeves graphic print frontfittingregularwash caremachine wash cold waterdo tumble dryturn inside dryingdon dry direct sunlightuse warm irondo use iron print embroiderystylish hilt cotton shirt flying machine designed never compromise comfort looks slightly surreal image tree dripping hearts increases style quotient fabric keeps fresh comfortable day team shirt jeans sports shoes flaunt fashion statement style model statisticsthe model wears size shirtsheight chest 33,not found,499.0,249.0,Tshirts,Apparel,Topwear,1.0,White,Cotton,Regular Fit,Round Neck,Unknown,9,289,32,0,0,0,0,1,1,0,0,0,0,1,0,0,0,6.214608098422191,0.2
4b1c9855-3de9-4483-820e-a4c17f5b8f9d,Reebok,Reebok Men Zigdynamic White Sports Shoes,try reebok zigdynamic refuse wear running shoe ever sneakers come zig zag sole helps propel forward reduces muscle fatigue shins sweat gym without sweating lightweight shoes attractive super comfortable worn day long running lounge coffee shop eyes precious shoes upperbreathable mesh upper ample ventilation reduced irritationsynthetic overlays added shoe structure durability stylesmoothfit upper increased comfort reduction seam related irritation rublace system synthetic laces snug customized fitlushly padded tongue well cushioned collar step comfortmesh tongue maximum ventilationbrand logo sidesbrand name tongue behind collarmidsoleinjection moulded eva midsole lightweight responsive cushioning shock absorptioncushioned footbed day comfortmesh lining increased ventilation comfortremovable sockliner replace orthoticoutsoletpr outsole better shock absorption durabilitytransition bridge ultimate heel toe responsezigzag sole propel forward reduce muscle fatigue shinforefoot grooves increased flexibility push multi surface outsole traction durabilityshoe carewipe surface soft clean dry cloth remove dustdo machine washdo store direct sunlight,not found,6999.0,6999.0,Sports Shoes,Footwear,Shoes,1.0,White,Unknown,Unknown,Unknown,Unknown,21,626,24,0,0,1,0,0,0,0,0,0,1,1,0,0,0,8.85366542803745,0.2
6ee0f6b5-79ef-46fe-ac4e-1af19b619587,United Colors of Benetton,United Colors of Benetton Men vertigo Brown Shoes,stylish dress shoes united colors benetton perfect formal occasions slip great oxfords look like mean business slightly square toe silhouette adds charm shoes coupled contrast stitch detailing wear shoes look suave jiffy great addition sophisticated man wardrobe add tons character outfit instant upper full grain leather upper added durability style slightly squared toe design increased comfort style leather wrap around overlay along heel midfoot better support contrast stitch detailing better structure attraction lace system synthetic laces snug customized fit sofly padded tongue protect excessive rubbing prevent blisters leather wrap around overlay along heel midfoot better support big ben logo tongue midsole eva midsole long term durability protection feet impact cushioned footbed day comfort fabric lining increased comfort outsole lightweight slip resistant rubber outsole better shock absorption raised heel ergonomic comfort style shoe care wipe leather surface dry clean cloth remove dust use branded leather conditioner maintain shine store direct sunlight,not found,4199.0,4199.0,Formal Shoes,Footwear,Shoes,0.0,Brown,Unknown,Unknown,Unknown,Unknown,24,735,10,0,0,1,0,0,0,0,1,0,0,1,0,0,0,8.34283980427146,0.0
64244a9c-968b-4a9b-8680-526d808af83a,Reebok,Reebok Men Buckets VI Black Sports Shoes,perfect shoes basketball enthusiasts reebok buckets vi combine light weight striking looks dmx ride cushioning system give maximum comfort style court outsole durable provides great traction surfaces confident playing also used casual wear go slam dunk upper soft leather upper added durability style synthetic overlays better shoe structure durability mid cut design ankle support lateral stability perforated pattern forefoot midfoot style lace system synthetic laces snug customized fit lushly padded tongue well cushioned collar step comfort mesh tongue better ventilation brand name forefoot lateral side midsole injection moulded eva midsole lightweight responsive cushioning shock absorption dmx ride foam cushioning day comfort mesh lining increased ventilation comfort removable sockliner replace orthotic outsole non marking high abrasion rubber outsole better shock absorption durability circular grooves improved traction pivot point enables 180 degree movement shoe care wipe surface soft clean dry cloth remove dust machine wash store direct sunlight,not found,4999.0,4999.0,Sports Shoes,Footwear,Shoes,0.0,Black,Unknown,Unknown,Unknown,Unknown,21,609,24,0,0,1,0,0,0,0,0,0,1,1,0,0,0,8.517193191416238,0.0
7143e11c-5084-4a27-bb39-cf372a95eafe,Reebok,Reebok Men Run Sheer Black Sports Shoes,reebok run sheer versatile running shoe features ample ventilation offers lightweight comfort keeping feet fresh comfortable day added dmx shear system minimizes stress impact making comfortable smooth flexible ride wear want run jog use casual wear upperbreathable mesh upper ample ventilation reduced irritationsynthetic overlays added shoe structure durability stylelace system synthetic laces snug customized fitlushly padded tongue well cushioned collar step comfortmesh tongue maximum ventilationbrand logo sidesbrand name tongue behind collarmidsoleinjection moulded eva midsole lightweight responsive cushioning shock absorptioncushioned footbed day comfortmesh lining increased ventilation comfortoutsoletpr outsole better shock absorption durabilitydmx shear vertical panels greater comfortdmx shear vertical horizontal heel cushioning minimize stress impactscooped heel extra cushioning comfortdiamond shaped grooves forefoot excellent tractionlugs periphery forefoot heel better grip surfacesflex grooves ease movementshoe carewipe surface soft clean dry cloth remove dustdo machine washdo store direct sunlight,not found,3599.0,3599.0,Sports Shoes,Footwear,Shoes,1.0,Black,Unknown,Unknown,Unknown,Unknown,21,621,24,0,0,1,0,0,0,0,0,0,1,1,0,0,0,8.1886891244442,0.2
93c1cdf7-c175-4e5a-8251-cbd9aee94c3d,United Colors of Benetton,United Colors of Benetton Men Iceland Grey Casual Shoes,stylish uber cool casual shoes united colors benetton add extra bounce steps motor sports inspired nubuck leather shoes light weight look perfect rugged jeans hang cool gang easily become coolest member group look stylish wow comfortable shoes day long upper nubuck leather upper overlays forefoot around central lacing system behind collar added durability style contrast strips either side patch behind collar added attraction lace system synthetic laces snug customized fit well padded tongue mildly cushioned collar step comfort secure fit big ben logo tongue midsole eva midsole long term durability protection feet impact cushioned footbed day comfort mesh lining better ventilation added comfort outsole lightweight slip resistant rubber outsole better shock absorption grooves outsole improved traction shoe care wipe leather surface dry clean cloth remove dust use branded leather conditioner maintain shine store direct sunlight,not found,3899.0,3899.0,Casual Shoes,Footwear,Shoes,0.0,Grey,Unknown,Unknown,Unknown,Unknown,24,704,5,0,0,1,0,0,1,0,0,0,0,1,0,0,0,8.268731832117737,0.0
884d9a64-1e58-40d8-b118-beb678c33340,Reebok,Reebok Women Reeflex Run Blue Sports Shoes,reebok reeflex run versatile running shoe features ample ventilation offers lightweight comfort keeping feet fresh comfortable day attractive shoes low profile minimalist silhouette low ground feel added mobility plus feature realflex outsole promotes natural movement wear want run jog use casual wear upper breathable mesh upper ample ventilation reduced irritation low profile minimalist silhouette low ground feel added mobility lace system synthetic laces snug customized fit mildly padded tongue lightly cushioned collar step comfort mesh tongue better ventilation brand name tongue logo sides midsole pu midsole added durability life cushioning firmer ride fabric lining increased comfort removable sockliner replace orthotic outsole 3d ultralite outsole lightweight support natural footstrike realflex sole design 76 individual sensors multi directional flexibility optimal foot feel throughout footstrike shoe care wipe surface soft clean dry cloth remove dust machine wash store direct sunlight,not found,4999.0,4999.0,Sports Shoes,Footwear,Shoes,1.0,Blue,Unknown,Unknown,Unknown,Unknown,21,634,24,0,0,0,0,1,0,0,0,0,1,1,0,0,0,8.517193191416238,0.2
33723196-367a-4b82-b319-85d72e15afc3,Reebok,Reebok Men Reeflex Run White Sports Shoes,reebok reeflex run versatile running shoe features ample ventilation offers lightweight comfort keeping feet fresh comfortable day attractive shoes low profile minimalist silhouette low ground feel added mobility plus feature realflex outsole promotes natural movement wear want run jog use casual wear upper breathable mesh upper ample ventilation reduced irritation low profile minimalist silhouette low ground feel added mobility lace system synthetic laces snug customized fit mildly padded tongue lightly cushioned collar step comfort mesh tongue better ventilation brand name tongue logo sides midsole pu midsole added durability life cushioning firmer ride fabric lining increased comfort removable sockliner replace orthotic outsole 3d ultralite outsole lightweight support natural footstrike realflex sole design 76 individual sensors multi directional flexibility optimal foot feel throughout footstrike shoe care wipe surface soft clean dry cloth remove dust machine wash store direct sunlight,not found,4999.0,4999.0,Sports Shoes,Footwear,Shoes,0.0,White,Unknown,Unknown,Unknown,Unknown,21,620,24,0,0,1,0,0,0,0,0,0,1,1,0,0,0,8.517193191416238,0.0
8f0679f3-d9b0-4d18-b61b-00a81ed39cd0,Reebok,Reebok Men Reeflex Run Blue Sports Shoes,reebok reeflex run versatile running shoe features ample ventilation offers lightweight comfort keeping feet fresh comfortable day attractive shoes low profile minimalist silhouette low ground feel added mobility plus feature realflex outsole promotes natural movement wear want run jog use casual wear upper breathable mesh upper ample ventilation reduced irritation low profile minimalist silhouette low ground feel added mobility lace system synthetic laces snug customized fit mildly padded tongue lightly cushioned collar step comfort mesh tongue better ventilation brand name tongue logo sides midsole pu midsole added durability life cushioning firmer ride fabric lining increased comfort removable sockliner replace orthotic outsole 3d ultralite outsole lightweight support natural footstrike realflex sole design 76 individual sensors multi directional flexibility optimal foot feel throughout footstrike shoe care wipe surface soft clean dry cloth remove dust machine wash store direct sunlight,not found,4999.0,4999.0,Sports Shoes,Footwear,Shoes,0.0,Blue,Unknown,Unknown,Unknown,Unknown,21,619,24,0,0,1,0,0,0,0,0,0,1,1,0,0,0,8.517193191416238,0.0
260f9c25-e910-48f2-88b2-e330ae1b30ca,Reebok,Reebok Men Run Sheer White Sports Shoes,reebok run sheer versatile running shoe features ample ventilation offers lightweight comfort keeping feet fresh comfortable day added dmx shear system minimizes stress impact making comfortable smooth flexible ride wear want run jog use casual wear upper breathable mesh upper ample ventilation reduced irritation synthetic overlays added shoe structure durability style lace system synthetic laces snug customized fit lushly padded tongue well cushioned collar step comfort mesh tongue maximum ventilation brand logo appliqued sides brand name embossed tongue printed behind collar midsole injection moulded eva midsole lightweight responsive cushioning shock absorption cushioned footbed day comfort mesh lining increased ventilation comfort outsole tpr outsole better shock absorption durability dmx shear vertical panels greater comfort dmx shear vertical horizontal heel cushioning minimize stress impact scooped heel extra cushioning comfort shoe care machine wash remove dust dirt damp clean cloth store direct sunlight,not found,3599.0,3599.0,Sports Shoes,Footwear,Shoes,0.0,White,Unknown,Unknown,Unknown,Unknown,21,622,24,0,0,1,0,0,0,0,0,0,1,1,0,0,0,8.1886891244442,0.0
92c094af-f325-4c65-8025-f724062aa9eb,Nike,Nike Women As Element Ja Black T-Shirt,composition fuchsia pink high collared shirt made 100 polyester half length zipper raglan sleeves flat seam design reflective loop centre back neck keep media player cords way fitting comfort wash care machine wash cold 30 degrees like colours bleach tumble dry low remove immediately allow lay wet cool iron iron design dry clean cold weather running shirt made soft suede dri fit fabric wicks sweat away body fabric surface quickly evaporates spandex fibre allows stretch comfortably better mobility comfortable athletic fit element half zip features fitted design stays way run ergonomic seams map natural contours body help reduce friction chafing providing great range motion stand collar delivers extra warmth protection need mesh underarm vents increase airflow high heat area help stay dry comfortable rough weather soft nike element half zip women running top helps stay dry comfortable distraction free first mile last,not found,2995.0,2995.0,Tshirts,Apparel,Topwear,1.0,Black,Unknown,Unknown,Unknown,Unknown,18,470,32,0,0,0,0,1,0,0,0,0,1,1,0,0,0,8.005033344637111,0.2
c7d7ac8e-c751-4be7-9d89-c84dca2b359a,United Colors of Benetton,United Colors of Benetton Men Cloud 9 Black Casual Shoes,stylish uber cool casual shoes united colors benetton add extra bounce steps hang cool gang light weight leather shoes easily become coolest member group look stylish wow comfortable shoes day long upper full grain leather upper slightly distressed look added durability style patent leather overlays forefoot midfoot behind collar better structure style metallic embellishments midfoot added attraction lace system synthetic laces snug customized fit sofly padded tongue mildly cushioned collar step comfort secure fit big ben logo tongue midsole eva midsole long term durability protection feet impact cushioned footbed day comfort fabric lining increased comfort outsole lightweight slip resistant rubber outsole better shock absorption textured panels better grip shoe care wipe leather surface dry clean cloth remove dust use branded leather conditioner maintain shine store direct sunlight,not found,3999.0,3999.0,Casual Shoes,Footwear,Shoes,0.0,Black,Unknown,Unknown,Unknown,Unknown,24,698,5,0,0,1,0,0,1,0,0,0,0,1,0,0,0,8.294049640102028,0.0
de5589d6-0f49-491f-8619-f63230da31f3,United Colors of Benetton,United Colors of Benetton Men Punk Black Casual Shoes,stylish uber cool casual shoes united colors benetton add extra bounce steps hang cool gang light weight leather shoes easily become coolest member group look stylish wow comfortable shoes day long upper full grain leather upper added durability style contrast stitch detailing better shoe structure incresed attraction lace system synthetic laces snug customized fit sofly padded tongue mildly cushioned collar step comfort secure fit upper stitched onto outsole durability big ben logo tongue midsole eva midsole long term durability protection feet impact cushioned footbed day comfort fabric lining increased comfort outsole lightweight slip resistant rubber outsole better shock absorption grooves outsole improved traction shoe care wipe leather surface dry clean cloth remove dust use branded leather conditioner maintain shine store direct sunlight,not found,3999.0,3999.0,Casual Shoes,Footwear,Shoes,0.0,Black,Unknown,Unknown,Unknown,Unknown,24,718,5,0,0,1,0,0,1,0,0,0,0,1,0,0,0,8.294049640102028,0.0
fbd83629-6b8a-4e78-8352-b7aa55c6df2e,Nike,Nike Women As Nike Eleme White T-Shirt,composition white high collared shirt made 92 nylon spandex half length zipper raglan sleeves flat seam design range motion reduced irritation reflective loop centre back neck keep media player cords way fitting comfort wash care machine wash cold 30 degrees like colours bleach tumble dry low remove immediately allow lay wet cool iron iron design dry clean cold weather running shirt made soft suede dri fit fabric wicks sweat away body fabric surface quickly evaporates spandex fibres allow stretch better mobility comfortable athletic fit element half zip features fitted design stays way run ergonomic seams map natural contours body help reduce friction chafing providing great range motion stand collar delivers extra warmth protection need mesh underarm vents increase airflow high heat area help stay dry comfortable rough weather soft nike element half zip women running top helps stay dry comfortable distraction free first mile last,not found,2695.0,2695.0,Tshirts,Apparel,Topwear,1.0,White,Unknown,Unknown,Unknown,Unknown,18,474,32,0,0,0,0,1,0,0,0,0,1,1,0,0,0,7.899524472032198,0.2
1fb0a017-850c-43b4-addf-5f3999c5fa21,United Colors of Benetton,United Colors Of Benetton Men Cboar Brown Casual Shoes,thought casual shoes casual think shoes united colours benetton casual funky hip twist plaid checks make light weight shoes attractive adding boyish charm hang cool gang easily become coolest member group look stylish wow comfortable shoes day long upper upper made woven wool blended fabric plaid checks durability comfort style mid cut design ankle support lateral stability leather overlays forefoot behind collarm around lace system better structure style lace system synthetic laces snug customized fit mildly padded tongue cushioned collar step comfort upper stitched onto outsole durability midsole phylon midsole lightweight responsive cushioning shock absorption cushioned footbed day comfort outsole lightweight slip resistant rubber outsole better shock absorption herringbone pattern excellent traction shoe care wipe surface soft clean dry cloth remove dust machine wash store direct sunlight,not found,3899.0,3899.0,Casual Shoes,Footwear,Shoes,0.0,Brown,Unknown,Unknown,Unknown,Unknown,24,688,5,0,0,1,0,0,1,0,0,0,0,1,0,0,0,8.268731832117737,0.0
3dadb038-b351-4bc5-8662-d58968e3a29d,United Colors of Benetton,United Colors of Benetton Men Nighthawk Black Casual Shoes,thought casual shoes casual think shoes united colours benetton casual funky hip twist plaid checks make light weight shoes attractive adding boyish charm hang cool gang easily become coolest member group look stylish wow comfortable shoes day long upper upper made woven wool blended fabric plaid checks durability comfort style mid cut design ankle support lateral stability leather overlays forefoot behind collarm around lace system better structure style lace system synthetic laces snug customized fit mildly padded tongue cushioned collar step comfort upper stitched onto outsole durability midsole phylon midsole lightweight responsive cushioning shock absorption cushioned footbed day comfort outsole lightweight slip resistant rubber outsole better shock absorption herringbone pattern excellent traction shoe care wipe surface soft clean dry cloth remove dust machine wash store direct sunlight,not found,3899.0,3899.0,Casual Shoes,Footwear,Shoes,0.0,Black,Unknown,Unknown,Unknown,Unknown,24,707,5,0,0,1,0,0,1,0,0,0,0,1,0,0,0,8.268731832117737,0.0
5a2a561b-2f59-4148-ac5f-5c39212fc45a,United Colors of Benetton,United Colors of Benetton Men Bournie Brown Casual Shoes,stylish uber cool casual shoes united colors benetton add extra bounce steps motor sports inspired leather shoes light weight look perfect rugged jeans hang cool gang easily become coolest member group look stylish wow comfortable shoes day long upper full grain leather upper nubuck leather overlays forefoot around central lacing system behind collar added durability style lace system synthetic laces snug customized fit sofly padded tongue mildly cushioned collar step comfort secure fit upper stitched onto outsole durability big ben logo tongue midsole eva midsole long term durability protection feet impact mildly cushioned footbed day comfort fabric lining increased comfort outsole lightweight slip resistant rubber outsole better shock absorption grooves outsole improved traction shoe care wipe leather surface dry clean cloth remove dust use branded leather conditioner maintain shine store direct sunlight,not found,3699.0,3699.0,Casual Shoes,Footwear,Shoes,0.0,Brown,Unknown,Unknown,Unknown,Unknown,24,691,5,0,0,1,0,0,1,0,0,0,0,1,0,0,0,8.216088098632316,0.0
a2268415-effc-4c34-a7dd-82a85b04f8f6,Nike,Nike Men Football Soccer Red Jerseys,compositionarsenal crew neck jersey made dri fit 100 recycled polyester authentic jock tag left hem nike swoosh right chestfittingregularwash caremachine wash separatle cold waterdo use softeners bleachdo allow lay wetdo line drydo dry clean ironthe 2011 12 arsenal jersey pays tribute great innovator influence traditional red body white sleeves come define team distinctive design details breathability offer comfort field 2011 12 arsenal official home away soccer jersey features silicone screen print club crest left chest behind inside close heart dedicated game printed victoria concordia crescent screen print sponsor logo spans centre chest nod backers team club graphic league badge adorn centre back right sleeve jersey finished hems prevent fraying deliver polished look lightweight breathable arsenal jersey designed environment mind sweat wicking dri fit fabric made equivalent eight recycled plastic bottles dri fit mesh panels sides enhance ventilation high heat areas,not found,1995.0,1995.0,Tshirts,Apparel,Topwear,1.0,Red,Polyester,Regular Fit,Round Neck,Sports,18,446,32,0,0,1,0,0,0,0,0,0,1,1,0,0,0,7.59890045687141,0.2
1ecfe506-f387-4440-bbfb-f51987b74fb2,Nike,Nike Women As The Windru Blue Jackets,composition blue white jacket made 100 polyester interior pocket left side zippered side pockets secure storage hood drawstring classic hood fitting comfort wash care machine wash cold 30 degrees like colours bleach tumble dry low remove immediately allow lay wet cool iron iron design dry clean windrunner became face nike apparel 1978 time company known footwear today ultimate running jacket still relevant exciting back 32 year history nike windrunner stayed true principles 26 degree chevron styling excellent breathability unparalleled weather resistance originally designed runners nike windrunner women jacket delivers lightweight comfort weather resistance iconic style goes anywhere lightweight layer features standard fit hits hip waist cuffs ribbed snug comfortable fit jacket made recycled water resistant fabric designed keep rain limit environmental impact also features breathable mesh lining help stay dry comfortable things heat,not found,3995.0,3995.0,Jackets,Apparel,Topwear,1.0,Blue,Blended,Unknown,Unknown,Unknown,18,477,14,0,0,0,0,1,0,0,0,0,1,1,0,0,0,8.293049139768444,0.2
07c181c2-d020-4edd-827e-71b76b061e95,Reebok,Reebok Men Racehound Silver Sports Shoes,reebok racehound versatile running shoe features ample ventilation offers lightweight comfort keeping feet fresh comfortable day added plush dmx ride cushioning makes comfortable smooth flexible ride wear want run jog use casual wear upper breathable mesh upper ample ventilation reduced irritation synthetic overlays added shoe structure durability style lace system synthetic laces snug customized fit lushly padded tongue well cushioned collar step comfort brand name tongue behind collar midsole injection moulded eva midsole lightweight responsive cushioning shock absorption dmx ride foam cushioning day comfort mesh lining increased ventilation comfort outsole non marking tpr outsole better shock absorption durability waffle pattern grip excellent traction scooped heel extra cushioning comfort flex grooves ease movement shoe care wipe surface soft clean dry cloth remove dust machine wash store direct sunlight,not found,4599.0,4599.0,Sports Shoes,Footwear,Shoes,0.0,Silver,Unknown,Unknown,Unknown,Unknown,21,616,24,0,0,1,0,0,0,0,0,0,1,1,0,0,0,8.433811582477187,0.0
4e1b2064-b179-4819-b804-96948f1cf390,Reebok,Reebok Women Raceon Silver Sports Shoes,reebok raceon versatile running shoe features ample ventilation offers lightweight comfort keeping feet fresh comfortable day added plush dmx ride cushioning makes comfortable smooth flexible ride wear want run jog use casual wear upper breathable mesh upper ample ventilation reduced irritation synthetic overlays added shoe structure durability style lace system synthetic laces snug customized fit lushly padded tongue well cushioned collar step comfort brand name tongue behind collar midsole phylon midsole lightweight responsive cushioning shock absorption dmx ride foam cushioning day comfort mesh lining increased ventilation comfort outsole non marking tpr outsole better shock absorption durability transition bridge ultimate heel toe response waffle pattern grip excellent traction scooped heel extra cushioning comfort shoe care wipe surface soft clean dry cloth remove dust machine wash store direct sunlight,not found,4999.0,4999.0,Sports Shoes,Footwear,Shoes,1.0,Silver,Unknown,Unknown,Unknown,Unknown,21,633,24,0,0,0,0,1,0,0,0,0,1,1,0,0,0,8.517193191416238,0.2
5db01e50-89a7-409a-ace8-b081923f1aa9,Reebok,Reebok Men Racehound White Sports Shoes,reebok racehound versatile running shoe features ample ventilation offers lightweight comfort keeping feet fresh comfortable day added plush dmx ride cushioning makes comfortable smooth flexible ride wear want run jog use casual wear upper breathable mesh upper ample ventilation reduced irritation synthetic overlays added shoe structure durability style lace system synthetic laces snug customized fit lushly padded tongue well cushioned collar step comfort brand name tongue behind collar midsole injection moulded midsole lightweight responsive cushioning shock absorption dmx ride foam cushioning day comfort mesh lining increased ventilation comfort outsole non marking tpr outsole better shock absorption durability waffle pattern grip excellent traction scooped heel extra cushioning comfort flex grooves ease movement shoe care wipe surface soft clean dry cloth remove dust machine wash store direct sunlight,not found,4599.0,4599.0,Sports Shoes,Footwear,Shoes,0.0,White,Unknown,Unknown,Unknown,Unknown,21,617,24,0,0,1,0,0,0,0,0,0,1,1,0,0,0,8.433811582477187,0.0
5ec357f6-26e6-4179-a72a-6ea084cd010a,Rockport,Rockport Men Sc Slip On Brown Casual Shoes,slip laidback comfort vicuna shoes coming rockport shoes feature uppers crafted nubuck stitch detailing extra style engineered adidas adiprene technology shoe offers day cushioning comfort making great buy upper nubuck upper mesh inserts added strength durability breathability padded tongue collar protect excessive rubbing prevent blistering elasticated inserts sides tongue easy insertion removal feet waterproof hydro shield lining greater comfort dry feel brand logo embedded side midsole highly shock absorbent adiprene technology infused cushioning protects heel impact day cushioned comfort polyurethane pu midsole offers durability long term wear shock absorbent cushioning help reduce foot fatigue outsole rubber outsole delivers shock absorption thereby reducing foot fatigue circular lugs mutli directional lugs periphery shoes superior grip flex grooves provide flexibility foot movement shoe care use leather brush dust dirt use leather shoe polish make shoes shine store direct sunlight,not found,6999.0,6999.0,Casual Shoes,Footwear,Shoes,0.0,Brown,Unknown,Unknown,Unknown,Unknown,22,649,5,0,0,1,0,0,1,0,0,0,0,1,0,0,0,8.85366542803745,0.0
ad5ba16b-366b-49e8-9aeb-543065bfafa7,Nike,Nike Women As Element Ja Pink T-Shirt,composition fuchsia pink high collared shirt made 100 polyester half length zipper raglan sleeves flat seam design reflective loop centre back neck keep media player cords way fitting comfort wash care machine wash cold 30 degrees like colours bleach tumble dry low remove immediately allow lay wet cool iron iron design dry clean cold weather running shirt made soft suede dri fit fabric wicks sweat away body fabric surface quickly evaporates spandex fibre allows stretch comfortably better mobility comfortable athletic fit element half zip features fitted design stays way run ergonomic seams map natural contours body help reduce friction chafing providing great range motion stand collar delivers extra warmth protection need mesh underarm vents increase airflow high heat area help stay dry comfortable rough weather soft nike element half zip women running top helps stay dry comfortable distraction free first mile last,not found,2995.0,2995.0,Tshirts,Apparel,Topwear,1.0,Pink,Unknown,Unknown,Unknown,Unknown,18,471,32,0,0,0,0,1,0,0,0,0,1,1,0,0,0,8.005033344637111,0.2
9c7cf766-9232-42e5-901d-02cd94314d91,Rockport,Rockport Men Drsp Wingtip Brown Formal Shoes,slip laidback comfort wingtip shoes coming rockport dressports series shoes feature exquisite upper crafted rich leather stitch detailing small cutouts engineered adidas adiprene technology shoe offers day cushioning comfort making great buy upper full grain leather upper added strength durability stitch detailing overlays cutouts better style padded tongue collar protect excessive rubbing prevent blistering lace ups snug fit perforated tongue greater breathability brand logo embedded behind collar midsole highly shock absorbent adiprene technology infused cushioning protects heel impact day cushioned comfort polyurethane pu midsole offers durability long term wear shock absorbent cushioning help reduce foot fatigue outsole lightweight slip resistant rubber outsole delivers shock absorption thereby reducing foot fatigue truwalk architecute outsole better comfort flex grooves provide flexibility foot movement shoe care use leather brush dust dirt use leather shoe polish make shoes shine store direct sunlight,not found,8999.0,8999.0,Formal Shoes,Footwear,Shoes,0.0,Brown,Unknown,Unknown,Unknown,Unknown,22,643,10,0,0,1,0,0,0,0,1,0,0,1,0,0,0,9.104979856318357,0.0
125d6a96-3dbe-4afc-ae7e-ebdbf225c4ec,Reebok,Reebok Women Instant White Sports Shoes,reebok instant versatile running shoe features ample ventilation offers lightweight comfort keeping feet fresh comfortable day added plush dmx ride cushioning makes comfortable smooth flexible ride wear want run jog use casual wear one pair shoes many uses upperbreathable mesh upper ample ventilation reduced irritationsynthetic overlays added shoe structure durability stylelace system synthetic laces snug customized fitlushly padded tongue well cushioned collar step comfortmesh tongue maximum ventilationbrand logo sidesbrand name tongue behind collarmidsoleeva midsole lightweight responsive cushioning shock absorptiondmx ride foam cushioning day comfortmesh lining increased ventilation comfortoutsoletpr outsole better shock absorption durabilityscooped heel extra cushioning comfortmedial arch heel support reducing foot fatiguewaffle pattern better grip surfacesflex grooves ease movementshoe carewipe surface soft clean dry cloth remove dustdo machine washdo store direct sunlight,not found,4999.0,4999.0,Sports Shoes,Footwear,Shoes,1.0,White,Unknown,Unknown,Unknown,Unknown,21,631,24,0,0,0,0,1,0,0,0,0,1,1,0,0,0,8.517193191416238,0.2
85ff7be0-2a88-41af-a6f0-cf98fc9d475d,Rockport,Rockport Men Drsp Wingtip Black Formal Shoes,slip laidback comfort wingtip shoes coming rockport dressports series shoes feature exquisite upper crafted rich leather stitch detailing small cutouts engineered adidas adiprene technology shoe offers day cushioning comfort making great buy upper full grain leather upper added strength durability stitch detailing overlays cutouts better style padded tongue collar protect excessive rubbing prevent blistering lace ups snug fit perforated tongue greater breathability brand logo embedded behind collar midsole highly shock absorbent adiprene technology infused cushioning protects heel impact day cushioned comfort polyurethane pu midsole offers durability long term wear shock absorbent cushioning help reduce foot fatigue outsole lightweight slip resistant rubber outsole delivers shock absorption reducing foot fatigue truwalk architecute outsole better comfort flex grooves provide flexibility foot movement shoe care use leather brush dust dirt use leather shoe polish make shoes shine store direct sunlight,not found,8999.0,8999.0,Formal Shoes,Footwear,Shoes,0.0,Black,Unknown,Unknown,Unknown,Unknown,22,641,10,0,0,1,0,0,0,0,1,0,0,1,0,0,0,9.104979856318357,0.0
ecee870f-8224-49fe-9418-4d6efe626454,Rockport,Rockport Men Drsp Wingtip Brown Casual Shoes,slip laidback comfort wingtip shoes coming rockport dressports series shoes feature exquisite upper crafted nubuck stitch detailing small cutouts engineered adidas adiprene technology shoe offers day cushioning comfort making great buy upper nubuck upper added strength durability stitch detailing overlays cutouts better style padded tongue collar protect excessive rubbing prevent blistering lace ups snug fit perforated tongue greater breathability brand logo embedded behind collar midsole highly shock absorbent adiprene technology infused cushioning protects heel impact day cushioned comfort polyurethane pu midsole offers durability long term wear shock absorbent cushioning help reduce foot fatigue outsole lightweight slip resistant rubber outsole delivers shock absorption thereby reducing foot fatigue truwalk architecute outsole better comfort flex grooves provide flexibility foot movement shoe care use leather brush dust dirt use leather shoe polish make shoes shine store direct sunlight,not found,8999.0,8999.0,Casual Shoes,Footwear,Shoes,0.0,Brown,Unknown,Unknown,Unknown,Unknown,22,642,5,0,0,1,0,0,1,0,0,0,0,1,0,0,0,9.104979856318357,0.0
fe297101-dac7-4894-9ae1-590b1f807ad5,Wrangler,Wrangler Women Kangroo Pocket Purple Tunics,composition blue black purple check top made 100 cotton round neck full front buttoned placket collar button drawcord bust roll sleeves secured buttoned flaps curved hemline fitting comfort wash care hand wash cold water using mild detergent wash dark colours separately bleach wring tumble dry flat dry shade mild iron iron print embellishment embroidery blend ethnicity style cotton top wrangler wide round buttoned neck draw cord bust top gives comfort customize fit suit style statement must young girls love flowy lines top also looks great would moms love flaunt round belly team slim fit jeans training pants ballerina flats cool casual look model statistics model wears size tops height chest 33 waist 26,not found,1295.0,1295.0,Tunics,Apparel,Topwear,1.0,Purple,Unknown,Unknown,Unknown,Unknown,27,859,33,0,0,0,0,1,1,0,0,0,0,1,0,0,0,7.16703787691222,0.2
949453e5-9919-40a9-ac10-5de9c75f97b4,Clarks,Clarks Men Rocco Fuse Black Leather Black Casual Shoes,blending classic style laidback sports influence rocco fuse leather shoe clarks delivers contemporary look absolute comfort flexible sole offers day wearability modern shoe worn barefoot well stylish edge upper full leather upper stitch detailing toe box overlay absolute durability breath ability comfort style lacing system trims eyelets offering snug customized fit hairsheep inner lining absolute comfort abrasion free lining brand badge lateral ankle style pu foxing durability midsole pu midsole lightweight flexible comfort cushioned footbed day comfort outsole durable rubber panels stacked together create outsole absolute grip traction shoe care wipe surface dry clean cloth remove dust brush using branded leather conditioner restore shoe shine store direct sunlight,not found,3499.0,3499.0,Casual Shoes,Footwear,Shoes,0.0,Black,Unknown,Unknown,Unknown,Unknown,3,72,5,0,0,1,0,0,1,0,0,0,0,1,0,0,0,8.160518247477505,0.0
aa7eed08-6ed3-418a-805a-98d552a17afb,Indigo Nation,Indigo Nation Men Stripes Black Shirts,composition white full sleeves shirt black stripes made 70 polyester 30 cotton patch pocket left chest full length buttoned placket fitting regular wash care machine hand wash cold water 30 mild detergent wash dark colours separately bleach tumble dry low dry shade warm iron formal clothes boring make weekdays fun wearing formal striped shirt indigo nation shirt looks fresh crisp keep cool day long pair well fitting formal trousers pair leather shoes take office storm model statistics model wears size shirts height shoulders 18 regular wash care machine hand wash cold water 30 mild detergent wash dark colours separately bleach tumble dry low dry shade warm iron formal clothes boring make weekdays fun wearing formal striped shirt indigo nation shirt looks fresh crisp keep cool day long pair well fitting formal trousers pair leather shoes take office storm model statistics model wears size 40 shirts height shoulders 18,not found,1199.0,1199.0,Shirts,Apparel,Topwear,1.0,Black,Unknown,Regular Fit,Unknown,Unknown,11,317,20,0,0,1,0,0,0,0,1,0,0,1,0,0,0,7.090076835776092,0.2
424d9e69-1eb2-4257-9fcf-069e90839ca2,United Colors of Benetton,United Colors of Benetton Men Wango Black Casual Shoes,thought casual shoes casual think shoes united colours benetton casual funky hip twist super light drop dead gorgeous air chamber gives cushioing comfort hang cool gang easily become coolest member group look stylish wow comfortable shoes day long upper synthetic upper nubuck synthetic leather overlays added durability structure style mid cut design ankle support lateral stability lace system synthetic laces snug customized fit lushly padded tongue well cushioned collar step comfort midsole phylon midsole lightweight responsive cushioning shock absorption cushioned footbed day comfort air cushioning heel better shock absorption outsole tpr outsole better shock absorption durability waffle pattern grip excellent traction casing around air cushioing chamber shoe care wipe surface soft clean dry cloth remove dust machine wash store direct sunlight,not found,4199.0,4199.0,Casual Shoes,Footwear,Shoes,0.0,Black,Unknown,Unknown,Unknown,Unknown,24,734,5,0,0,1,0,0,1,0,0,0,0,1,0,0,0,8.34283980427146,0.0
b99f11fc-96dc-4a24-9d4b-6d519c5a2531,United Colors of Benetton,United Colors Of Benetton Men Latnam Black Casual Shoes,thought casual shoes casual think shoes united colours benetton casual funky hip twist super light drop dead gorgeous air chamber gives cushioing comfort hang cool gang easily become coolest member group look stylish wow comfortable shoes day long upper synthetic upper nubuck synthetic leather overlays added durability structure style mid cut design ankle support lateral stability lace system synthetic laces snug customized fit lushly padded tongue well cushioned collar step comfort midsole phylon midsole lightweight responsive cushioning shock absorption cushioned footbed day comfort air cushioning heel better shock absorption outsole tpr outsole better shock absorption durability waffle pattern grip excellent traction casing around air cushioing chamber shoe care wipe surface soft clean dry cloth remove dust machine wash store direct sunlight,not found,4199.0,4199.0,Casual Shoes,Footwear,Shoes,0.0,Black,Unknown,Unknown,Unknown,Unknown,24,689,5,0,0,1,0,0,1,0,0,0,0,1,0,0,0,8.34283980427146,0.0
56770527-5bb6-4307-a2a1-cb6f40d70185,Reebok,Reebok Women Premier Zigfly White Sports Shoes,reebok premier zigfly combines top performance running line patented zig technology lightweight shoes provide responsive ride run stylish comfortable wear performance clothes going jogs team jeans shorts shirts casual look upper smoothfit smooth seam upper offers ultimate comfort minimal irritation open mesh uppers synthetic overlays greater breathability mesh tongue greater breathability padded collar greater comfort central lacing snug fit brand name appliqued tongue synthetic overlay heel cup branding midsole play dry lining provides moisture management forefoot flex grooves flexibility better running performance phylon midsole lightweight comfort outsole lightweight low profile zignano sole responsive ride high abrasion rubber outsole increased durability multi surface outsole optimal traction carbon rubber heel strike shoe care machine wash remove dust dirt damp clean cloth store direct sunlight,not found,4999.0,4999.0,Sports Shoes,Footwear,Shoes,1.0,White,Unknown,Unknown,Unknown,Unknown,21,632,24,0,0,0,0,1,0,0,0,0,1,1,0,0,0,8.517193191416238,0.2
86539f95-44c4-4ee5-985a-dd37ff267a03,Rockport,Rockport Men Drsp Moc Front Black Formal Shoes,slip laidback comfort moc front shoes coming rockport dressports series shoes feature uppers crafted rich leather stitch detailing extra style engineered adidas adiprene technology shoe offers day cushioning comfort making great buy upper full grain leather upper added strength durability padded tongue collar protect excessive rubbing prevent blistering lace ups snug fit perforated tongue greater breathability textile lining greater comfort brand logo embedded behind collar midsole highly shock absorbent adiprene technology infused cushioning protects heel impact day cushioned comfort polyurethane pu midsole offers durability long term wear shock absorbent cushioning help reduce foot fatigue outsole lightweight slip resistant rubber outsole delivers shock absorption thereby reducing foot fatigue truwalk architecute outsole better comfort flex grooves provide flexibility foot movement shoe care use leather brush dust dirt use leather shoe polish make shoes shine store direct sunlight,not found,8499.0,8499.0,Formal Shoes,Footwear,Shoes,0.0,Black,Unknown,Unknown,Unknown,Unknown,22,637,10,0,0,1,0,0,0,0,1,0,0,1,0,0,0,9.047821442478408,0.0
6709c0e7-c288-4fde-985d-afac051a65c9,Wrangler,Wrangler Women Blue Kangroo Pocket Tunic,composition blue black white check tunic made 100 cotton round neck full front buttoned placket collar button drawcord bust roll sleeves secured buttoned flaps curved hemline fitting comfort wash care hand wash cold water using mild detergent wash dark colours separately bleach wring tumble dry flat dry shade mild iron iron print embellishment embroidery blend ethnicity style cotton tunic wrangler wide round buttoned neck draw cord bust top gives comfort customize fit suit style statement must young girls love flowy lines also looks great would moms love flaunt round belly team slim fit jeans training pants ballerina flats cool casual look model statistics model wears size height chest 33 waist 26,not found,1295.0,1295.0,Tunics,Apparel,Topwear,1.0,Blue,Unknown,Unknown,Unknown,Unknown,27,851,33,0,0,0,0,1,1,0,0,0,0,1,0,0,0,7.16703787691222,0.2
7a9c5614-080c-4d8e-9bef-be6c2b6b0da6,New Balance,New Balance MC900 Men Others Tennis White Sports Shoes,stay light agile new balance mc900wt ultra lightweight tennis shoe built neutral platform upper breathable mesh upper lightweight synthetic overlays welded seams minimize likelihood irritation reduce overall weight lock external support system ensures snug secure fit lightly padded tongue collar added comfort midsole acteva lite midsole provides supreme compression resistance 24 lighter standard midsole foam abzorb heel cushioning maximum shock absorption outsole blown rubber outsole offers lightweight cushioning flexibility ndurance rubber material delivers optimal durability high wear areas outsole built pl last anatomically designed heel cup low instep reduced toe depth narrower width shoe care brush surface soft clean damp cloth remove dust machine wash store direct sunlight,not found,5499.0,5499.0,Sports Shoes,Footwear,Shoes,0.0,White,Unknown,Unknown,Unknown,Unknown,17,428,24,0,0,1,0,0,0,0,0,0,1,1,0,0,0,8.612503371220562,0.0
70277489-f966-4cbd-88b4-25bc3791e266,Rockport,Rockport Men Drsp Slip On Black Formal Shoes,slip laidback comfort slipon shoes coming rockport shoes feature uppers crafted rich leather stitch detailing extra style engineered adidas adiprene technology shoe offers day cushioning comfort making great buy upper full grain leather upper added strength durability padded tongue collar protect excessive rubbing prevent blistering elasticated inserts sides tongue easy insertion removal feet textile lining greater comfort brand logo embedded behind collar midsole highly shock absorbent adiprene technology infused cushioning protects heel impact day cushioned comfort polyurethane pu midsole offers durability long term wear shock absorbent cushioning help reduce foot fatigue outsole lightweight slip resistant rubber outsole delivers shock absorption thereby reducing foot fatigue truwalk architecute outsole better comfort flex grooves provide flexibility foot movement shoe care use leather brush dust dirt use leather shoe polish make shoes shine store direct sunlight,not found,7499.0,7499.0,Formal Shoes,Footwear,Shoes,0.0,Black,Unknown,Unknown,Unknown,Unknown,22,640,10,0,0,1,0,0,0,0,1,0,0,1,0,0,0,8.922658299524402,0.0
5a31b1b2-0084-412a-b2e9-efe476913ead,Rockport,Rockport Men Drsp SLip On Brown Formal Shoes,slip laidback comfort slipon shoes coming rockport shoes feature uppers crafted rich leather stitch detailing extra style engineered adidas adiprene technology shoe offers day cushioning comfort making great buy upper full grain leather upper added strength durability padded tongue collar protect excessive rubbing prevent blistering elasticated inserts sides tongue easy insertion removal feet textile lining greater comfort brand logo embedded behind collar midsole highly shock absorbent adiprene technology infused cushioning protects heel impact day cushioned comfort polyurethane pu midsole offers durability long term wear shock absorbent cushioning help reduce foot fatigue outsole lightweight slip resistant rubber outsole delivers shock absorption thereby reducing foot fatigue truwalk architecute outsole better comfort flex grooves provide flexibility foot movement shoe care use leather brush dust dirt use leather shoe polish make shoes shine store direct sunlight,not found,7499.0,7499.0,Formal Shoes,Footwear,Shoes,0.0,Brown,Unknown,Unknown,Unknown,Unknown,22,639,10,0,0,1,0,0,0,0,1,0,0,1,0,0,0,8.922658299524402,0.0
50de98d5-7240-4e48-88ea-849f9b896ccf,Reebok,Reebok Men Premier Zigfly Silver Sports Shoes,premier zigfly combines top performance running line patented zig technology lightweight shoes provide responsive ride run stylish comfortable wear performance clothes going jogs team jeans shorts shirts casual look upper smoothfit smooth seam upper offers ultimate comfort minimal irritation open mesh uppers synthetic overlays greater breathability mesh tongue greater breathability padded collar greater comfort central lacing snug fit brand name appliqued tongue synthetic overlay heel cup branding midsole playdry lining provides moisture management forefoot flex grooves flexibility better running performance phylon midsole lightweight comfort outsole lightweight low profile zignano sole responsive ride high abrasion rubber outsole increased durability multi surface outsole optimal traction carbon rubber heel strike shoe care machine wash remove dust dirt damp clean cloth store direct sunlight,not found,4999.0,4999.0,Sports Shoes,Footwear,Shoes,1.0,Silver,Unknown,Unknown,Unknown,Unknown,21,613,24,0,0,1,0,0,0,0,0,0,1,1,0,0,0,8.517193191416238,0.2
abd50f38-9f0a-4b55-8df8-0877bb3be6bd,Rockport,Rockport Men Moc Front Brown Formal Shoes,slip laidback comfort moc front shoes coming rockport dressports series shoes feature uppers crafted rich leather stitch detailing extra style engineered adidas adiprene technology shoe offers day cushioning comfort making great buy upper full grain leather upper added strength durability padded tongue collar protect excessive rubbing prevent blistering lace ups snug fit perforated tongue greater breathability textile lining greater comfort brand logo embedded behind collar midsole highly shock absorbent adiprene technology infused cushioning protects heel impact day cushioned comfort polyurethane pu midsole offers durability long term wear shock absorbent cushioning help reduce foot fatigue outsole lightweight slip resistant rubber outsole delivers shock absorption thereby reducing foot fatigue truwalk architecute outsole better comfort flex grooves provide flexibility foot movement shoe care use leather brush dust dirt use leather shoe polish make shoes shine store direct sunlight,not found,8499.0,8499.0,Formal Shoes,Footwear,Shoes,0.0,Brown,Unknown,Unknown,Unknown,Unknown,22,648,10,0,0,1,0,0,0,0,1,0,0,1,0,0,0,9.047821442478408,0.0
a39b2874-42e9-439d-9658-2fa8b058c760,Rockport,Rockport Men Drsp Plaintoe Black Formal Shoes,slip laidback comfort plaintoe shoes coming rockport shoes feature uppers crafted rich leather stitch detailing extra style engineered adidas adiprene technology shoe offers day cushioning comfort making great buy upper full grain leather upper added strength durability padded tongue collar protect excessive rubbing prevent blistering lace ups snug fit perforated tongue greater breathability textile lining greater comfort brand logo embedded behind collar midsole highly shock absorbent adiprene technology infused cushioning protects heel impact day cushioned comfort polyurethane pu midsole offers durability long term wear shock absorbent cushioning help reduce foot fatigue outsole lightweight slip resistant rubber outsole delivers shock absorption thereby reducing foot fatigue truwalk architecute outsole better comfort flex grooves provide flexibility foot movement shoe care use leather brush dust dirt use leather shoe polish make shoes shine store direct sunlight,not found,7999.0,7999.0,Formal Shoes,Footwear,Shoes,0.0,Black,Unknown,Unknown,Unknown,Unknown,22,638,10,0,0,1,0,0,0,0,1,0,0,1,0,0,0,8.987196820661973,0.0
b7009078-df35-4d25-bb4c-a2a47b43ddfe,United Colors of Benetton,United Colors of Benetton Men Tango Brown Sandals,stylish uber cool leather flip flops united colors benetton add extra bounce steps high quality leather upper cushioned footbed ideal day wear want look awesome feel great best bet team jeans chinos perfectly relaxed look never easier look spectacular classy wow upper full grain leather straps thong style durability style thread detailing added structure style fabric toe separator maximum comfort durability elevated structures forefoot ergonomic fit midsole eva midsole long term durability protection feet impact cushioned footbed day comfort fabric lining increased comfort branding footbed outsole lightweight slip resistant rubber outsole better shock absorption mesh like pattern outsole better grip surfaces shoe care wipe leather surface dry clean cloth remove dust use branded leather conditioner maintain shine store direct sunlight,not found,2299.0,2299.0,Sandals,Footwear,Sandal,0.0,Brown,Unknown,Unknown,Unknown,Unknown,24,732,18,0,0,1,0,0,1,0,0,0,0,1,0,0,0,7.7406644019172415,0.0
b374097d-fa21-4510-b2c5-237f0bfbcf5d,Nike,Nike Men As Showdown F Black T-Shirts,composition black neck shirt short sleeves made 88 polyester 12 spandex graphic print front mesh panel back neck nike swoosh printed left chest brand tab appliqued hem engineered dri fit technology fitting regular wash care machine wash cold water 30 degrees like colours use bleach softeners remove immediately allow lay wet tumble dry low cool iron iron directly print trims logo donot dry clean whether playing wimbledon local park black shirt nike give comfort flexibility require matches mesh panel back ensures better breathability games eye catching graphic print ensures centre attention engineered nike dri fit technology wicks away sweat keep dry comfortable game team tee comfortable tracks shorts ruling court jeans casual outings,not found,1895.0,1895.0,Tshirts,Apparel,Topwear,1.0,Black,Synthetic,Regular Fit,V-Neck,Unknown,18,435,32,0,0,1,0,0,0,0,0,0,1,1,0,0,0,7.547501682814967,0.2
9ace734e-f375-4bb1-afdd-a5eae993f52e,Rockport,Rockport Men Jefford Brown Formal Shoes,slip laidback comfort jefford shoes coming rockport shoes feature uppers crafted rich leather stitch detailing extra style engineered adidas adiprene technology shoe offers day cushioning comfort making great buy upper full grain leather upper added strength durability padded tongue collar protect excessive rubbing prevent blistering lace ups snug fit perforated design side heel cup stitched overlays added style midsole highly shock absorbent adiprene technology infused cushioning protects heel impact day cushioned comfort polyurethane pu midsole offers durability long term wear shock absorbent cushioning help reduce foot fatigue outsole lightweight slip resistant rubber outsole delivers shock absorption thereby reducing foot fatigue textured design grip different surfaces flex grooves provide flexibility foot movement shoe care use leather brush dust dirt use leather shoe polish make shoes shine store direct sunlight,not found,6999.0,6999.0,Formal Shoes,Footwear,Shoes,0.0,Brown,Unknown,Unknown,Unknown,Unknown,22,647,10,0,0,1,0,0,0,0,1,0,0,1,0,0,0,8.85366542803745,0.0
404cc6de-3b4e-48a7-abad-3c988bacf7f8,Clarks,Clarks Men Hang Tough Leather Black Formal Shoes,enjoy luxury royal footwear smart hang tough slip leather shoe clarks flexible non slip composition sole enhances foot luxury without compromising durability soft leather apron front makes perfect formal casual occasions upperfull grain leather upper slip style absolute comforttramline seamed stitched leather apron frontconcealed elastic side gussets easy insertion removal feetsheepskin fabric inner lining abrasion free wearmildly padded collar comforthas generous width fittingmidsoleeva midsole lightweight comfortsoft leather footbed cushioned day comfortoutsoledurable textured rubber outsole suction grooves throughout forefoot grooves heel horse shoe shape absolute grip tractionflex grooves forefoot flexible movementone piece moulded sole unit featuring cushion cell heel absolute cushioningcurved midfoot inner arch supportraised heel ergonomic comfort styleshoe carewipe surface dry clean cloth remove dustbrush using branded leather conditioner restore shoe shinedo store direct sunlight,not found,2499.0,2499.0,Formal Shoes,Footwear,Shoes,0.0,Black,Unknown,Unknown,Unknown,Unknown,3,65,10,0,0,1,0,0,0,0,1,0,0,1,0,0,0,7.824046010856292,0.0
054a4ede-2230-4267-9b38-e3b7604a39e9,Rockport,Rockport Men Ed Plaintoe Brown Formal Shoes,slip laidback comfort plaintoe shoes coming rockport signature series shoes feature nonsense upper crafted rich leather stitch detailing extra style engineered adidas adiprene technology shoe offers day cushioning comfort making great buy upper full grain leather upper added strength durability padded tongue collar protect excessive rubbing prevent blistering lace ups snug fit brand name engraved tongue midsole highly shock absorbent adiprene technology infused cushioning protects heel impact day cushioned comfort polyurethane pu midsole offers durability long term wear shock absorbent cushioning help reduce foot fatigue outsole lightweight slip resistant rubber outsole delivers shock absorption thereby reducing foot fatigue flex grooves provide flexibility foot movement textures outsole enhances grip various surfaces shoe care use leather brush dust dirt use leather shoe polish make shoes shine store direct sunlight,not found,6999.0,6999.0,Formal Shoes,Footwear,Shoes,1.0,Brown,Unknown,Unknown,Unknown,Unknown,22,645,10,0,0,1,0,0,0,0,1,0,0,1,0,0,0,8.85366542803745,0.2
51610745-376d-4d3f-beb5-572f6418c0c2,Rockport,Rockport Men Ed Plaintoe Black Formal Shoes,slip laidback comfort plaintoe shoes coming rockport signature series shoes feature nonsense upper crafted rich leather stitch detailing extra style engineered adidas adiprene technology shoe offers day cushioning comfort making great buy upper full grain leather upper added strength durability padded tongue collar protect excessive rubbing prevent blistering lace ups snug fit brand name engraved tongue midsole highly shock absorbent adiprene technology infused cushioning protects heel impact day cushioned comfort polyurethane pu midsole offers durability long term wear shock absorbent cushioning help reduce foot fatigue outsole lightweight slip resistant rubber outsole delivers shock absorption thereby reducing foot fatigue flex grooves provide flexibility foot movement textures outsole enhances grip various surfaces shoe care use leather brush dust dirt use leather shoe polish make shoes shine store direct sunlight,not found,6999.0,6999.0,Formal Shoes,Footwear,Shoes,1.0,Black,Unknown,Unknown,Unknown,Unknown,22,644,10,0,0,1,0,0,0,0,1,0,0,1,0,0,0,8.85366542803745,0.2
fbbd8b65-4ad6-48db-b62f-0707b25a6d90,United Colors of Benetton,United Colors of Benetton Men Highlander Grey Blue Casual Shoes,stylish uber cool semi formal loafers square toe design united colors benetton add extra bounce steps since laces get utmost ease made high quality leather comfortable enough worn day long want look awesome feel great best bet team jeans chinos perfectly relaxed look never easier look spectacular classy wow upper full grain leather upper added durability style slightly square toe design comfortable fit laceless design easy removal wearing shoes contrast stitch detailing increased style added structure padded collar step comfort snug fit midsole cushioned footbed day comfort outsole leather upper extended outsole forming first layer external rubber outsole embedded onto footbed stitched outsole shoe care wipe leather surface dry clean cloth remove dust use branded leather conditioner maintain shine store direct sunlight,not found,3899.0,3899.0,Casual Shoes,Footwear,Shoes,0.0,Blue,Unknown,Unknown,Unknown,Unknown,24,703,5,0,0,1,0,0,1,0,0,0,0,1,0,0,0,8.268731832117737,0.0
9cf8da5c-7e8b-43bd-8ea9-3c6e47d719ab,United Colors of Benetton,United Colors of Benetton Men HIghlander Brown Casual Shoes,stylish uber cool semi formal loafers square toe design united colors benetton add extra bounce steps since laces get utmost ease made high quality leather comfortable enough worn day long want look awesome feel great best bet team jeans chinos perfectly relaxed look never easier look spectacular classy wow upper full grain leather upper added durability style slightly square toe design comfortable fit laceless design easy removal wearing shoes contrast stitch detailing increased style added structure padded collar step comfort snug fit midsole cushioned footbed day comfort outsole leather upper extended outsole forming first layer external rubber outsole embedded onto footbed stitched outsole shoe care wipe leather surface dry clean cloth remove dust use branded leather conditioner maintain shine store direct sunlight,not found,3899.0,3899.0,Casual Shoes,Footwear,Shoes,0.0,Brown,Unknown,Unknown,Unknown,Unknown,24,702,5,0,0,1,0,0,1,0,0,0,0,1,0,0,0,8.268731832117737,0.0
5318c069-df01-476f-aae9-465a9ab7837a,Clarks,Clarks Women Shona Fringe Leather Silver Flats,take feminine dressing new level shona fringe leather sandals clarks silver beading mother pearl detailing gives added edge team dainty skirts tops girly look upper leather thong straps durability comfort leather toe separator leather lining greater comfort silver beaded design mother pearl embellishment silver leather glam style midsole lushly padded leather lined footbed embossed paisley print absolute comfort outsole kitten heel added style rubber outsole engraved paisley design forefoot horizontal grooves heel greater grip shoe care use branded leather polish keep shoes shining wipe surface soft clean cloth brush remove dust machine wash use drier store direct sunlight,not found,1999.0,1999.0,Flats,Footwear,Shoes,0.0,Silver,Unknown,Unknown,Unknown,Casual,3,86,8,0,0,0,0,1,1,0,0,0,0,1,0,0,0,7.600902459542082,0.0
80df1125-569e-4946-b479-bd84b975452a,Clarks,Clarks Women Shona Fringe Leather Brown Flats,take feminine dressing new level shona fringe leather sandals clarks bronze beading mother pearl detailing gives added edge team dainty skirts tops girly look upper leather thong straps durability comfort leather toe separator leather lining greater comfort bronze beaded design mother pearl embellishment silver leather glam style midsole lushly padded leather lined footbed embossed paisley print absolute comfort outsole kitten heel added style rubber outsole engraved paisley design forefoot horizontal grooves heel greater grip shoe care use branded leather polish keep shoes shining wipe surface soft clean cloth brush remove dust machine wash use drier store direct sunlight,not found,1999.0,1999.0,Flats,Footwear,Shoes,0.0,Brown,Unknown,Unknown,Unknown,Casual,3,85,8,0,0,0,0,1,1,0,0,0,0,0,0,0,1,7.600902459542082,0.0
97ade4a0-d9db-469b-b4de-83b1c3c0705c,Reebok,Reebok Men Speed Mode White Sports Shoes,reebok speed mode versatile running shoe features ample ventilation offers lightweight comfort keeping feet fresh comfortable day added plush dmx ride cushioning makes comfortable smooth flexible ride wear want run jog use casual wear one pair shoes many uses upperbreathable mesh upper ample ventilation reduced irritationsynthetic overlays added shoe structure durability stylelace system synthetic laces snug customized fitlushly padded tongue well cushioned collar step comfortmesh tongue maximum ventilationbrand logo sidesbrand name tongue behind collarmidsoleeva midsole lightweight responsive cushioning shock absorptiondmx foam cushioning day comfortmesh lining increased ventilation comfortoutsoletpr outsole better shock absorption durabilitywaffle pattern better grip surfacesflex grooves ease movementshoe carewipe surface soft clean dry cloth remove dustdo machine washdo store direct sunlight,not found,3299.0,3299.0,Sports Shoes,Footwear,Shoes,1.0,White,Unknown,Unknown,Unknown,Unknown,21,625,24,0,0,1,0,0,0,0,0,0,1,1,0,0,0,8.101677747454572,0.2
426f392a-4ac2-490f-b721-8769cf0edee9,Fastrack,Fastrack Men Analogue Grey Watches,stylish comfortable analog wrist watch fastrack rsquo basics collection designed love everyday accessories case diameter 35 mm case thickness mm dial shape round bull metallic case fixed bezel added durability style comfort bezel markings 25 minutes 35 55 minutes bull plastic strap perforations breathability tang clasp comfort style bull white dial arabic numbering brand name rsquo clock brand logo 12 rsquo clock marking minute marking 15 30 45 60 markings compass style bull quartz movement time display carved hands bull screw reset time bull solid case back made stainless steel enhanced durability bull water resistant 50 meters helps wear swimming,not found,595.0,595.0,Watches,Accessories,Watches,0.0,Grey,Unknown,Unknown,Unknown,Unknown,8,214,34,0,0,1,0,0,1,0,0,0,0,0,0,0,1,6.39024066706535,0.0
8ed1681c-3267-4125-aef4-8c296725400c,Rockport,Rockport Men Bal Brown Casual Shoes,slip laidback comfort sport bal shoes coming rockport shoes feature uppers crafted leather sporty style engineered adidas adiprene technology shoe offers day cushioning comfort making great buy upper leather upper overlays added strength durability padded tongue collar protect excessive rubbing prevent blistering lace ups snug fit contrast stitch detailing added style reinforcement brand logo embedded behind collar midsole highly shock absorbent adiprene technology infused cushioning protects heel impact day cushioned comfort polyurethane pu midsole offers durability long term wear shock absorbent cushioning help reduce foot fatigue outsole rubber outsole delivers shock absorption thereby reducing foot fatigue textured surface provides better grip surfaces flex grooves provide flexibility foot movement shoe care use leather brush dust dirt use leather shoe polish make shoes shine store direct sunlight,not found,6999.0,6999.0,Casual Shoes,Footwear,Shoes,0.0,Brown,Unknown,Unknown,Unknown,Unknown,22,635,5,0,0,1,0,0,1,0,0,0,0,1,0,0,0,8.85366542803745,0.0
98ab8a5a-49ef-4da6-a3e5-2d7ab7d09a2b,Puma,Puma Men Rugby Navy Blue Polo Tshirts,composition navy blue grey striped polo neck shirt made 100 cotton short sleeves cotton tipped collar buttoned chest placket collection print back brand badge right chest jumping cat printed left chest fitting regular wash care machine wash separately cold water using mild detergent bleach avoid soaking line dry inside shade warm iron iron directly print embroidery flaunt brand statement style striped shirt puma energetic jumping cat chest exudes fiery vibes pure cotton fabric keeps fresh comfortable day long team sportswear fitness drive jeans sports shoes cool casual look model statistics model wears size shirts height shoulders 18,not found,1599.0,1599.0,Tshirts,Apparel,Topwear,1.0,Navy Blue,Cotton,Unknown,Polo Collar,Casual,20,548,32,0,0,1,0,0,1,0,0,0,0,1,0,0,0,7.3777589082278725,0.2
3dfd8a1b-c2cb-4704-a9d0-b492cfabb7e7,Puma,Puma Men Rugby Orange Tshirts,composition orange brown striped polo neck shirt made 100 cotton short sleeves cotton tipped collar buttoned chest placket collection print back brand badge right chest jumping cat printed left chest fitting regular wash care machine wash separately cold water using mild detergent bleach avoid soaking line dry inside shade warm iron iron directly print embroidery flaunt brand statement style striped shirt puma energetic jumping cat chest exudes fiery vibes pure cotton fabric keeps fresh comfortable day long team sportswear fitness drive jeans sports shoes cool casual look model statistics model wears size shirts height shoulders 18,not found,1599.0,1599.0,Tshirts,Apparel,Topwear,1.0,Orange,Cotton,Regular Fit,Polo Collar,Unknown,20,549,32,0,0,1,0,0,1,0,0,0,0,1,0,0,0,7.3777589082278725,0.2
d4aa3d39-1238-4214-b9d5-2337b8a8f7cb,Fastrack,Fastrack Men Analogue Leather Steel Watches,stylish comfortable analog wrist watch fastrack rsquo biker rsquo collection designed love everyday accessories hit road style designed dial rock star look case diameter 40 mm case thickness mm dial shape modified rectangle bull metallic case fixed bezel added durability style comfort bull leather strap tang clasp comfort style bull black dial arabic numbering rsquo clock 10 12 rsquo clock brand name marking rsquo clock brand logo 12 rsquo clock marking bull quartz movement time display carved hands bull screw reset time bull solid case back made stainless steel enhanced durability bull water resistant 50 meters helps wear swimming,not found,1995.0,1995.0,Watches,Accessories,Watches,0.0,Steel,Unknown,Unknown,Unknown,Unknown,8,215,34,0,0,1,0,0,1,0,0,0,0,0,0,0,1,7.59890045687141,0.0
fc99c9ab-a194-44f2-b65d-25a5153d6da6,Rockport,Rockport Men TR Bal Black Casual Shoes,slip laidback comfort sport bal shoes coming rockport shoes feature uppers crafted leather sporty style engineered adidas adiprene technology shoe offers day cushioning comfort making great buy upper leather upper overlays added strength durability padded tongue collar protect excessive rubbing prevent blistering lace ups snug fit contrast stitch detailing added style reinforcement brand logo embedded behind collar midsole highly shock absorbent adiprene technology infused cushioning protects heel impact day cushioned comfort polyurethane pu midsole offers durability long term wear shock absorbent cushioning help reduce foot fatigue outsole rubber outsole delivers shock absorption thereby reducing foot fatigue textured surface provides better grip surfaces flex grooves provide flexibility foot movement shoe care use leather brush dust dirt use leather shoe polish make shoes shine store direct sunlight,not found,5999.0,5999.0,Casual Shoes,Footwear,Shoes,1.0,Black,Unknown,Unknown,Unknown,Unknown,22,650,5,0,0,1,0,0,1,0,0,0,0,1,0,0,0,8.699514748210191,0.2
a8cf8131-76c1-4f05-82c6-4243b5955948,Puma,Puma Men Black Polo Tshirts,composition black polo neck shirt made 100 cotton short sleeves ribbed tipped collar orange fabric tape inseam buttoned chest placket printed leaping cap logo left chest brand badge right hem fitting regular wash care machine wash separately cold water using mild detergent bleach avoid soaking line dry inside shade warm iron iron directly print embroidery warm enjoy healthy sporting style puma polo neck shirt made pure cotton fabric sure stay fresh comfortable day long jumping cat logo enhances fashion statement team sportswear fitness drive jeans sports shoes cool casual look model statistics model wears size shirts height shoulders 18,not found,699.0,699.0,Tshirts,Apparel,Topwear,1.0,Black,Cotton,Unknown,Polo Collar,Casual,20,508,32,0,0,1,0,0,1,0,0,0,0,1,0,0,0,6.551080335043404,0.2
78ef71ff-09bf-434b-87a0-09fb0931b32a,Puma,Puma Men Rugby Grey Tshirts,composition red grey striped polo neck shirt made 100 cotton short sleeves cotton tipped collar buttoned chest placket collection print back brand badge right chest jumping cat printed left chest fitting regular wash care machine wash separately cold water using mild detergent bleach avoid soaking line dry inside shade warm iron iron directly print embroidery flaunt brand statement style striped shirt puma energetic jumping cat chest exudes fiery vibes pure cotton fabric keeps fresh comfortable day long team sportswear fitness drive jeans sports shoes cool casual look model statistics model wears size shirts height shoulders 18,not found,1599.0,1599.0,Tshirts,Apparel,Topwear,1.0,Grey,Cotton,Regular Fit,Polo Collar,Unknown,20,547,32,0,0,1,0,0,1,0,0,0,0,1,0,0,0,7.3777589082278725,0.2
6e093e72-9efc-4792-99c5-ee4304328df4,Rockport,Rockport Men Tr Bal Brown Casual Shoes,slip laidback comfort sport bal shoes coming rockport shoes feature uppers crafted leather sporty style engineered adidas adiprene technology shoe offers day cushioning comfort making great buy upper leather upper overlays added strength durability padded tongue collar protect excessive rubbing prevent blistering lace ups snug fit contrast stitch detailing added style reinforcement brand logo embedded behind collar midsole highly shock absorbent adiprene technology infused cushioning protects heel impact day cushioned comfort polyurethane pu midsole offers durability long term wear shock absorbent cushioning help reduce foot fatigue outsole rubber outsole delivers shock absorption reducing foot fatigue textured surface provides better grip surfaces flex grooves provide flexibility foot movement shoe care use leather brush dust dirt use leather shoe polish make shoes shine store direct sunlight,not found,6999.0,6999.0,Casual Shoes,Footwear,Shoes,0.0,Brown,Unknown,Unknown,Unknown,Unknown,22,651,5,0,0,1,0,0,1,0,0,0,0,1,0,0,0,8.85366542803745,0.0
ad0101e0-9703-462e-93d6-e155ec6669f6,Flying Machine,Flying Machine Women Blue Jeans,composition washed blue skinny jeans made 98 cotton spandex two insert pockets front side two patch pockets back thread detailing brand patch appliqued waistband back metal zipper button closure fit low rise skinny fit wash care machine wash cold water tumble dry turn inside drying dry direct sunlight use warm iron iron print denim person washed blue skinny jeans flying machine delight low rise great skinny fit might want take pull perfect companion shirts sexy tops size fitthe model height height chest 33 wearing size active,not found,1599.0,799.0,Jeans,Apparel,Bottomwear,0.0,Blue,Cotton,Skinny Fit,Unknown,Casual,9,263,15,0,0,0,0,1,1,0,0,0,0,1,0,0,0,7.3777589082278725,0.0
fc62b90a-ef39-4c25-a9ec-5d63403a559e,Puma,Puma Men Bts Navy Blue Tshirts,composition navy blue shirt made 100 cotton short sleeves round neck graphic print white patch left sleeve right shoulder blade puma leaping cat right chest fitting regular wash care machine wash separately cold water using mild detergent bleach avoid soaking line dry inside shade warm iron iron directly print embroidery warm enjoy healthy sporting style puma shirt made pure cotton fabric sure stay fresh comfortable day long stylish white patch running across chest left waist sleeve right shoulder blade enhances style quotient team sportswear fitness drive jeans sandals cool casual look model statistics model wears size shirts height shoulders 18,not found,999.0,999.0,Tshirts,Apparel,Topwear,1.0,Navy Blue,Cotton,Regular Fit,Round Neck,Unknown,20,513,32,0,0,1,0,0,1,0,0,0,0,1,0,0,0,6.907755278982137,0.2
12bb3341-d5ea-49ec-ad52-e5c803fc38f0,Clarks,Clarks Women Arizona Metallic Leather Silver Ballerinas,take feminine dressing new level arizona slip ons clarks leahter stitch detailing around mouth shoe pleated look gives added edge team dainty skirts tops girly look upperleather uppers durability comfortmetallic colour stitch detailing mouth shoe pleated effect added styleleather line added comfortmidsolelushly cushioned footbed perforated cushion forefoot absolute comfortoutsolerubber outsole circular nubs forefoot heel better gripflex grooves forefoot heel better flexibilty feetshoe careuse branded leather polish keep shoes shiningwipe surface soft clean cloth brush remove dustdo machine wash use drierdo store direct sunlight,not found,2999.0,2999.0,Flats,Footwear,Shoes,0.0,Silver,Unknown,Unknown,Unknown,Casual,3,78,8,0,0,0,0,1,1,0,0,0,0,1,0,0,0,8.006367567650246,0.0
55b0dcd0-d4ad-480d-a278-459e8c50a97e,Wrangler,Wrangler Women Smocked Yoke Purple Tops,composition purple pinstriped shirt made 100 cotton tipped collar chest button placket three fourth cuff sleeves curved hemline embroidered branding left hip fitting comfort wash care hand wash cold water using mild detergent wash dark colours separately bleach wring tumble dry flat dry shade mild iron iron print embellishment embroidery perfect style great comfort purple striped shirt wrangler makes great semi formal wear three fourth cuff sleeves create feel casual comfort fabric keeps fresh comfortable day team formal trousers blazer pumps meeting simply pair slim fit jeans heeled sandals ooze style model statistics model wears size shirts height chest 33 waist 26,not found,1095.0,1095.0,Tops,Apparel,Topwear,0.0,Purple,Blended,Unknown,Shirt Collar,Casual,27,866,28,0,0,0,0,1,1,0,0,0,0,1,0,0,0,6.999422467507961,0.0
bc823081-370c-4833-9273-310169cc7e9c,Wrangler,Wrangler Women Smocked Yoke Blue Tops,composition teal blue pinstriped shirt made 100 cotton tipped collar chest button placket three fourth cuff sleeves curved hemline embroidered branding left hip fitting comfort wash care hand wash cold water using mild detergent wash dark colours separately bleach wring tumble dry flat dry shade mild iron iron print embellishment embroidery perfect style great comfort teal blue striped shirt wrangler makes great semi formal wear three fourth cuff sleeves create feel casual comfort fabric keeps fresh comfortable day team formal trousers blazer pumps meeting simply pair slim fit jeans heeled sandals ooze style model statistics model wears size shirts height chest 33 waist 26,not found,1095.0,1095.0,Tops,Apparel,Topwear,1.0,Blue,Blended,Unknown,Shirt Collar,Casual,27,865,28,0,0,0,0,1,1,0,0,0,0,1,0,0,0,6.999422467507961,0.2
d6ad13ed-4523-4c97-8ff2-876bf38dd1b4,Reebok,Reebok Men Raceon White Sports Shoes,reebok raceon versatile running shoe features ample ventilation offers lightweight comfort keeping feet fresh comfortable day added plush dmx ride cushioning makes comfortable smooth flexible ride wear want run jog use casual wear upperbreathable mesh upper ample ventilation reduced irritationsynthetic overlays added shoe structure durability stylelace system synthetic laces snug customized fitlushly padded tongue well cushioned collar step comfortbrand name tongue behind collarmidsolephylon midsole lightweight responsive cushioning shock absorptiondmx ride foam cushioning day comfortmesh lining increased ventilation comfortoutsolenon marking tpr outsole better shock absorption durabilitytransition bridge ultimate heel toe responsewaffle pattern grip excellent tractionscooped heel extra cushioning comfortshoe carewipe surface soft clean dry cloth remove dustdo machine washdo store direct sunlight,not found,4999.0,4999.0,Sports Shoes,Footwear,Shoes,1.0,White,Unknown,Unknown,Unknown,Unknown,21,618,24,0,0,1,0,0,0,0,0,0,1,1,0,0,0,8.517193191416238,0.2
f5df7204-ceb4-4db4-94ab-2b5d81baef38,Clarks,Clarks Women Shavi Knot Leather Brown Heels,take feminine dressing new level shavi knot sandals clarks knotted bronze strap detailing wedge heel gives added edge team dainty skirts tops girly look upper leather uppers comprised knotted straps covering forefoot extending along midfoot encircle ankle metallic colour finish added style ankle strap buckle closure snug fit midsole lushly cushioned footbed engraved paisley design absolute comfort outsole wedge heel added style cork textured rubber outsole paisley engraved design forefoot better grip shoe care use branded leather polish keep shoes shining wipe surface soft clean cloth brush remove dust machine wash use drier store direct sunlight,not found,1999.0,1999.0,Heels,Footwear,Shoes,0.0,Brown,Unknown,Unknown,Unknown,Unknown,3,84,13,0,0,0,0,1,1,0,0,0,0,1,0,0,0,7.600902459542082,0.0
262d9744-74e0-4d7a-b634-fa3ff134c13e,ESPRIT,Esprit Women Spark Black White Silver Watches,taking traditional designs giving modern twist makes esprit watches timeless timepieces classic spark analog wrist watch esprit exception contemporary trendy rsquo affordable timepiece exquisite design highlights individuality case diameter 40 mm case thickness mm dial shape round polished nickel free stainless steel case cut square zircon stones black crystals fixed bezel added durability style comfort leather strap buckle clasp durable scratch resistant mineral crystal glass white dial embossed numbering 12 rsquo clock decorated zircon crystals embossed lines hour markings date socket rsquo clock position quartz movement time display screw reset time solid case back enhanced durability water resistance 30 meters allowing use washing hands car,not found,5995.0,5995.0,Watches,Accessories,Watches,0.0,Silver,Unknown,Unknown,Unknown,Unknown,7,210,34,0,0,0,0,1,1,0,0,0,0,0,0,0,1,8.698847859222488,0.0
500d7962-cd2a-448d-bbdc-c1513e66f739,ESPRIT,Esprit Women Spark Pink Silver Watches,taking traditional designs giving modern twist makes esprit watches timeless timepieces classic spark analog wrist watch esprit exception contemporary trendy rsquo affordable timepiece exquisite design highlights individuality case diameter 40 mm case thickness mm dial shape round polished nickel free stainless steel case cut square zircon stones pink crystals fixed bezel added durability style comfort leather strap buckle clasp durable scratch resistant mineral crystal glass white dial embossed numbering 12 rsquo clock decorated zircon crystals embossed lines hour markings date socket rsquo clock position quartz movement time display screw reset time solid case back enhanced durability water resistance 30 meters allowing use washing hands car,not found,5995.0,5995.0,Watches,Accessories,Watches,0.0,Silver,Unknown,Unknown,Unknown,Unknown,7,211,34,0,0,0,0,1,1,0,0,0,0,0,0,0,1,8.698847859222488,0.0
db747ffd-04b9-4901-90f1-0ce940c3a3b6,Reebok,Reebok Women Aviator Grey Sports Shoes,reebok aviator versatile running shoe features ample ventilation offers lightweight comfort keeping feet fresh comfortable day attractive durable tpr outsole perfect running jogging sessions also work well day casual wear upperbreathable mesh upper ample ventilation reduced irritationsynthetic overlays added shoe structure durability stylelace system synthetic laces snug customized fitlushly padded tongue well cushioned collar step comfortmesh tongue maximum ventilationbrand name tongue lateral side behind collarmidsoleeva midsole lightweight responsive cushioning shock absorptioncushioned footbed day comfortfabric lining increased comfortoutsoletpr outsole better shock absorption durabilitycircular triangular lugs better traction surfacestextured pattern heel improved gripflex grooves ease movementshoe carewipe surface soft clean dry cloth remove dustdo machine washdo store direct sunlight,not found,1799.0,1799.0,Sports Shoes,Footwear,Shoes,1.0,Grey,Unknown,Unknown,Unknown,Unknown,21,630,24,0,0,0,0,1,0,0,0,0,1,1,0,0,0,7.495541943884256,0.2
6a712124-3158-4482-a9c5-07964a34d43b,Clarks,Clarks Men Dino Limit Leather Black Formal Shoes,smart work formal wear dino limit black leather shoe clarks absolutely stylish punched detailing classic men rsquo brogue comes active air technology anti bacterial lining makes healthy comfortable day wear upperfull leather upper strategically placed overlays punched design detailing breathable comfort stylelacing system snug customized fitbrand name embossed lateral ankle stylemidsolepu midsole lightweight comfortdouble layered footbed rsquo flatten easily offering soft cushioned day comfort bacterial lining safe healthy wearoutsolehardwearing outsole made tpu rubber long lasting wearcircular grooves forefoot back heel absolute grip tractionenabled active air technology day comfortable wearoutsole stitched midsole foot arch region greater durabilityraised heel ergonomic comfort styleshoe carewipe surface dry clean cloth remove dustbrush using branded leather conditioner restore shoe shinedo store direct sunlight,not found,5999.0,5999.0,Formal Shoes,Footwear,Shoes,0.0,Black,Unknown,Unknown,Unknown,Unknown,3,57,10,0,0,1,0,0,0,0,1,0,0,1,0,0,0,8.699514748210191,0.0
fbd2dca0-a600-4ac4-85e9-4970192f4f2e,Puma,Puma Men Knitted Navy Blue Sweater,composition navy blue knit shirt made 100 cotton ribbed neck yellow lining full sleeves ribbed cuffs yellow detailing two thick yellow bands left sleeve elbow embroidered coloured branding left chest ribbed hem yellow detailing fitting regular wash care machine wash separately cold water using mild detergent bleach avoid soaking line dry inside shade warm iron iron directly print embroidery flaunt brand statement style knit shirt puma full sleeves pure cotton fabric sure keep winter chill bay saunter around warm sun team jeans sports shoes cool casual look model statistics model wears size shirts height shoulders 18,not found,2099.0,2099.0,Sweaters,Apparel,Topwear,0.0,Navy Blue,Unknown,Unknown,Unknown,Unknown,20,532,25,0,0,1,0,0,1,0,0,0,0,1,0,0,0,7.649692623711514,0.0
a4e71845-f3c2-4fee-85d4-b856e1827c67,Puma,Puma Men Heritage Navy Blue Polo Tshirts,composition grey polo neck shirt made 100 cotton short sleeves ribbed hems blue lining ribbed tipped collar blue lining grey blue inseam buttoned chest placket embroidered branding left chest fitting regular wash care machine wash separately cold water using mild detergent bleach avoid soaking line dry inside shade warm iron iron directly print embroidery flaunt brand statement style polo neck shirt puma energetic jumping cat chest exudes fiery vibes pure cotton fabric keeps fresh comfortable day long team sportswear fitness drive jeans semi formal shoes cool casual look model statistics model wears size shirts height shoulders 18,not found,1099.0,1099.0,Tshirts,Apparel,Topwear,1.0,Navy Blue,Cotton,Unknown,Polo Collar,Casual,20,527,32,0,0,1,0,0,1,0,0,0,0,1,0,0,0,7.003065458786462,0.2
70a16b61-8526-4ea2-9022-5847199286cb,Clarks,Clarks Men Hang Work Leather Black Formal Shoes,perfect formal shoe smart hang work slip leather shoe offers absolute relaxed comfort soft leather fabric inner lining rounded toe raised stitch detailing shoe great addition wardrobe upperfull grain leather upper slip style absolute comfortdecorative strap tongue midfoot support styleraised stitch detailing durability stylerounded toe easy movement toes within shoemildly padded collar comforthas generous width fittingpart leather part textile inner lining abrasion free wearmidsoleman made eva midsole lightweight comfortsoft leather footbed cuhsioned day comfortoutsoledurable textured rubber outsole suction grooves throughout forefoot grooves heel horse shoe shape absolute grip tractionflex grooves forefoot flexible movementcurved midfoot inner arch supportraised heel ergonomic comfort styleshoe carewipe surface dry clean cloth remove dustbrush using branded leather conditioner restore shoe shinedo store direct sunlight,not found,2499.0,2499.0,Formal Shoes,Footwear,Shoes,0.0,Black,Unknown,Unknown,Unknown,Unknown,3,66,10,0,0,1,0,0,0,0,1,0,0,1,0,0,0,7.824046010856292,0.0
2047684e-299f-44a0-85b0-1fc3481f27e2,Puma,Puma Men Knitted Red Sweaters,composition red knit shirt made 100 cotton ribbed neck white lining full sleeves ribbed cuffs white detailing two thick white bands left sleeve elbow embroidered coloured branding left chest ribbed hem white detailing fitting regular wash care machine wash separately cold water using mild detergent bleach avoid soaking line dry inside shade warm iron iron directly print embroidery flaunt brand statement style knit shirt puma full sleeves pure cotton fabric sure keep winter chill bay saunter around warm sun team jeans sports shoes cool casual look model statistics model wears size shirts height shoulders 18,not found,2099.0,2099.0,Sweaters,Apparel,Topwear,0.0,Red,Unknown,Unknown,Unknown,Unknown,20,533,25,0,0,1,0,0,1,0,0,0,0,1,0,0,0,7.649692623711514,0.0
d341386d-a6c8-47d0-ad8d-c9f7f3eb98d0,Puma,Puma Men Heritage Black Polo Tshirts,composition black polo neck shirt made 100 cotton short sleeves ribbed hems white lining ribbed tipped collar white lining grey inseam buttoned chest placket embroidered branding left chest fitting regular wash care machine wash separately cold water using mild detergent bleach avoid soaking line dry inside shade warm iron iron directly print embroidery flaunt brand statement style black polo neck shirt puma energetic jumping cat chest exudes fiery vibes pure cotton fabric keeps fresh comfortable day long team sportswear fitness drive jeans semi formal shoes cool casual look model statistics model wears size shirts height shoulders 18,not found,1099.0,1099.0,Tshirts,Apparel,Topwear,1.0,Black,Cotton,Unknown,Polo Collar,Casual,20,526,32,0,0,1,0,0,1,0,0,0,0,1,0,0,0,7.003065458786462,0.2
3ab2a678-ed1c-4728-9d07-d25cbba6305c,ESPRIT,Esprit Women Pure Vitality Black Steel Watches,taking traditional designs giving modern twist makes esprit watches timeless timepieces classic pure vitality analog wrist watch esprit exception contemporary trendy rsquo affordable timepiece exquisite design highlights individuality case diameter 28 mm case thickness mm dial shape rectangle matt finish stainless steel case horizontal grooves fixed bezel added durability style comfort leather strap reptile embossing matt finish tang clasp branding durable scratch resistant mineral crystal glass black textured dial silver accents branding 12 rsquo clock position lines denoting hour markings quartz movement time display screw reset time solid case back stainless steel enhanced durability water resistance 30 meters allowing use washing hands car,not found,4795.0,4795.0,Watches,Accessories,Watches,0.0,Steel,Unknown,Unknown,Unknown,Unknown,7,199,34,0,0,0,0,1,1,0,0,0,0,0,0,0,1,8.475537516147405,0.0
985ffb89-2d57-41a3-b533-f86bada13ffd,United Colors of Benetton,United Colors of Benetton Men Solid White Tshirts,composition white neck shirt made 100 cotton ribbed neckline short sleeves embroidered big ben logo left chest fitting comfort wash care delicate machine wash 30 degrees using mild detergent dry clean tumble dry wring scrub bleach dry flat shade warm iron iron directly print embroidery subtle stylish white shirt united colors benetton speaks volumes sense heightened style embroidered big ben logo left chest enhances royal fashion statement short sleeves contour well toned arms perfectly team jeans lifestyle sportswear cool casual look model statistics model wears size shirts height shoulders 18,not found,899.0,899.0,Tshirts,Apparel,Topwear,0.0,White,Cotton,Regular Fit,V-Neck,Unknown,24,728,32,0,0,1,0,0,1,0,0,0,0,1,0,0,0,6.802394763324311,0.0
b7a49fa6-3d48-4106-8d23-3c09491de2b7,ESPRIT,Esprit Women Cine Citta White Watches,taking traditional designs giving modern twist makes esprit watches timeless timepieces classic cinecitta analog wrist watch esprit exception contemporary trendy rsquo affordable timepiece exquisite design highlights individuality case diameter 22 mm case thickness mm dial shape round stainless steel case fixed bezel added durability style comfort stainless bracelet strap crystal embellishments jewellery clasp durable scratch resistant mineral crystal glass white dial crystal embellishments quarterly hour displays brand name appliqu rsquo clock marking two silver tone sword hands quartz movement time display screw reset time day date solid case back enhanced durability water resistance 30 meters allows use washing hands car,not found,5495.0,5495.0,Watches,Accessories,Watches,0.0,White,Unknown,Unknown,Unknown,Unknown,7,175,34,0,0,0,0,1,1,0,0,0,0,0,0,0,1,8.611775833902186,0.0
20cdcafe-6b05-4fd6-9a87-27911bd1a053,Wrangler,Wrangler Women Check Purple Shirt,composition purple white checked shirt made 100 cotton three fourth cuff sleeves split neckline tipped collar full front button placket two flap chest pockets chest two pockets waist curved hemline fitting comfort wash care hand wash cold water using mild detergent wash dark colours separately bleach wring tumble dry flat dry shade mild iron iron print embellishment embroidery perfect style great comfort checked shirt wrangler makes great casual wear long sleeves create feel casual comfort fabric keeps fresh comfortable day team slim fit jeans sandals ooze style model statistics model wears size shirts height chest 33 waist 26,not found,1195.0,1195.0,Shirts,Apparel,Topwear,1.0,Purple,Cotton,Regular Fit,Unknown,Unknown,27,852,20,0,0,0,0,1,1,0,0,0,0,1,0,0,0,7.086737934510577,0.2
d9fe671e-2303-4121-af2e-0bae4143f0e1,Wrangler,Wrangler Women Check Red Shirt,composition red white checked shirt made 100 cotton three fourth cuff sleeves split neckline tipped collar full front button placket two flap chest pockets chest two pockets waist curved hemline fitting comfort wash care hand wash cold water using mild detergent wash dark colours separately bleach wring tumble dry flat dry shade mild iron iron print embellishment embroidery perfect style great comfort checked shirt wrangler makes great casual wear long sleeves create feel casual comfort fabric keeps fresh comfortable day team slim fit jeans sandals ooze style model statistics model wears size shirts height chest 33 waist 26,not found,1195.0,1195.0,Shirts,Apparel,Topwear,1.0,Red,Cotton,Regular Fit,Unknown,Unknown,27,853,20,0,0,0,0,1,1,0,0,0,0,1,0,0,0,7.086737934510577,0.2
0b790ca6-e116-4054-9d87-9f5e608893f0,Puma,Puma Men Large Logo Ringer Black Tshirts,composition black round neck shirt made 100 cotton short sleeves brand badge left hem white collar sleeve hems printed brand name chest jumping cat chest back neck fitting regular wash care machine wash separately cold water using mild detergent bleach avoid soaking line dry inside shade warm iron iron directly print embroidery flaunt brand statement style black ringer shirt puma energetic jumping cat chest exudes fiery vibes pure cotton fabric keeps fresh comfortable day long team sportswear fitness drive jeans black leather sandals cool casual look model statistics model wears size shirts height shoulders 18,not found,699.0,699.0,Tshirts,Apparel,Topwear,0.0,Black,Cotton,Regular Fit,Round Neck,Unknown,20,534,32,0,0,1,0,0,1,0,0,0,0,1,0,0,0,6.551080335043404,0.0
2b094dbf-e298-4bee-a635-580ffbdd6ada,Clarks,Clarks Men Energise Me Leather Black Formal Shoes,designed smooth aniline leather energise shoes clarks depth character stylish classic slip formal shoe makes pair even better engineered atsu technology ensures feet offered constant massage keeping energised day long upperfull smooth leather upper slip style absolute comfortcomplete inner lining leather breathable comfortelasticated gores sides easy wear removalstitch detailing maximise durabilitymidsoleeva midsole lightweight comfortsoft leather footbed atsu technology massaged day comfortoutsoletpu tpr outsole multi directional grooves forefoot heel absolute grip tractionflex grooves forefoot flexible movementpivot point heel easy turning footcurved midfoot ergonomic comforthorse shoe shaped raised heel ergonomic comfort styleshoe carewipe surface dry clean cloth remove dustbrush using branded leather conditioner restore shoe shinedo store direct sunlight,not found,4999.0,4999.0,Formal Shoes,Footwear,Shoes,0.0,Black,Unknown,Unknown,Unknown,Unknown,3,58,10,0,0,1,0,0,0,0,1,0,0,0,0,1,0,8.517193191416238,0.0
c0371d9b-50b8-4d25-87a9-b908a829f88e,Puma,Puma Men Large Logo Ringer White Tshirts,composition white round neck shirt made 100 cotton short sleeves brand badge left hem green collar sleeve hems printed brand name chest jumping cat chest back neck fitting regular wash care machine wash separately cold water using mild detergent bleach avoid soaking line dry inside shade warm iron iron directly print embroidery flaunt brand statement style white ringer shirt puma energetic jumping cat chest exudes fiery vibes pure cotton fabric keeps fresh comfortable day long team sportswear fitness drive jeans black leather sandals cool casual look model statistics model wears size shirts height shoulders 18,not found,699.0,699.0,Tshirts,Apparel,Topwear,0.0,White,Cotton,Regular Fit,Round Neck,Unknown,20,536,32,0,0,1,0,0,1,0,0,0,0,1,0,0,0,6.551080335043404,0.0
cce3b107-0695-49ab-ab74-c97f757784a9,ESPRIT,Esprit Women Rough Chic Gold Watch,taking traditional designs giving modern twist makes esprit watches timeless timepieces classic rough chic analog wrist watch esprit exception contemporary trendy rsquo affordable timepiece exquisite design highlights individuality case diameter 22 mm case thickness 11 mm dial shape rectangle redgold polished stainless steel case fixed bezel added durability style comfort leather strap intertwined redgold polished stainless steel strap tang clasp branding durable scratch resistant mineral crystal glass white dial zircon crystal indices marking 12 rsquo clock positions polished hands quartz movement time display screw reset time solid case back enhanced durability water resistance 30 meters allowing use washing hands car,not found,6495.0,6495.0,Watches,Accessories,Watches,0.0,Gold,Unknown,Unknown,Unknown,Unknown,7,204,34,0,0,0,0,1,1,0,0,0,0,0,0,0,1,8.778941881841513,0.0
f81f9fa4-fc9f-403c-89df-3e801a133ddd,Puma,Puma Men Large Logo Ringer Blue Tshirts,composition greyish blue round neck shirt made 100 cotton short sleeves brand badge left hem light blue collar sleeve hems printed brand name chest jumping cat chest back neck fitting regular wash care machine wash separately cold water using mild detergent bleach avoid soaking line dry inside shade warm iron iron directly print embroidery flaunt brand statement style ringer shirt puma energetic jumping cat chest exudes fiery vibes pure cotton fabric keeps fresh comfortable day long team sportswear fitness drive jeans black leather sandals cool casual look model statistics model wears size shirts height shoulders 18,not found,699.0,699.0,Tshirts,Apparel,Topwear,1.0,Blue,Cotton,Regular Fit,Round Neck,Unknown,20,535,32,0,0,1,0,0,1,0,0,0,0,1,0,0,0,6.551080335043404,0.2
004f7c8a-c95a-469b-83cf-be2f94a859d2,Wrangler,Wrangler Women Purple T-shirt,composition purple shirt made 100 pique cotton short mildly puff sleeves ribbed hems tipped ribbed collar buttoned chest placket branding stone embellishments left chest fitting comfort wash care hand wash cold water using mild detergent wash dark colours separately bleach wring tumble dry flat dry shade mild iron iron print embellishment embroidery perfect style great comfort stylish shirt wrangler makes great casual wear short puffed sleeves create feel casual comfort enhance feminine side fabric keeps fresh comfortable day team slim fit jeans sandals ooze style model statistics model wears size shirts height chest 33,not found,1095.0,1095.0,Tshirts,Apparel,Topwear,1.0,Purple,Cotton,Regular Fit,Polo Collar,Casual,27,864,32,0,0,0,0,1,1,0,0,0,0,1,0,0,0,6.999422467507961,0.2
934bbd5d-5754-4704-9d85-875f66eede39,Clarks,Clarks Women Leather Silver Flats,take feminine dressing new level silvi spice leather sandals clarks metallic leather straps gives added edge team dainty skirts tops girly look upper metallic leather thong straps durability comfort metallic leather across forefoot thong straps added style midsole lushly padded leather lined footbed perforated design thong straps absolute comfort outsole rubber outsole paisley engraved design forefoot heel greater grip heel ergonomic comfort shoe care use branded leather polish keep shoes shining wipe surface soft clean cloth brush remove dust machine wash use drier store direct sunlight,not found,1199.0,1199.0,Flats,Footwear,Shoes,0.0,Silver,Unknown,Unknown,Unknown,Casual,3,81,8,0,0,0,0,1,1,0,0,0,0,0,0,0,1,7.090076835776092,0.0
55f7ed99-793f-440a-bde4-816264c30322,Wrangler,Wrangler Women Studd Polo Pink T-shirt,composition pink shirt made 100 pique cotton short mildly puff sleeves ribbed hems tipped ribbed collar buttoned chest placket branding stone embellishments left chest fitting comfort wash care hand wash cold water using mild detergent wash dark colours separately bleach wring tumble dry flat dry shade mild iron iron print embellishment embroidery perfect style great comfort stylish shirt wrangler makes great casual wear short puffed sleeves create feel casual comfort enhance feminine side fabric keeps fresh comfortable day team slim fit jeans sandals ooze style model statistics model wears size shirts height chest 33,not found,1095.0,1095.0,Tshirts,Apparel,Topwear,1.0,Pink,Cotton,Regular Fit,Polo Collar,Casual,27,867,32,0,0,0,0,1,1,0,0,0,0,1,0,0,0,6.999422467507961,0.2
f023c5ac-073a-4aca-81c8-1878611f5c1b,United Colors of Benetton,United Colors of Benetton Men Speeder Yellow Flip Flops,heart desires utmost style comfort deprive pleasure flip flops united colors benetton offer fantastic look coupled unbelievable day comfort want look awesome feel great best bet team jeans shorts perfectly relaxed look never easier look spectacular cool wow upper rubber straps thong style durability comfort rubber toe separator maximum comfort durability midsole mildly cushioned footbed day comfort graphic print branding footbed outsole lightweight slip resistant rubber outsole better shock absorption diamond shaped grooves outsole better traction surfaces shoe care wipe surface soft clean dry cloth remove dust machine wash store direct sunlight,not found,699.0,699.0,Flip Flops,Footwear,Flip Flops,0.0,Yellow,Unknown,Unknown,Unknown,Unknown,24,730,9,0,0,1,0,0,1,0,0,0,0,1,0,0,0,6.551080335043404,0.0
fbef1218-8aa4-4d22-b012-a4c5dbfb356f,United Colors of Benetton,United Colors of Benetton Men Carribean Red Flip Flops,heart desires utmost style comfort deprive pleasure flip flops united colors benetton offer fantastic look coupled unbelievable day comfort want look awesome feel great best bet team jeans shorts perfectly relaxed look never easier look spectacular cool wow upper rubber straps thong style durability comfort rubber toe separator maximum comfort durability midsole mildly cushioned footbed day comfort graphic print branding footbed outsole lightweight slip resistant rubber outsole better shock absorption diamond shaped grooves outsole better traction surfaces shoe care wipe surface soft clean dry cloth remove dust machine wash store direct sunlight,not found,699.0,699.0,Flip Flops,Footwear,Flip Flops,0.0,Red,Unknown,Unknown,Unknown,Unknown,24,692,9,0,0,1,0,0,1,0,0,0,0,1,0,0,0,6.551080335043404,0.0
f16cd24c-dbd5-4efd-8aa2-a3b44da02335,United Colors of Benetton,United Colors of Benetton Men Speeder Blue Flip Flops,heart desires utmost style comfort deprive pleasure flip flops united colors benetton offer fantastic look coupled unbelievable day comfort want look awesome feel great best bet team jeans shorts perfectly relaxed look never easier look spectacular cool wow upper rubber straps thong style durability comfort rubber toe separator maximum comfort durability midsole mildly cushioned footbed day comfort graphic print branding footbed outsole lightweight slip resistant rubber outsole better shock absorption diamond shaped grooves outsole better traction surfaces shoe care wipe surface soft clean dry cloth remove dust machine wash store direct sunlight,not found,699.0,699.0,Flip Flops,Footwear,Flip Flops,0.0,Blue,Unknown,Unknown,Unknown,Unknown,24,729,9,0,0,1,0,0,1,0,0,0,0,1,0,0,0,6.551080335043404,0.0
71bce2a3-4974-45e2-9345-2a655f69cb93,ESPRIT,Esprit Men Rosegold Legacy Copper Watches,taking traditional designs giving modern twist makes esprit watches timeless timepieces classic legacy analog wrist watch esprit exception contemporary trendy rsquo affordable timepiece exquisite design highlights individuality case diameter 45 mm case thickness 12 mm dial shape round rose gold plated stainless steel case fixed black bezel embossed minute markings minute interval added durability style comfort leather strap tang clasp durable scratch resistant mineral crystal glass black dial rose gold fluorescent hour markings chronographic seconds markings date socket rsquo clock position fluorescent hour markings hands easy visibility low light conditions quartz movement time display screw reset time date solid case back enhanced durability water resistance 100 meters allowing use swimming snorkeling water sports rsquo suitable diving,not found,9995.0,9995.0,Watches,Accessories,Watches,0.0,Copper,Unknown,Unknown,Unknown,Unknown,7,170,34,0,0,1,0,0,1,0,0,0,0,0,0,0,1,9.209940291954844,0.0
1443d3ca-a0b2-4bf8-aa46-0349f2c1f75a,Wrangler,Wrangler Women Frill Check Multi Tops,composition navy blue red yellow white checked top made 100 cotton jabot collar buttoned chest placket rolled sleeves curved hemline embroidered branding left hem fitting comfort wash care hand wash cold water using mild detergent wash dark colours separately bleach wring tumble dry flat dry shade mild iron iron print embellishment embroidery perfect style great comfort checked shirt wrangler makes great semi formal wear rolled sleeve style creates feel casual comfort fabric keeps fresh comfortable day team slim fit jeans ballerina shoes ooze style model statistics model wears size tops height chest 33 waist 26,not found,1195.0,1195.0,Tops,Apparel,Topwear,1.0,Multi,Blended,Unknown,Mandarin Collar,Casual,27,857,28,0,0,0,0,1,1,0,0,0,0,1,0,0,0,7.086737934510577,0.2
ea27ee91-c645-4861-a8ff-5959f15987f1,Clarks,Clarks Women Spice Pat Black Flats,take feminine dressing new level silvi spice leather sandals clarks patent leather straps gives added edge team dainty skirts tops girly look upper patent leather thong straps durability comfort patent leather across forefoot thong straps added style midsole lushly padded leather lined footbed perforated design thong straps absolute comfort outsole rubber outsole paisley engraved design forefoot heel greater grip heel ergonomic comfort shoe care use branded leather polish keep shoes shining wipe surface soft clean cloth brush remove dust machine wash use drier store direct sunlight,not found,1199.0,1199.0,Flats,Footwear,Shoes,0.0,Black,Unknown,Unknown,Unknown,Casual,3,92,8,0,0,0,0,1,1,0,0,0,0,0,0,0,1,7.090076835776092,0.0
9fef2a7f-5fcb-42b1-ae8e-1e22da986b39,Wrangler,Wrangler Women Polka Blue Shirts,composition dark blue shirt pink polka dots made 100 cotton short puffed cuff sleeves tipped collar front button placket curved hemline brand badge left hip fitting comfort wash care hand wash cold water using mild detergent wash dark colours separately bleach wring tumble dry flat dry shade mild iron iron print embellishment embroidery perfect style great comfort polka dot shirt wrangler makes great semi formal wear puffed buttoned cuff sleeve creates feel casual comfort fabric keeps fresh comfortable day team slim fit jeans ballerina shoes ooze style model statistics model wears size shirts height chest 33 waist 26,not found,1195.0,1195.0,Shirts,Apparel,Topwear,1.0,Blue,Cotton,Regular Fit,Unknown,Unknown,27,862,20,0,0,0,0,1,1,0,0,0,0,1,0,0,0,7.086737934510577,0.2
f9c1da54-696f-4099-9ff8-68c96a028d7a,Clarks,Clarks Women Soma Silk Graphite Leather Grey Heels,take feminine dressing new level graphite sandals clarks knotted silver strap detailing wedge heel gives added edge team dainty skirts tops girly look upper leather uppers comprised knotted straps covering forefoot midfoot durability comfort metallic colour finish added style midsole lushly cushioned footbed absolute comfort outsole wedge heel added style textured design textured rubber outsole paisley engraved design forefoot heel better grip shoe care use branded leather polish keep shoes shining wipe surface soft clean cloth brush remove dust machine wash use drier store direct sunlight,not found,1799.0,1799.0,Heels,Footwear,Shoes,0.0,Grey,Unknown,Unknown,Unknown,Unknown,3,88,13,0,0,0,0,1,1,0,0,0,0,1,0,0,0,7.495541943884256,0.0
f9a67509-d166-4502-ac14-3ded8f7383c1,Wrangler,Wrangler Women Its A Good Day Red T-Shirts,composition red top made 100 cotton short sleeves neck distressed graphic print front fitting comfort wash care hand wash cold water using mild detergent wash dark colours separately bleach wring tumble dry flat dry shade mild iron iron print embellishment embroidery designed exude goodness happy feelings top wrangler makes great casual wear short sleeves create feel casual comfort enhance feminine side fabric keeps fresh comfortable day team slim fit jeans cotton shorts sandals ooze style model statistics model wears size tops height chest 33 waist 26,not found,845.0,845.0,Tshirts,Apparel,Topwear,0.0,Red,Cotton,Regular Fit,Round Neck,Unknown,27,858,32,0,0,0,0,1,1,0,0,0,0,1,0,0,0,6.740519359606223,0.0
4d5652b7-3ead-472e-9845-a806da9f8529,Wrangler,Wrangler Women Floral Print Pink Top,composition floral print top made 100 cotton nehru collar buttoned chest placket long sleeves two buttoned flap pockets chest lace detailing pocket flaps chest placket curved hemline fitting comfort wash care hand wash cold water using mild detergent wash dark colours separately bleach wring tumble dry flat dry shade mild iron iron print embellishment embroidery perfect style great comfort floral top wrangler makes great casual wear long sleeves create feel casual comfort fabric keeps fresh comfortable day team slim fit jeans ballerina shoes ooze style model statistics model wears size tops height chest 33,not found,1295.0,1295.0,Tops,Apparel,Topwear,1.0,Pink,Blended,Unknown,Shirt Collar,Casual,27,855,28,0,0,0,0,1,1,0,0,0,0,1,0,0,0,7.16703787691222,0.2
16eb04b7-ae7f-4375-90f1-32adfe2f33b2,ESPRIT,Esprit Women Rough Chic Black Silver Watches,taking traditional designs giving modern twist makes esprit watches timeless timepieces classic rough chic analog wrist watch esprit exception contemporary trendy rsquo affordable timepiece exquisite design highlights individuality case diameter 22 mm case thickness 11 mm dial shape rectangle polished stainless steel case fixed bezel added durability style comfort leather strap intertwined stainless steel strap tang clasp branding durable scratch resistant mineral crystal glass black dial zircon crystal indices marking 12 rsquo clock positions polished hands quartz movement time display screw reset time solid case back enhanced durability water resistance 30 meters allowing use washing hands car,na,5795.0,5795.0,Watches,Accessories,Watches,0.0,Silver,Unknown,Unknown,Unknown,Unknown,7,203,34,0,0,0,0,1,1,0,0,0,0,0,0,0,1,8.664923303440572,0.0
8fd4f1b8-02ff-4cd8-b43d-7a36f28c444b,ESPRIT,Esprit Women Cine Citta Silver Watches,taking traditional designs giving modern twist makes esprit watches timeless timepieces classic cinecitta analog wrist watch esprit exception contemporary trendy rsquo affordable timepiece exquisite design highlights individuality case diameter 22 mm case thickness mm dial shape round stainless steel case fixed bezel added durability style comfort stainless bracelet strap crystal embellishments jewellery clasp durable scratch resistant mineral crystal glass silver dial crystal embellishments brand name rsquo clock marking two silver tone sword hands quartz movement time display screw reset time day date solid case back enhanced durability water resistance 30 meters allows use washing hands car,not found,5995.0,5995.0,Watches,Accessories,Watches,0.0,Silver,Unknown,Unknown,Unknown,Unknown,7,174,34,0,0,0,0,1,1,0,0,0,0,0,0,0,1,8.698847859222488,0.0
17f109ba-cb08-4317-aa42-05437fc943bf,Clarks,Clarks Women Silvi Spice Raspberry Leather Red Flats,take feminine dressing new level silvi spice leather sandals clarks leather straps gives added edge team dainty skirts tops girly look upper leather thong straps durability comfort leather strap across forefoot thong straps added style midsole lushly padded leather lined footbed perforated design thong straps absolute comfort outsole rubber outsole paisley engraved design forefoot heel greater grip heel ergonomic comfort shoe care use branded leather polish keep shoes shining wipe surface soft clean cloth brush remove dust machine wash use drier store direct sunlight,not found,1199.0,1199.0,Flats,Footwear,Shoes,0.0,Red,Unknown,Unknown,Unknown,Casual,3,87,8,0,0,0,0,1,1,0,0,0,0,0,0,0,1,7.090076835776092,0.0
03b3fafc-0194-47fa-9ed2-4381afc43298,ESPRIT,Esprit Women Houston White Gold Links Gold Watches,taking traditional designs giving modern twist makes esprit watches timeless timepieces classic houston analog wrist watch esprit exception contemporary trendy rsquo affordable timepiece exquisite design highlights individuality case diameter 22 mm case thickness mm dial shape rectangle polished gold ion plated stainless steel case fixed bezel crystal embellishments diagonal line engravings added durability style comfort polished gold ion plated stainless steel bracelet strap butterfly clasp diagonal grooves style brushed gold coloured dial brand name running across 11 rsquo clock miyota quartz movement time display screw reset time water resistance 30 meters allowing use even washing hands mild rain,not found,5995.0,5995.0,Watches,Accessories,Watches,0.0,Gold,Unknown,Unknown,Unknown,Unknown,7,187,34,0,0,0,0,1,1,0,0,0,0,0,0,0,1,8.698847859222488,0.0
a2f62278-47ee-4869-9a75-698936289bd7,Puma,Puma Unisex Puma Flips Blue Flip Flops,heart desires utmost style comfort deprive pleasure flip flops puma offer fantastic look coupled unbelievable day comfort want look awesome feel great best bet team jeans shorts perfectly relaxed look never easier look spectacular cool wow upper wide synthetic straps thong style durability comfort fabric toe separator comfort moisture absorption brand tab near toe separator logo printed strap midsole eva midsole better shock absorption lightweight comfort cushioned footbed day comfort branding footbed outsole tpr outsole better shock absorption durability round suction points outsole better traction surfaces shoe care wipe surface soft clean dry cloth remove dust machine wash store direct sunlight,not found,699.0,699.0,Flip Flops,Footwear,Flip Flops,0.0,Blue,Unknown,Unknown,Unknown,Unknown,20,577,9,0,0,0,1,0,1,0,0,0,0,1,0,0,0,6.551080335043404,0.0
30af20cc-dc2e-4a3e-97f3-609fed3322b1,Reebok,Reebok Men Island Explorer Black Sports Shoes,super lightweight extremely attractive reebok island explorer perfect outdoor shoe complete laceless design outsole drainage system shoes give kind day comfort feet truly deserve next best thing walking barefeet excellent sports endevours casual wear well prepared jealous glances get uppersynthetic fabric upper comfort style durabilitysynthetic overlays added structure stylecontrast stitch detailing added stylelaceless design ease wearing removalvelcro fastener brand name customized fitmidsolemildly cushioned footbed day comfortfabric lining increased comfortcontoured heel counter add bounce cushion comfortoutsolenon marking tpr outsole better shock absorption durabilitycircular suction lugs better grip surfacesdrainage ventsshoe carewipe surface soft clean dry cloth remove dustdo machine washdo store direct sunlight,not found,2999.0,2999.0,Sports Shoes,Footwear,Shoes,1.0,Black,Unknown,Unknown,Unknown,Unknown,21,611,24,0,0,1,0,0,0,0,0,0,1,1,0,0,0,8.006367567650246,0.2
9b2c85a3-ce08-49ea-b6b4-902bed742c17,United Colors of Benetton,United Colors of Benetton Women Solid Black Tops,composition black sleeveless top made 100 cotton crochet bust panel buttoned front placket lace bust line fitting comfort wash care delicate machine wash 30 degrees using mild detergent dry clean tumble dry wring scrub bleach dry flat shade warm iron iron directly print embroidery heightened style top united colors benetton exudes perfect never compromise style comfort crochet top exudes feminity sense term makes perfect winter wear team slim fit jeans sandals long earnings cool chic look model statistics model wears size dresses height chest 33,not found,1999.0,1999.0,Tops,Apparel,Topwear,1.0,Black,Blended,Unknown,Scoop Neck,Casual,24,753,28,0,0,0,0,1,1,0,0,0,0,1,0,0,0,7.600902459542082,0.2
6e7d035e-973f-4b2e-908d-9de4a28d4580,United Colors of Benetton,United Colors of Benetton Men Checks Red Shirts,composition navy blue red checked shirt made 100 cotton raw look full sleeves buttoned cuffs tipped collar front buttoned placket curved hem pocket left chest fitting comfort wash care delicate machine wash 30 degrees using mild detergent dry clean tumble dry wring scrub bleach dry flat shade warm iron iron directly print embroidery get casual get comfortable style checked shirt united colors benetton full sleeves sure keep chill away winter roll sleeves suit occasion team jeans sports shoes cool casual look model statistics model wears size shirts height shoulders 18,not found,2499.0,2499.0,Shirts,Apparel,Topwear,0.0,Red,Cotton,Regular Fit,Unknown,Unknown,24,697,20,0,0,1,0,0,1,0,0,0,0,1,0,0,0,7.824046010856292,0.0
3fb3ad81-300b-43b4-98ac-3617ceb5443c,Wrangler,Wrangler Women Floral Print Blue Top,composition floral print top made 100 cotton nehru collar buttoned chest placket long sleeves two buttoned flap pockets chest lace detailing pocket flaps chest placket curved hemline fitting comfort wash careonly hand wash cold water using mild detergent wash dark colours separately bleach wring tumble dry flat dry shade mild iron iron print embellishment embroidery perfect style great comfort floral top wrangler makes great casual wear long sleeves create feel casual comfort fabric keeps fresh comfortable day team slim fit jeans ballerina shoes model statistics model wears size tops height chest 33,not found,1295.0,1295.0,Tops,Apparel,Topwear,1.0,Blue,Blended,Unknown,Mandarin Collar,Casual,27,854,28,0,0,0,0,1,1,0,0,0,0,1,0,0,0,7.16703787691222,0.2
8602bf56-aa76-46fa-b1d4-67dd0bd81598,Clarks,Clarks Women Soma Silk Leather Black Heels,take feminine dressing new level soma sandals clarks knotted strap detailing wedge heel gives added edge team dainty skirts tops girly look upper leather uppers comprised knotted straps covering forefoot midfoot durability comfort black leather added style midsole lushly cushioned footbed absolute comfort outsole wedge heel added style textured design textured rubber outsole paisley engraved design forefoot heel better grip shoe care use branded leather polish keep shoes shining wipe surface soft clean cloth brush remove dust machine wash use drier store direct sunlight,not found,1799.0,1799.0,Heels,Footwear,Shoes,0.0,Black,Unknown,Unknown,Unknown,Unknown,3,89,13,0,0,0,0,1,1,0,0,0,0,1,0,0,0,7.495541943884256,0.0
1a354724-e8b8-4d15-82a5-1b1d26fc5ca3,Clarks,Clarks Women Soma Silk Leather White Heels,take feminine dressing new level soma sandals clarks knotted strap detailing wedge heel gives added edge team dainty skirts tops girly look upper leather uppers comprised knotted straps covering forefoot midfoot durability comfort white leather added style midsole lushly cushioned footbed absolute comfort outsole wedge heel added style textured design textured rubber outsole paisley engraved design forefoot heel better grip shoe care use branded leather polish keep shoes shining wipe surface soft clean cloth brush remove dust machine wash use drier store direct sunlight,not found,1799.0,1799.0,Heels,Footwear,Shoes,0.0,White,Unknown,Unknown,Unknown,Unknown,3,90,13,0,0,0,0,1,1,0,0,0,0,0,1,0,0,7.495541943884256,0.0
28aa0b78-b487-416a-8429-7e13a0e1fd69,ESPRIT,Esprit Women Rough Silver Black Steel Watch,taking traditional designs giving modern twist makes esprit watches timeless timepieces classic rough chic analog wrist watch esprit exception contemporary trendy rsquo affordable timepiece exquisite design highlights individuality case diameter 22 mm case thickness 11 mm dial shape rectangle polished stainless steel case fixed bezel added durability style comfort intertwined stainless steel strap tang clasp branding durable scratch resistant mineral crystal glass black dial zircon crystal indices marking 12 rsquo clock positions polished hands quartz movement time display screw reset time solid case back enhanced durability water resistance 30 meters allowing use washing hands car,not found,5495.0,5495.0,Watches,Accessories,Watches,0.0,Steel,Unknown,Unknown,Unknown,Unknown,7,205,34,0,0,0,0,1,1,0,0,0,0,0,0,0,1,8.611775833902186,0.0
58025cac-c507-458f-a707-a25e2b6277b6,Clarks,Clarks Women Sona Silk Leather Red Heels,take feminine dressing new level soma sandals clarks knotted strap detailing wedge heel gives added edge team dainty skirts tops girly look upper leather uppers comprised knotted straps covering forefoot midfoot durability comfort red leather added style midsole lushly cushioned footbed absolute comfort outsole wedge heel added style textured design textured rubber outsole paisley engraved design forefoot heel better grip shoe care use branded leather polish keep shoes shining wipe surface soft clean cloth brush remove dust machine wash use drier store direct sunlight,not found,1799.0,1799.0,Heels,Footwear,Shoes,0.0,Red,Unknown,Unknown,Unknown,Unknown,3,91,13,0,0,0,0,1,1,0,0,0,0,1,0,0,0,7.495541943884256,0.0
0e047c7e-e13b-4b49-b18d-bfa1ec1a3497,Fastrack,Fastrack Women Analogue Leather Steel Watches,stylish comfortable analog wrist watch fastrack rsquo party collection designed love celebratory accessories case diameter 20 mm case thickness mm dial shape square bull metallic case fixed bezel added durability style comfort bull metallic strap butterfly clasp comfort style bull white dial yellow border brand name across rsquo clock marking brand logo 11 rsquo clock marking lines marking 10 rsquo clock bull quartz movement time display bull screw reset time bull solid case back made stainless steel enhanced durability bull water resistant 30 meters helps wear swimming,not found,2495.0,2495.0,Watches,Accessories,Watches,0.0,Steel,Unknown,Unknown,Unknown,Unknown,8,218,34,0,0,0,0,1,1,0,0,0,0,0,0,0,1,7.822444729489319,0.0
40391aa0-b912-4e5a-87b7-4bd2d587d18f,Nike,Nike Men As Ss Cruiser Yellow T-Shirts,composition yellow round neck shirt short sleeves made 60 cotton 40 polyester fabric tape detailing inseam neckline graphic print lettering front nike swoosh printed left sleeve engineered dri fit technology fitting regular wash care machine wash lukewarm water 40 degrees like colours soak bleach tumble dry low warm iron iron directly print trims logo dry cleanable sporty versatile yellow shirt nike must wardrobe wear smart tee go running park running away pack dogs escaping girlfriend angry dad engineered nike dri fit technology wicks away sweat keep dry comfortable run wear even running well team jeans tracks shorts get going,not found,1095.0,1095.0,Tshirts,Apparel,Topwear,1.0,Yellow,Synthetic,Regular Fit,Round Neck,Unknown,18,436,32,0,0,1,0,0,0,0,0,0,1,1,0,0,0,6.999422467507961,0.2
30c6fb68-4152-4425-bb59-7526565f8039,Wrangler,Wrangler Women Black T-shirt,composition black top made 100 cotton short sleeves neck distressed graphic print front fitting comfort wash care hand wash cold water using mild detergent wash dark colours separately bleach wring tumble dry flat dry shade mild iron iron print embellishment embroidery designed exude goodness happy feelings top wrangler makes great casual wear short sleeves create feel casual comfort enhance feminine side fabric keeps fresh comfortable day team slim fit jeans cotton shorts sandals ooze style model statistics model wears size tops height chest 33,not found,845.0,845.0,Tshirts,Apparel,Topwear,1.0,Black,Cotton,Regular Fit,Round Neck,Casual,27,850,32,0,0,0,0,1,1,0,0,0,0,1,0,0,0,6.740519359606223,0.2
d39a7a03-822a-4f38-8f2a-97f1bf9a9cff,United Colors of Benetton,United Colors of Benetton Men Solid Black Shirts,composition black shirt made 100 cotton full arm sleeves buttoned cuffs front buttoned placket fabric tape detailing kurta collar short buttoned shoulder flaps fitting comfort wash care delicate machine wash 30 degrees using mild detergent dry clean tumble dry wring scrub bleach dry flat shade warm iron iron directly print embroidery get casual get comfortable style shirt united colors benetton full sleeves sure keep chill away winter roll sleeves suit occasion team jeans sports shoes cool casual look model statistics model wears size shirts height shoulders 18,not found,1999.0,1999.0,Shirts,Apparel,Topwear,1.0,Black,Cotton,Regular Fit,Unknown,Unknown,24,719,20,0,0,1,0,0,1,0,0,0,0,1,0,0,0,7.600902459542082,0.2
e67b0dcf-c9b4-4436-864a-e40ed7c9234d,Clarks,Clarks Men Nature Easy Mahogany Leather Brown Casual Shoes,easy slip comfortable shoe nature easy shoe clarks comes smooth leather upper double elasticated goring offers snug fit helps slip ease active air technology insole ensures perfect cushioned comfort makes great day wear upperfull mahogany leather upper casual loafer style soft natural finish breathable comfortdual elastic gores sides tongue easy wear removalstitch detailing durability stylecomplete inner lining leather breathable comfortmidsoleeva midsole lightweight comfortsoft footbed cushioned day comfortpu insole active air technology absolute day comfortoutsoledurable rubber outsole long lasting wearcircular lugs grooves strategically placed absolute grip tractiongrooves flexible movement tractionshoe carewipe surface dry clean cloth remove dustbrush using branded leather conditioner restore shoe shinedo store direct sunlight,not found,4999.0,4999.0,Casual Shoes,Footwear,Shoes,0.0,Brown,Unknown,Unknown,Unknown,Unknown,3,70,5,0,0,1,0,0,1,0,0,0,0,1,0,0,0,8.517193191416238,0.0
8adbc82f-2ad0-4d69-852c-bf8706fd46f0,Fastrack,Fastrack Men Analogue Plastic White Watch,stylish comfortable analog wrist watch fastrack rsquo basics collection designed love everyday accessories case diameter 35 mm case thickness mm dial shape round bull metallic case fixed bezel added durability style comfort bull plastic strap perforations breathability tang clasp comfort style bull white dial arabic numbering brand name rsquo clock brand logo 12 rsquo clock marking bull quartz movement time display carved hands bull screw reset time bull solid case back made stainless steel enhanced durability bull water resistant 50 meters helps wear swimming,not found,595.0,595.0,Watches,Accessories,Watches,0.0,White,Unknown,Unknown,Unknown,Unknown,8,216,34,0,0,1,0,0,1,0,0,0,0,0,0,0,1,6.39024066706535,0.0
8095e0b2-a1f2-45b7-b491-3ac67c906c16,Puma,Puma Men Lifestyle Graphitti Black T-shirt,composition black neck shirt made 100 cotton short sleeves brand badge right sleeve graffiti front fitting regular wash care machine wash separately cold water using mild detergent bleach avoid soaking line dry inside shade warm iron iron directly print embroidery flaunt brand statement style athletic graffiti shirt puma energetic thunderbolt styled puma front exudes fiery vibes pure cotton fabric keeps fresh comfortable day long team sportswear fitness drive jeans black leather sandals cool casual look model statistics model wears size shirts height shoulders 18,not found,1099.0,1099.0,Tshirts,Apparel,Topwear,1.0,Black,Cotton,Regular Fit,Round Neck,Casual,20,538,32,0,0,1,0,0,1,0,0,0,0,1,0,0,0,7.003065458786462,0.2
a84e98b3-90da-4ed3-9ed5-9d9616b92dbb,ESPRIT,Esprit Women Lissomy Glam Silver Black Steel Watches,taking traditional designs giving modern twist makes esprit watches timeless timepieces classic lissomy analog wrist watch esprit exception contemporary trendy rsquo affordable timepiece exquisite design highlights individuality rsquo even better lissomy get tool shorten lengthen strap suit style case diameter 18 mm case thickness mm dial shape rectangle steel case fixed bezel cz crystal embellishments added durability style comfort steel strap butterfly clasp durable scratch resistant mineral crystal glass black dial silver lines marking rsquo clock 10 rsquo clock roman numbers marking 12 rsquo clock brand name rsquo clock quartz movement time display screw reset time solid case back enhanced durability water resistant allowing use washing hands car,not found,5495.0,5495.0,Watches,Accessories,Watches,0.0,Steel,Unknown,Unknown,Unknown,Unknown,7,191,34,0,0,0,0,1,1,0,0,0,0,0,0,0,1,8.611775833902186,0.0
3d7422ed-33b9-416b-952c-49a4f93a5f5d,Clarks,Clarks Men Nature Easy Leather Black Casual Shoes,easy slip comfortable shoe nature easy shoe clarks comes smooth leather upper double elasticated goring offers snug fit helps slip ease active air technology insole ensures perfect cushioned comfort makes great day wear upperfull leather upper casual loafer style soft natural finish breathable comfortdual elastic gores sides tongue easy wear removalstitch detailing durability stylecomplete inner lining leather breathable comfortmidsoleeva midsole lightweight comfortsoft footbed cushioned day comfortpu insole active air technology absolute day comfortoutsoledurable rubber outsole long lasting wearcircular lugs grooves strategically placed absolute grip tractiongrooves flexible movement tractionshoe carewipe surface dry clean cloth remove dustbrush using branded leather conditioner restore shoe shinedo store direct sunlight,not found,4999.0,4999.0,Casual Shoes,Footwear,Shoes,0.0,Black,Unknown,Unknown,Unknown,Unknown,3,69,5,0,0,1,0,0,1,0,0,0,0,1,0,0,0,8.517193191416238,0.0
255c1cfb-f2b1-4c26-b30c-dfe06bca07e9,United Colors of Benetton,United Colors of Benetton Women Top Black Top,composition black neck sleeveless top made 60 cotton 40 modal electropleated bust line broad hem cloth buttoned back neck fitting comfort wash care delicate machine wash 30 degrees using mild detergent dry clean tumble dry wring scrub bleach dry flat shade warm iron iron directly print embroidery flaunt feminity style black top united colors benetton electropleats bust line broad hem buttoned back neck together redefine feminine side much elan pair jeans heeled sandals long earrings chic look model statistics model wears size shirts height chest 33,not found,1599.0,1599.0,Tops,Apparel,Topwear,1.0,Black,Blended,Unknown,Scoop Neck,Casual,24,762,28,0,0,0,0,1,1,0,0,0,0,1,0,0,0,7.3777589082278725,0.2
bbdae086-1ad9-4aed-8e7e-6a23f9dc8b93,United Colors of Benetton,United Colors of Benetton Women Solid Purple T-shirt,composition aubergine coloured neck shirt made 100 cotton short sleeves big ben logo crystal embellishments left chest fitting comfort wash care delicate machine wash 30 degrees using mild detergent dry clean tumble dry wring scrub bleach dry flat shade warm iron iron directly print embroidery ldquo sporty rdquo middle name aubergine coloured shirt united colors benetton designed especially clean cuts neat finish top looks great jeans shorts skirts sandals sports footwear available wide collection myntra model statistics model wears size shirts height chest 33,not found,799.0,799.0,Tshirts,Apparel,Topwear,0.0,Purple,Cotton,Regular Fit,V-Neck,Casual,24,758,32,0,0,0,0,1,1,0,0,0,0,1,0,0,0,6.684611727667927,0.0
1865e80b-a89b-4a3e-babf-b4601f2be93e,United Colors of Benetton,United Colors of Benetton Men Solid Blue Shirts,composition light blue shirt made 100 cotton full arm sleeves buttoned cuffs white collar front buttoned placket embroidered branding left chest fitting comfort wash care delicate machine wash 30 degrees using mild detergent dry clean tumble dry wring scrub bleach dry flat shade warm iron iron directly print embroidery get casual get comfortable style shirt united colors benetton full sleeves sure keep chill away winter roll sleeves suit occasion team jeans sports shoes cool casual look model statistics model wears size shirts height shoulders 18,not found,2299.0,2299.0,Shirts,Apparel,Topwear,0.0,Blue,Cotton,Regular Fit,Unknown,Unknown,24,721,20,0,0,1,0,0,1,0,0,0,0,1,0,0,0,7.7406644019172415,0.0
99d8a44e-71e6-4654-b649-19cd89478fa7,Puma,Puma Men Usain Bolt Black Tshirts,composition black round neck short sleeved shirt made 57 cotton 38 polyester elastane softly ribbed neckline fabric tape detailing inseam brand logo embossed back neck collection logo printed left sleeve graphic print front lettering engineered usp moisture management technology fitting regular wash care gentle machine wash like colours cool water 30 degrees bleach tumble dry cool iron dry clean pay tribute usain bolt black shirt puma salute jamaican sprinter olympic champion chill smart tee usp moisture management technology keep sweat bay elastane give great fit pair jeans shorts great look take leaf book sprint freedom model statistics model wears size shirts height shoulders 19,not found,1699.0,1699.0,Tshirts,Apparel,Topwear,0.0,Black,Synthetic,Regular Fit,Round Neck,Unknown,20,564,32,0,0,1,0,0,1,0,0,0,0,1,0,0,0,7.438383530044307,0.0
c9b2b479-5b24-4563-999e-c711cc989629,United Colors of Benetton,United Colors of Benetton Men Checks Purple Shirts,composition purple checked shirt made 100 cotton full arms buttoned cuffs tipped collar front buttoned placket pocket left chest fitting comfort wash care delicate machine wash 30 degrees using mild detergent dry clean tumble dry wring scrub bleach dry flat shade warm iron iron directly print embroidery get casual get comfortable style checked shirt united colors benetton full sleeves sure keep chill away winter roll sleeves suit occasion team jeans sports shoes cool casual look model statistics model wears size shirts height shoulders 18,not found,1999.0,1999.0,Shirts,Apparel,Topwear,0.0,Purple,Cotton,Regular Fit,Unknown,Unknown,24,696,20,0,0,1,0,0,1,0,0,0,0,1,0,0,0,7.600902459542082,0.0
9445a579-0752-4bbb-823a-e224159a6eaa,SCULLERS,Scullers Men Stripes Grey Sweaters,composition grey purple cream black striped round neck full sleeve pullover made blend acrylic wool ribbing around neck cuffs hemline scullers association logo flock appliqu left chest fitting regular wash care wash dark colours separately machine wash hand wash cold using mild detergent wring bleach flat dry shade welcome winter style pullover scullers stylish hilt snug body pullover great addition wardrobe pair denims suede shoes look like king casual winter wear model statistics model wears size pullovers height chest 38 shoulders 18,not found,1599.0,1599.0,Sweaters,Apparel,Topwear,0.0,Grey,Unknown,Unknown,Unknown,Unknown,23,671,25,0,0,1,0,0,1,0,0,0,0,1,0,0,0,7.3777589082278725,0.0
8647d8b1-2fd7-4cac-816c-b4d3a13199bf,Nike,Nike Unisex Feather lite Blue Caps,composition royal blue featherlight tennis cap made 100 polyester recycled content small mesh panels crown nike swoosh embroidered front crown velcro fastener back engineered dri fit technology fitting comfort wash care hand wash warm water 40 degrees wring bleach iron dry clean line dry whether playing french open us open local tennis court need look best court royal blue featherlight tennis cap nike look perfect cheering favorite tennis player serving ace environmentalists glad know cap made recycled content engineered nike dri fit technology wicks away sweat keep dry comfortable smart cap super light barely know head protecting sun jazzing outfit team casual clothes sporty look,not found,895.0,895.0,Caps,Accessories,Headwear,0.0,Blue,Unknown,Unknown,Unknown,Unknown,18,462,4,0,0,0,1,0,0,0,0,0,1,1,0,0,0,6.79794041297493,0.0
6bae2622-a493-4e9c-8be6-43a8049a2b27,Carrera,Carrera Men Strap dial Orange Watches,carrera watch industry five decades proven masters art creating high quality timepieces new range carrera watches fresh take classic drivers rsquo racers rsquo watch models perfect urban wear case diameter 34 mm case thickness 11 mm dial shape octagonstainless steel case black rubber strap brand inscription inner side enhanced durability comfort styletang clasp brand inscription fixed stainless steel bezel added durability styleorange busy dial metallic numbers roman metallic handsmetallic crown adjust time date daywater resistant 100 meters making suitable scuba diving cm,not found,8950.0,8950.0,Watches,Accessories,Watches,0.0,Orange,Unknown,Unknown,Unknown,Unknown,2,44,34,0,0,1,0,0,1,0,0,0,0,0,0,0,1,9.099520536870939,0.0
8522768e-b5f6-4a29-a062-0265d6f0e682,Indigo Nation,Indigo Nation Men TR Yarn Dyed Beige Trousers,composition camel coloured full length semi formal trousers made 60 cotton 40 polyester flat front two pockets stud detailing sides smaller patch pocket right pocket two welt pockets back thread stud detailing metal zipper button closure fitting slim wash care hand machine wash cold water mild detergent wash dark colours separately bleach wring drip dry shade warm iron thursday dressing gets powerful twist camel coloured semi formal trousers indigo nation made choicest fabrics perfectly fitted semi formal thursdays smart trousers look great also comfortable enough worn day long pair semi formal shirt get great thursday look polo neck shirt day friends model statistics model wears trousers length 41 height waist 31,not found,1499.0,1499.0,Trousers,Apparel,Bottomwear,0.0,Beige,Unknown,Unknown,Unknown,Unknown,11,321,31,0,0,1,0,0,1,0,0,0,0,1,0,0,0,7.313220387090301,0.0
dff7a2c8-dd7f-496d-ac3e-3a7288f6059f,United Colors of Benetton,United Colors of Benetton Men Solid Black Tshirts,composition black shirt made 100 cotton neck short sleeves ribbed neck sleeve shirt hems white lining along neckline sleeves hem embroidered big ben logo left chest fitting comfort wash care delicate machine wash 30 degrees using mild detergent dry clean tumble dry wring scrub bleach dry flat shade warm iron iron directly print embroidery subtle stylish black shirt united colors benetton speaks volumes sense heightened style branding left chest enhances royal fashion statement sleeves contour well toned arms perfectly team jeans sports shoes cool casual look model statistics model wears size shirts height shoulders 18,not found,1699.0,1699.0,Tshirts,Apparel,Topwear,0.0,Black,Cotton,Regular Fit,V-Neck,Unknown,24,720,32,0,0,1,0,0,1,0,0,0,0,1,0,0,0,7.438383530044307,0.0
5e630680-2bdf-4a1f-9343-6d298c7f02c6,Nike,Nike Women As Trophy Swo White T-Shirts,composition white round neck shirt short sleeves made 100 cotton fabric tape detailing inseam neckline graphic print front nike swoosh printed near hem fitting regular wash care machine wash cold water 30 degrees like colours use bleach softeners remove immediately allow lay wet tumble dry low cool iron iron directly print trims logo dry clean know say doubt wear white white shirt nike takes saying makes better adding funky graphic print front multi coloured print eye catching funky make stand sea people plus cotton fabric keep comfortable day long team jeans shorts casual shoes look fab,not found,1095.0,1095.0,Tshirts,Apparel,Topwear,1.0,White,Synthetic,Regular Fit,Round Neck,Unknown,18,478,32,0,0,0,0,1,0,0,0,0,1,1,0,0,0,6.999422467507961,0.2
f8677dbb-e2a0-4f55-b509-95465908e3a2,SCULLERS,Scullers Men Stripes Green Sweaters,composition neck full sleeve pullover broad blue green stripes made blend acrylic wool ribbing around neck cuffs hemline scullers association logo flock appliqu left chest fitting regular wash care wash dark colours separately machine wash hand wash cold using mild detergent wring bleach flat dry shade welcome winter style pullover scullers stylish hilt snug body pullover great addition wardrobe pair denims suede shoes look like king casual winter wear model statistics model wears size pullovers height chest 38 shoulders 18,not found,1499.0,1499.0,Sweaters,Apparel,Topwear,0.0,Green,Unknown,Unknown,Unknown,Unknown,23,670,25,0,0,1,0,0,1,0,0,0,0,1,0,0,0,7.313220387090301,0.0
68856796-dcad-4c01-9b8a-d7fd35833954,United Colors of Benetton,United Colors of Benetton Men Solid Magenta T-shirt,composition red round neck shirt made 80 cotton 20 polyester full arm sleeves ribbed hems ribbed shirt hem brand name printed across chest fitting comfort wash care delicate machine wash 30 degrees using mild detergent dry clean tumble dry wring scrub bleach dry flat shade warm iron iron directly print embroidery subtle stylish red full sleeve shirt united colors benetton speaks volumes sense heightened style branding across chest enhances royal fashion statement long sleeves keep winter chill bay team jeans sports shoes cool casual look winter model statistics model wears size shirts height shoulders 18,not found,1899.0,1899.0,Tshirts,Apparel,Topwear,0.0,Magenta,Cotton,Regular Fit,Round Neck,Casual,24,723,32,0,0,1,0,0,1,0,0,0,0,1,0,0,0,7.549609165154532,0.0
56fcbef7-ba35-46ae-a923-b5bce645ec28,United Colors of Benetton,United Colors of Benetton Men Solid Grey Shirts,composition grey shirt made 100 cotton full arms buttoned cuffs tipped collar front buttoned placket curved hem fitting comfort wash care delicate machine wash 30 degrees using mild detergent dry clean tumble dry wring scrub bleach dry flat shade warm iron iron directly print embroidery add immense style formal look shirt united colors benetton cynosure eyes stylish shirt fabric keeps fresh comfortable day full arm sleeves add touch regality personality pair formal trousers black leather footwear classic look model statistics model wears size shirts height shoulders 18,not found,2499.0,2499.0,Shirts,Apparel,Topwear,0.0,Grey,Cotton,Regular Fit,Unknown,Unknown,24,722,20,0,0,1,0,0,0,0,1,0,0,1,0,0,0,7.824046010856292,0.0
1e2accb4-3008-4754-b880-c561537596d0,Clarks,Clarks Men Goto Eat Tobacco Leather Brown Formal Shoes,smart semi formal wear goto eat tobacco leather shoe modern twist given casual shoe classic men rsquo brogue makes perfect wear dressing dressing made tobacco brown leather shoe constructed using sacchetto stitching ensure durability flexibility upperfull tobacco brown leather upper soft natural finishsacchetto stitch construction maximum durability flexibilitycomplete inner lining leatherlacing system snug customized fitbrand name embossed lateral ankle stylemidsolepu midsole lightweight comfortsoft footbed cushioned day comfortoutsolehardwearing outsole made rubber leather long lasting wearwave grooves forefoot absolute grip tractioncurved midfoot mid arch supportraised stacked heel ergonomic comfort styleshoe carewipe surface dry clean cloth remove dustbrush using branded leather conditioner restore shoe shinedo store direct sunlight,not found,4499.0,3374.0,Formal Shoes,Footwear,Shoes,0.0,Brown,Unknown,Unknown,Unknown,Unknown,3,60,10,0,0,1,0,0,0,0,1,0,0,1,0,0,0,8.411832675758411,0.0
cd8d202e-639a-4072-890f-e3a3e9445372,Wrangler,Wrangler Women Navy Blue Top,composition navy blue round neck top made 100 cotton set full arm sleeves buttoned flaps deeply curved hemline graphic print front fitting comfort wash care hand wash cold water using mild detergent wash dark colours separately bleach wring tumble dry flat dry shade mild iron iron print embellishment embroidery vacation style navy blue top wrangler set sleeves buttoned flaps round neck exude feminine style graphic print front oozes happy spirit team jeans heeled sandals unparalleled cool model statistics model wears size tops height chest 33 waist 26,not found,1095.0,1095.0,Tops,Apparel,Topwear,1.0,Navy Blue,Blended,Unknown,Round Neck,Casual,27,860,28,0,0,0,0,1,1,0,0,0,0,1,0,0,0,6.999422467507961,0.2
f177d2b2-11b1-4e11-a322-7f0159de157e,United Colors of Benetton,United Colors of Benetton Women White T-shirt,composition white round neck shirt made 100 cotton short sleeves big ben logo crystal embellishments left chest fitting comfort wash care delicate machine wash 30 degrees using mild detergent dry clean tumble dry wring scrub bleach dry flat shade warm iron iron directly print embroidery ldquo sporty rdquo middle name white shirt united colors benetton designed especially clean cuts neat finish top looks great jeans shorts skirts sandals sports footwear available wide collection myntra model statistics model wears size shirts height chest 33,not found,799.0,799.0,Tshirts,Apparel,Topwear,0.0,White,Cotton,Regular Fit,Round Neck,Casual,24,763,32,0,0,0,0,1,1,0,0,0,0,1,0,0,0,6.684611727667927,0.0
c8913e2d-df3c-4770-8344-3d4f0cdea965,United Colors of Benetton,United Colors of Benetton Women Solid Black Skirt,composition black knee length skirt made 64 polyester 34 viscose spandex comfortable fabric waist zippered button closure right side fitting comfort wash care delicate machine wash 30 degrees using mild detergent dry clean tumble dry wring scrub bleach dry flat shade warm iron iron directly print embroidery chic look knee length skirt united colors benetton pair heeled sandals fancy top casual outings team formal shirt turn office wear model statistics model wears size dresses height waist 26,not found,2499.0,2499.0,Skirts,Apparel,Bottomwear,1.0,Black,Unknown,Unknown,Unknown,Casual,24,751,22,0,0,0,0,1,1,0,0,0,0,1,0,0,0,7.824046010856292,0.2
8b00556c-df43-4d07-8f6a-0c9c80378295,SCULLERS,Scullers Men Stripes Red Sweaters,composition grey maroon broad striped neck full sleeved pullover made blend acrylic wool ribbing around neck cuffs hemline scullers association logo flock appliqu left chest fitting regular wash care wash dark colours separately machine wash hand wash cold using mild detergent wring bleach flat dry shade welcome winter style pullover scullers stylish hilt snug body pullover great addition wardrobe pair denims suede shoes look like king casual winter wear model statistics model wears size pullovers height chest 38 shoulders 18,not found,1499.0,1499.0,Sweaters,Apparel,Topwear,0.0,Red,Unknown,Unknown,Unknown,Unknown,23,673,25,0,0,1,0,0,1,0,0,0,0,1,0,0,0,7.313220387090301,0.0
388c156e-ea36-423f-9b6e-bd4b3c93c742,Wrangler,Wrangler Men Celebrate Polo Grey T-Shirt,compositiongrey polo neck shirt made 100 cotton short sleeves ribbed hems ribbed tipped collar buttoned chest placket stitch detailing left chest graphic print left chest embroidered lettering stretching across right chest left chest fittingcomfortwash careonly hand wash cold water using mild detergentwash dark colours separatelydo bleach wring tumble dryflat dry shademild iron iron print embellishment embroiderycelebrate life style grey polo neck shirt wrangler remember brand clothing world since 1947 short sleeves sit snugly around well toned arms cotton fabric keeps fresh comfortable day team jeans sports shoes shorts sandals unparalleled cool model statisticsthe model wears size shirtsheight shoulders 18,not found,1195.0,1195.0,Tshirts,Apparel,Topwear,1.0,Grey,Cotton,Regular Fit,Polo Collar,Casual,27,784,32,0,0,1,0,0,1,0,0,0,0,1,0,0,0,7.086737934510577,0.2
84f573a1-28f7-483f-8a66-963a35362ced,Carrera,Carrera Men Metal strap Sqaure dial Black Watches,carrera watch industry five decades proven master creating high quality timepieces new ranges carrera watches fresh take classic drivers rsquo racers rsquo watch models perfect urban wear case diameter 45 mm case thickness 12 mm dial shape octagonal stainless steel case steel strap black patching brand inscription inner side enhanced durability comfort style tang clasp brand inscription fixed stainless steel bezel added durability style black busy dial metallic numbers roman seconds minutes hours chronographs date socket clock position brand logo 12 clock markinginbuilt tachymeter measure speed distance chronograph easy reading time metallic crown adjust time date dayfluorescence easy visibility low light conditions water resistant 100 meters making suitable use swimming,not found,9950.0,9950.0,Watches,Accessories,Watches,0.0,Black,Unknown,Unknown,Unknown,Unknown,2,34,34,0,0,1,0,0,1,0,0,0,0,0,0,0,1,9.205428327615163,0.0
67506dfc-82bf-4af5-bae6-fe536516695a,United Colors of Benetton,United Colors of Benetton Men Solid Polo White Tshirts,compositionwhite polo shirt made 100 cotton ribbed collar buttoned rugged chest placket short sleeves ribbed hems appliqu branding right sleeve appliqu embroidery left chest vented hem red lining collar sleeve hems side seamsfittingcomfortwash caredelicate machine wash 30 degrees using mild detergentdo dry cleando tumble dry wring scrub bleachdry flat shadewarm irondo iron directly print embroiderysubtle stylish white polo shirt united colors benetton speaks volumes sense heightened style rugged placket chest coupled appliqu work enhances regal style ribbed sleeve hems contour well toned arms perfectly vented hem offers comfortable fit team jeans sports shoes cool casual look model statisticsthe model wears size shirtsheight shoulders 18,not found,1599.0,1599.0,Tshirts,Apparel,Topwear,0.0,White,Cotton,Regular Fit,Unknown,Unknown,24,725,32,0,0,1,0,0,1,0,0,0,0,1,0,0,0,7.3777589082278725,0.0
568cabd2-a5d8-4a14-82d9-172cd5512d84,Wrangler,Wrangler Women Poloroid Purple T-Shirts,composition purple round neck top made 100 cotton set full arm sleeves buttoned flaps deeply curved hemline graphic print front fitting comfort wash care hand wash cold water using mild detergent wash dark colours separately bleach wring tumble dry flat dry shade mild iron iron print embellishment embroidery vacation style purple top wrangler set sleeves buttoned flaps round neck exude feminine style graphic print front oozes happy spirit team jeans heeled sandals unparalleled cool model statistics model wears size tops height chest 33 waist 26,not found,1095.0,1095.0,Tshirts,Apparel,Topwear,0.0,Purple,Cotton,Regular Fit,Round Neck,Unknown,27,863,32,0,0,0,0,1,1,0,0,0,0,1,0,0,0,6.999422467507961,0.0
caaf7c7a-a826-4539-9ebc-d539b3356788,United Colors of Benetton,United Colors of Benetton Women Solid Red T-shirt,composition red neck shirt made 100 cotton short sleeves big ben logo crystal embellishments left chest fitting comfort wash care delicate machine wash 30 degrees using mild detergent dry clean tumble dry wring scrub bleach dry flat shade warm iron iron directly print embroidery ldquo sporty rdquo middle name red shirt united colors benetton designed especially clean cuts neat finish top looks great jeans shorts skirts sandals sports footwear available wide collection myntra model statistics model wears size shirts height chest 33,not found,799.0,799.0,Tshirts,Apparel,Topwear,0.0,Red,Cotton,Regular Fit,V-Neck,Casual,24,759,32,0,0,0,0,1,1,0,0,0,0,1,0,0,0,6.684611727667927,0.0
0eff1114-edb1-42be-8b87-7b6c7691939c,United Colors of Benetton,United Colors of Benetton Men Printed White Tshirts,composition white round neck shirt made 100 cotton short sleeves graphic print front fitting comfort wash care delicate machine wash 30 degrees using mild detergent dry clean tumble dry wring scrub bleach dry flat shade warm iron iron directly print embroidery get world realize terrible looks frowns spread cheer style white graphic shirt united colors benetton short sleeves sit snug well toned arms fabric keeps fresh comfortable day team tee jeans sports shoes cool casual look model statistics model wears size shirts height shoulders 18,not found,1199.0,1199.0,Tshirts,Apparel,Topwear,0.0,White,Cotton,Regular Fit,Round Neck,Unknown,24,717,32,0,0,1,0,0,1,0,0,0,0,1,0,0,0,7.090076835776092,0.0
7f99bb56-f7b9-4932-952d-518f566b8b5b,Clarks,Clarks Men Hang Spring Leather Black Formal Shoes,perfect daily formal wear hang spring leather shoe clarks comes durable composition sole heel engineered cushioned cells make absolutely comfortable especially high step wearers upperfull grain leather upper absolute durability breathability comfort stylefour eyelet derby lacing system suit high step wearersfabric inner lining footbed absolute comfort abrasion free liningsmart mudguard style stitch detailing seamed vamphas generous width fittingmidsolepu midsole lightweight flexible comfortcushioned footbed cushion cell technology day comfortoutsoledurable rubber outsole textured forefoot flex grooves absolute grip traction flexibilityhorse shoe shaped texture raised heel enhanced grip ergonomic comfort styleshoe carewipe surface dry clean cloth remove dustbrush using branded leather conditioner restore shoe shinedo store direct sunlight,not found,2499.0,2499.0,Formal Shoes,Footwear,Shoes,0.0,Black,Unknown,Unknown,Unknown,Unknown,3,64,10,0,0,1,0,0,0,0,1,0,0,1,0,0,0,7.824046010856292,0.0
56215edf-4457-430b-8d7a-0c9d1ace2c2d,Wrangler,Wrangler Men N0. 3 Applique Polo Navy Blue T-Shirts,compositionnavy blue polo shirt made 100 cotton ribbed tipped collar yellow white lining fabric tape detailing inseam short sleeves ribbed hems red lining vented hem red tape inseam slits red lining along hem appliqu collection number left chest appliqu branding right chest fittingcomfortwash careonly hand wash cold water using mild detergentwash dark colours separatelydo bleach wring tumble dryflat dry shademild iron iron print embellishment embroiderydesigned man regal style polo shirt wrangler made pure cotton keep fresh comfortable day ribbed sleeve hems sit snugly around well toned arms vented hem provides comfortable fit team tee denims sandals wide range available myntra semi formal casual events model statisticsthe model wears size shirtsheight shoulders 18,not found,1195.0,1195.0,Tshirts,Apparel,Topwear,1.0,Navy Blue,Cotton,Regular Fit,Polo Collar,Unknown,27,821,32,0,0,1,0,0,1,0,0,0,0,1,0,0,0,7.086737934510577,0.2
38c6cb2c-6206-4f68-8e9e-31729b6769c4,SCULLERS,Scullers Men Stripes Yellow Sweaters,composition grey maroon yellow striped round neck full sleeve pullover made blend acrylic wool ribbing around neck cuffs hemline scullers logo flock appliqu left chest fitting regular wash care wash dark colours separately machine wash hand wash cold using mild detergent wring bleach flat dry shade welcome winter style pullover scullers stylish hilt snug body pullover great addition wardrobe pair denims suede shoes look like king casual winter wear model statistics model wears size pullovers height chest 38 shoulders 18,not found,1599.0,1599.0,Sweaters,Apparel,Topwear,0.0,Yellow,Unknown,Unknown,Unknown,Unknown,23,675,25,0,0,1,0,0,1,0,0,0,0,1,0,0,0,7.3777589082278725,0.0
e77ebbaf-2cff-4f38-8ae5-39557f71493f,SCULLERS,Scullers Men Stripes White Sweaters,composition cream black narrow striped neck full sleeve pullover made blend acrylic wool ribbing around neck cuffs hemline scullers logo flock appliqu left chest fitting regular wash care wash dark colours separately machine wash hand wash cold using mild detergent wring bleach flat dry shade welcome winter style pullover scullers stylish hilt snug body pullover great addition wardrobe pair denims suede shoes look like king casual winter wear model statistics model wears size pullovers height chest 38 shoulders 18,not found,1499.0,1499.0,Sweaters,Apparel,Topwear,0.0,White,Unknown,Unknown,Unknown,Unknown,23,674,25,0,0,1,0,0,1,0,0,0,0,1,0,0,0,7.313220387090301,0.0
5096e363-2f79-49bc-be34-c772785d115e,United Colors of Benetton,United Colors of Benetton Women Solid Grey Dresses,composition grey lange sleeveless dress made 100 cotton round neck pleated buttoned front fitting comfort wash care delicate machine wash 30 degrees using mild detergent dry clean tumble dry wring scrub bleach dry flat shade warm iron iron directly print embroidery flaunt feminity style grey lange dress united colors benetton buttons pleats along front redefine feminine side much elan pair heeled sandals long earrings chic look model statistics model wears size dresses height chest 33,not found,2699.0,2699.0,Dresses,Apparel,Dress,1.0,Grey,Cotton,Unknown,Boat Neck,Unknown,24,756,7,0,0,0,0,1,1,0,0,0,0,1,0,0,0,7.90100705199242,0.2
ee35a298-2bdc-4a1b-acb3-24185b2c96be,ESPRIT,Esprit Women Houston Yellow Ice Orange Watches,taking traditional designs giving modern twist makes esprit watches timeless timepieces classic houston analog wrist watch esprit exception contemporary trendy rsquo affordable timepiece exquisite design highlights individuality case diameter 22 mm case thickness mm dial shape rectangle synthetic case fixed bezel added durability style comfort synthetic strap tang clasp yellow grey white striped dial brand name running across 11 rsquo clock marking silver 12 rsquo clock marking lines miyota quartz movement time display screw reset time date water resistance 30 meters allowing use even washing hands mild rain,na,3495.0,3495.0,Watches,Accessories,Watches,0.0,Orange,Unknown,Unknown,Unknown,Unknown,7,188,34,0,0,0,0,1,1,0,0,0,0,0,0,0,1,8.159374736775426,0.0
3c30e25f-73e7-4da0-a08a-2186260d945a,Wrangler,Wrangler Women Freedom Spirit Black T-Shirts,composition black shirt made 100 cotton short sleeves neck distressed graphic print front fitting comfort wash care hand wash cold water using mild detergent wash dark colours separately bleach wring tumble dry flat dry shade mild iron iron print embellishment embroidery perfect style great comfort stylish shirt makes great casual wear short sleeves create feel casual comfort enhance feminine side fabric keeps fresh comfortable day team slim fit jeans sandals ooze style model statistics model wears size shirts height chest 33 waist 26,not found,845.0,845.0,Tshirts,Apparel,Topwear,1.0,Black,Cotton,Regular Fit,Round Neck,Unknown,27,856,32,0,0,0,0,1,1,0,0,0,0,1,0,0,0,6.740519359606223,0.2
52cbcf09-c0cf-4c3b-9aff-02d5444169e8,Fastrack,Fastrack Women Essentials Steel Watches,sleek stylish analog wrist watch fastrack rsquo essentials collection designed women love everyday accessories case diameter 20 mm case thickness mm dial shape triangle bull metallic case fixed bezel added durability style comfort bull metallic strap butterfly clasp comfort style bull white dial brand name marking rsquo clock brand logo marking 12 rsquo clock position bull quartz movement time display bull screw reset time bull solid case back made stainless steel enhanced durability bull water resistant 30 meters helps wear swimming,not found,2495.0,2495.0,Watches,Accessories,Watches,0.0,Steel,Unknown,Unknown,Unknown,Unknown,8,221,34,0,0,0,0,1,1,0,0,0,0,0,0,0,1,7.822444729489319,0.0
d7238cde-b56d-46f4-b984-046ce02eb6bd,Wrangler,Wrangler Women Pink Freedom Spirit T-shirt,composition light pink shirt made 100 cotton short sleeves neck distressed graphic print front fitting comfort wash care hand wash cold water using mild detergent wash dark colours separately bleach wring tumble dry flat dry shade mild iron iron print embellishment embroidery perfect style great comfort stylish shirt makes great casual wear short sleeves create feel casual comfort enhance feminine side fabric keeps fresh comfortable day team slim fit jeans sandals ooze style model statistics model wears size shirts height chest 33,not found,845.0,845.0,Tshirts,Apparel,Topwear,1.0,Pink,Cotton,Regular Fit,Round Neck,Casual,27,861,32,0,0,0,0,1,1,0,0,0,0,1,0,0,0,6.740519359606223,0.2
7f7a6319-5b83-4749-81f5-36424405400b,United Colors of Benetton,United Colors of Benetton Men Printed Black Tshirts,composition black round neck shirt made 100 cotton short sleeves graphic print front fitting comfort wash care delicate machine wash 30 degrees using mild detergent dry clean tumble dry wring scrub bleach dry flat shade warm iron iron directly print embroidery subtle stylish black shirt united colors benetton speaks volumes sense heightened style stylish branding across chest enhances royal fashion statement short sleeves contour well toned arms perfectly team jeans lifestyle sportswear cool casual look model statistics model wears size shirts height shoulders 18,not found,1099.0,1099.0,Tshirts,Apparel,Topwear,0.0,Black,Cotton,Regular Fit,Round Neck,Unknown,24,711,32,0,0,1,0,0,1,0,0,0,0,1,0,0,0,7.003065458786462,0.0
ffcb169f-1e63-4a7b-8c22-1cf790b62838,United Colors of Benetton,United Colors of Benetton Men Checks Green Shirt,compositionlight blue green white checked shirt made 55 linen 45 cotton kurta collar full front buttoned placket full sleeves buttoned cuffs two pockets chest buttoned flaps buttoned shoulder flaps purple accents inner lining placket collar curved hemfittingcomfortwash caredelicate machine wash 30 degrees using mild detergentdo dry cleando tumble dry wring scrub bleachdry flat shadewarm irondo iron directly print embroiderychecks add immense style casual look united colors benetton brings cynosure eyes stylish shirt fabric keeps fresh comfortable day full arm sleeves add touch regality personality pair jeans corduroys sports shoes chilled look model statisticsthe model wears size shirtsheight shoulders 18,not found,2699.0,2699.0,Shirts,Apparel,Topwear,0.0,Green,Unknown,Regular Fit,Unknown,Casual,24,694,20,0,0,1,0,0,1,0,0,0,0,1,0,0,0,7.90100705199242,0.0
35819f9b-7598-435e-9bd1-320b3cfe23e0,Fastrack,Fastrack Women Denim Analogue Steel Watches,stylish comfortable analog wrist watch fastrack rsquo denim collection designed love everyday accessories case diameter 20 mm case thickness mm dial shape rectangle bull metallic case fixed bezel stone embellishments length side added durability style comfort bull metallic strap butterfly clasp comfort style bull blue dial brand logo marking rsquo clock position bull quartz movement time display bull screw reset time bull solid case back made stainless steel enhanced durability bull water resistant 30 meters helps wear swimming,not found,1795.0,1795.0,Watches,Accessories,Watches,0.0,Steel,Unknown,Unknown,Unknown,Unknown,8,220,34,0,0,0,0,1,1,0,0,0,0,0,0,0,1,7.493317248862145,0.0
d70c1033-3227-4466-8fb0-83354a894eb1,United Colors of Benetton,United Colors of Benetton Women Solid Grey Tops,composition grey top made 100 cotton neck ribbed hem pleated ribbed half sleeve fitting comfort wash care delicate machine wash 30 degrees using mild detergent dry clean tumble dry wring scrub bleach dry flat shade warm iron iron directly print embroidery heightened style top united colors benetton exudes perfect never compromise style comfort top exudes feminity sense term makes perfect winter wear team slim fit jeans sandals long earnings cool chic look model statistics model wears size shirts height chest 33,not found,1799.0,1799.0,Tops,Apparel,Topwear,1.0,Grey,Blended,Unknown,V-Neck,Casual,24,757,28,0,0,0,0,1,1,0,0,0,0,1,0,0,0,7.495541943884256,0.2
4f7fcdcc-4654-4d07-a10a-71ecab1a4169,ESPRIT,Esprit Women Houston Purple Ice Purple Watches,taking traditional designs giving modern twist makes esprit watches timeless timepieces classic houston analog wrist watch esprit exception contemporary trendy rsquo affordable timepiece exquisite design highlights individuality case diameter 22 mm case thickness mm dial shape rectangle synthetic case fixed bezel added durability style comfort synthetic strap tang clasp purple blue striped dial brand name running across 11 rsquo clock marking silver 12 rsquo clock marking lines miyota quartz movement time display screw reset time water resistance 30 meters allowing use even washing hands mild rain,not found,3495.0,3495.0,Watches,Accessories,Watches,0.0,Purple,Unknown,Unknown,Unknown,Unknown,7,185,34,0,0,0,0,1,1,0,0,0,0,0,0,0,1,8.159374736775426,0.0
f91d109a-30ae-4358-9701-46a732bc7508,United Colors of Benetton,United Colors of Benetton Men Checks Blue Shirts,composition blue checked shirt made 100 cotton full arms buttoned cuffs tipped collar grey inner lining cuffs collar front buttoned placket pocket left chest embroidered big ben logo fitting comfort wash care delicate machine wash 30 degrees using mild detergent dry clean tumble dry wring scrub bleach dry flat shade warm iron iron directly print embroidery get casual get comfortable style shirt united colors benetton full sleeves sure keep chill away winter roll sleeves suit occasion team jeans sports shoes cool casual look model statistics model wears size shirts height shoulders 18,not found,2499.0,2499.0,Shirts,Apparel,Topwear,0.0,Blue,Cotton,Regular Fit,Unknown,Unknown,24,693,20,0,0,1,0,0,1,0,0,0,0,1,0,0,0,7.824046010856292,0.0
4c6e307e-31e3-439b-b9c8-7b73733c72d8,ESPRIT,Esprit Women Houston Red Ice Red Watch,taking traditional designs giving modern twist makes esprit watches timeless timepieces classic houston analog wrist watch esprit exception contemporary trendy rsquo affordable timepiece exquisite design highlights individuality case diameter 22 mm case thickness mm dial shape rectangle synthetic case fixed bezel added durability style comfort synthetic strap tang clasp red purple striped dial brand name running across 11 rsquo clock marking silver 12 rsquo clock marking lines miyota quartz movement time display screw reset time water resistance 30 meters allowing use even washing hands mild rain,not found,3495.0,3495.0,Watches,Accessories,Watches,0.0,Red,Unknown,Unknown,Unknown,Unknown,7,186,34,0,0,0,0,1,1,0,0,0,0,0,0,0,1,8.159374736775426,0.0
4b75d880-d2db-4222-942c-5770c265c3e1,John Miller,John Miller Men Slim Brown Trousers,composition brown full length formal trousers dark brown pin stripes made 65 polyester 35 cotton flat front two pockets sides brand name embroidered beside right pocket front buttoned welt pocket right hip metal zipper button closure fitting regular wash care machine wash inside separately warm water bleach tumble dry low dry inside shade warm iron classy trousers mark gentleman brown formal trousers john miller go long way making sophisticated looking man gathering made choicest selected fabrics perfectly fitted office wear formal occasion want look best effortlessly pair crisp formal shirt leather shoes look spectacular model statistics model wears trousers length 41 height waist 32,not found,1099.0,1099.0,Trousers,Apparel,Bottomwear,0.0,Brown,Unknown,Slim Fit,Unknown,Unknown,14,357,31,0,0,1,0,0,0,0,1,0,0,1,0,0,0,7.003065458786462,0.0
57d19f9a-90c9-462a-9eee-d4e89cc3d724,ESPRIT,Esprit Men Croso Black Steel Watch,taking traditional designs giving modern twist makes esprit watches timeless timepieces classic corso analog wrist watch esprit exception contemporary trendy rsquo affordable timepiece exquisite design highlights individuality case diameter 38 mm case thickness mm dial shape rectangle stainless steel case embellished fixed bezel added durability style comfort leather strap tang clasp durable scratch resistant mineral crystal glass black dial embossed numbers silver embossed lines marking rsquo clock markings brand name 12 rsquo clock marking seconds chronograph rsquo clock marking textured centre quartz movement time display screw reset time solid case back enhanced durability water resistance 50 meters allows use swimming diving,not found,5795.0,5795.0,Watches,Accessories,Watches,0.0,Steel,Unknown,Unknown,Unknown,Unknown,7,159,34,0,0,1,0,0,1,0,0,0,0,0,0,0,1,8.664923303440572,0.0
aaed75aa-d50c-4083-83fa-89af38034791,United Colors of Benetton,United Colors of Benetton Men Travel Black Bags,bag united colors benetton perfect blend functionality style ample space lushly padded laptop chamber many additional zippers bag keep well organized height 50 cm length 29 cm depth 17 cm made 55 nylon 10 polyurethane 35 polyester one main chamber several zippered chambers three sub chambers store essentials branding leather patch embroidery outside panel adjustable padded back straps ease carrying care wash bleach iron dry clean tumble dry rub surface dry clean cloth remove dust dirt,not found,2699.0,944.0,Laptop Bag,Accessories,Bags,1.0,Black,Unknown,Unknown,Unknown,Unknown,24,733,16,0,0,1,0,0,1,0,0,0,0,1,0,0,0,7.90100705199242,0.2
0c05035c-80eb-4ce1-84ef-3b5e533c20aa,Clarks,Clarks Men Goya Band Leather Black Formal Shoes,smart work formal wear goya band black leather shoe clarks absolutely stylish comfortable classic men rsquo brogue comes supple upper moves flexes foot offering instant comfort lightweight rubber outsole offers long durability comfort upperfull leather upper strategically placed overlays breathable comfort stylesupple leather easily flexes moves offering comfortable wearlacing system snug customized fitbrand name embossed lateral ankle stylesoft leather fabric inner lining abrasion free wearmidsolepu midsole lightweight comfortcushioned footbed day comfort outsoledurable rubber outsole sea weed grooves forefoot heel absolute grip tractionraised heel ergonomic comfort styleshoe carewipe surface dry clean cloth remove dustbrush using branded leather conditioner restore shoe shinedo store direct sunlight,not found,3999.0,3999.0,Formal Shoes,Footwear,Shoes,1.0,Black,Unknown,Unknown,Unknown,Unknown,3,62,10,0,0,1,0,0,0,0,1,0,0,0,0,1,0,8.294049640102028,0.2
e07182b4-60a1-437b-8147-62ba99c6082c,John Miller,John Miller Men Reglur Black Trousers,composition black full length formal trousers dark blue pin stripes made polyester viscose blend flat front two pockets sides brand name embroidered beside right pocket front two buttoned welt pockets back metal zipper button closure fitting regular wash care machine wash inside separately warm water bleach tumble dry low dry inside shade warm iron classy trousers mark gentleman black formal trousers john miller go long way making sophisticated looking man gathering made choicest selected fabrics perfectly fitted office wear formal occasion want look best effortlessly pair crisp formal shirt leather shoes look spectacular model statistics model wears trousers length 41 height waist 32,not found,1299.0,1299.0,Trousers,Apparel,Bottomwear,1.0,Black,Unknown,Unknown,Unknown,Unknown,14,356,31,0,0,1,0,0,0,0,1,0,0,1,0,0,0,7.170119543449628,0.2
9e5de0be-efaf-4541-8a76-3a31534d52ba,ESPRIT,Esprit Men Imapc Rosegold Copper Chronograph Watch,taking traditional designs giving modern twist makes esprit watches timeless timepieces classic impac analog wrist watch esprit exception contemporary trendy rsquo affordable timepiece exquisite design highlights individuality case diameter 44 mm case thickness 10 mm dial shape round metallic case fixed bezel added durability style comfort metallic strap butterfly clasp durable scratch resistant mineral crystal glass black dial gold brushed lines marking hours date socket rsquo clock markings faced chronograph display brand name mentioned 12 rsquo clock marking miyota quartz movement time display screw reset time date solid case back enhanced durability time visibility low light conditions water resistance 100 meters allowing use even swimming,not found,9995.0,9995.0,Watches,Accessories,Watches,0.0,Copper,Unknown,Unknown,Unknown,Casual,7,164,34,0,0,1,0,0,1,0,0,0,0,0,0,0,1,9.209940291954844,0.0
857f7d7b-dace-4b6c-8493-bb83bc2f7b4a,John Miller,John Miller Men Line Navy Blue Trousers,composition navy blue full length formal trousers pin stripes made polyester viscose blend flat front two pockets sides brand name embroidered beside right pocket front two buttoned welt pockets back metal zipper button closure fitting regular wash care machine wash inside separately warm water bleach tumble dry low dry inside shade warm iron classy trousers mark gentleman navy blue formal trousers john miller go long way making sophisticated looking man gathering made choicest selected fabrics perfectly fitted office wear formal occasion want look best effortlessly pair crisp formal shirt leather shoes look spectacular model statistics model wears trousers length 41 height waist 32,not found,1299.0,1299.0,Trousers,Apparel,Bottomwear,0.0,Navy Blue,Unknown,Unknown,Unknown,Unknown,14,355,31,0,0,1,0,0,0,0,1,0,0,1,0,0,0,7.170119543449628,0.0
dacfb140-e759-4a8a-808b-90ce1e5e27d1,John Miller,John Miller Men Black Trousers,composition black full length formal trousers pin stripes made 65 polyester 35 cotton flat front two pockets sides brand name embroidered beside right pocket front buttoned welt pocket right hip metal zipper button closure fitting regular wash care machine wash inside separately warm water bleach tumble dry low dry inside shade warm iron classy trousers mark gentleman black formal trousers john miller go long way making sophisticated looking man gathering made choicest selected fabrics perfectly fitted office wear formal occasion want look best effortlessly pair crisp formal shirt leather shoes look spectacular model statistics model wears trousers length 41 height waist 32,not found,1099.0,1099.0,Trousers,Apparel,Bottomwear,1.0,Black,Unknown,Slim Fit,Unknown,Unknown,14,352,31,0,0,1,0,0,0,0,1,0,0,1,0,0,0,7.003065458786462,0.2
c7a4fe79-25b6-4bf6-ba00-04a8439be920,John Miller,John Miller Men Solid Type Black Trousers,composition black full length formal trousers pin stripes made polyester viscose blend flat front two pockets sides brand name embroidered beside right pocket front two buttoned welt pockets back metal zipper button closure fitting regular wash care machine wash inside separately warm water bleach tumble dry low dry inside shade warm iron classy trousers mark gentleman black formal trousers john miller go long way making sophisticated looking man gathering made choicest selected fabrics perfectly fitted office wear formal occasion want look best effortlessly pair crisp formal shirt leather shoes look spectacular model statistics model wears trousers length 41 height waist 32,not found,1299.0,1299.0,Trousers,Apparel,Bottomwear,1.0,Black,Unknown,Unknown,Unknown,Unknown,14,364,31,0,0,1,0,0,0,0,1,0,0,1,0,0,0,7.170119543449628,0.2
362c8a99-b420-44aa-a9cd-7d742c0e93fd,United Colors of Benetton,United Colors of Benetton Men Laptop Carry Black Bags,bag united colors benetton perfect blend functionality style ample space lushly padded laptop chamber many additional zippers bag keep well organized height 31 cm length 43 cm depth 10 cm made 80 polyester 20 polyurethane lining made 100 polyester generously padded laptop chamber fastened velcro strap three sub chambers store essentials styled sling style adjustable straps ease carrying care wash bleach iron dry clean tumble dry rub surface dry clean cloth remove dust dirt,not found,3099.0,1084.0,Laptop Bag,Accessories,Bags,1.0,Black,Unknown,Unknown,Unknown,Unknown,24,705,16,0,0,1,0,0,1,0,0,0,0,1,0,0,0,8.039157390473237,0.2
c4339b58-f6f6-446e-a15c-5e2af589ffcc,Wrangler,Wrangler Men Rain Light Denim Blue Shirts,compositionblue denim shirt made 100 cotton tipped collar full front button placket full hand cuff sleeves mid sleeve buttoned flap patch pocket left chest brand badge brand launch year graphic print back stitch detailing curved hemlinefittingcomfortwash careonly hand wash cold water using mild detergentwash dark colours separatelydo bleach wring tumble dryflat dry shademild iron iron print embellishment embroiderywear brand style denim shirt wrangler brand clothing world since 1947 full arm sleeves allow roll complete casual feel cotton fabric keeps fresh comfortable day team jeans sports shoes perfect casual look model statisticsthe model wears size shirtsheight shoulders 18,not found,2095.0,2095.0,Shirts,Apparel,Topwear,1.0,Blue,Cotton,Regular Fit,Unknown,Unknown,27,825,20,0,0,1,0,0,1,0,0,0,0,1,0,0,0,7.647786045440933,0.2
f4605767-5769-4639-a5ec-773da02dc485,Nike,Nike Men Runng Mens tshirt White Tshirts,compositionwhite round neck shirt made 92 polyester spandex mesh made 100 recycled polyester engineered dri fit technology short sleeves black side panels nike swoosh silver print left chestfittingcomfortwash caremachine wash cold 30 degrees like coloursdo use softeners bleachtumble dry lowremove immediately allow fabric lie wetcool iron iron designdo dry cleandesigned absolute running experience nike shirt replete dri fit comfort make sporting experience comfortable fun dri fit technology wicks away sweat allowing concentrate running strategically placed mesh panels enhance ventilation regulating body temperature team performance shorts running shoes complete running comfort,not found,1395.0,1395.0,Tshirts,Apparel,Topwear,1.0,White,Polyester,Regular Fit,Round Neck,Unknown,18,454,32,0,0,1,0,0,0,0,0,0,1,1,0,0,0,7.241366283322318,0.2
fbb2fb5e-3dcf-49db-a325-4b0ed23c326b,John Miller,John Miller Men Line Grey Trousers,composition grey full length formal trousers pin stripes made polyester viscose blend flat front two pockets sides brand name embroidered beside right pocket front two buttoned welt pockets back metal zipper button closure fitting regular wash care machine wash inside separately warm water bleach tumble dry low dry inside shade warm iron classy trousers mark gentleman grey formal trousers john miller go long way making sophisticated looking man gathering made choicest selected fabrics perfectly fitted office wear formal occasion want look best effortlessly pair crisp formal shirt leather shoes look spectacular model statistics model wears trousers length 41 height waist 32,not found,1299.0,1299.0,Trousers,Apparel,Bottomwear,0.0,Grey,Unknown,Unknown,Unknown,Unknown,14,354,31,0,0,1,0,0,0,0,1,0,0,1,0,0,0,7.170119543449628,0.0
48e05de9-ec0f-4240-84b1-44e8d6edb617,Clarks,Clarks Men Feeling Good Leather Brown Formal Shoes,perfect everyday wear footwear feeling good leather shoe sure exude lot good feeling vibes perfect occasions want smart look relaxed touch full grain leather shoe comes soft tread cushioning deliver exceptional comfort upperfull grain leather upper absolute durability breathability comfort stylelacing system offering snug customized fithairsheep inner lining absolute comfort abrasion free liningbrand badge lateral ankle stylemidsolepu midsole lightweight flexible comfortsoft tread footbed day cushioned comfort outsoleleather rubber mixed outsole absolute durabilitytriangular lugs forefoot heel absolute grip tractioncurved midfoot ergonomic comfortraised heel ergonomic comfort styleshoe carewipe surface dry clean cloth remove dustbrush using branded leather conditioner restore shoe shinedo store direct sunlight,not found,4999.0,4999.0,Formal Shoes,Footwear,Shoes,1.0,Brown,Unknown,Unknown,Unknown,Unknown,3,59,10,0,0,1,0,0,0,0,1,0,0,1,0,0,0,8.517193191416238,0.2
0cc9ae1e-80c9-431c-9f67-94bb232cbb90,Nike,Nike Women Hooded Purple Jacket,composition full sleeves purple light grey zippered training jacket made 100 nylon 100 polyester lining drawstring neck two zippered pockets sides brand name logo printed left chest comes small zippered pouch carry essentials fitting regular wash care machine wash like colours cold water 30 degrees using mild detergent bleach remove immediately allow lay wet tumble dry low cool iron dry clean iron directly print trims logo perfect training jacket sporty girls arrived purple grey jacket ought wear go daily runs park gymming absolutely lightweight attractive looks great feels good store essentials pockets little pouch comes jacket pair comfortable vest track pants shorts get going,not found,3695.0,3695.0,Jackets,Apparel,Topwear,1.0,Purple,Nylon,Unknown,Unknown,Unknown,18,482,14,0,0,0,0,1,0,0,0,0,1,0,0,1,0,8.215006432761575,0.2
2ac4017a-65c3-44f2-9249-14bf73a9b28d,ESPRIT,Esprit Women Lissomy Glam White Silver Watches,taking traditional designs giving modern twist makes esprit watches timeless timepieces classic lissomy analog wrist watch esprit exception contemporary trendy rsquo affordable timepiece exquisite design highlights individuality rsquo even better lissomy get tool shorten lengthen strap suit style case diameter 18 mmcase thickness mmdial shape rectanglesteel case fixed bezel crystal embellishments added durability style comfort leather strap tang claspdurable scratch resistant mineral crystal glass white dial silver lines marking rsquo clock 10 rsquo clock roman numbers marking 12 rsquo clock brand name rsquo clockquartz movement time display screw reset time solid case back enhanced durabilitywater resistant allowing use washing hands car,not found,4995.0,4995.0,Watches,Accessories,Watches,0.0,Silver,Unknown,Unknown,Unknown,Unknown,7,192,34,0,0,0,0,1,1,0,0,0,0,0,0,0,1,8.516392871245468,0.0
6a9e1e72-77bd-4b4c-9692-90ebcded9d1f,ESPRIT,Esprit Women Lissomy Glam Black Silver Watches,taking traditional designs giving modern twist makes esprit watches timeless timepieces classic lissomy analog wrist watch esprit exception contemporary trendy rsquo affordable timepiece exquisite design highlights individuality rsquo even better lissomy get tool shorten lengthen strap suit style case diameter 12 mmcase thickness mmdial shape rectanglesteel case fixed bezel cz crystal embellishments added durability style comfort steel strap butterfly claspdurable scratch resistant mineral crystal glass black dial silver lines marking rsquo clock 10 rsquo clock roman numbers marking 12 rsquo clock brand name rsquo clockquartz movement time display screw reset time solid case back enhanced durabilitywater resistant allowing use washing hands car,not found,4995.0,4995.0,Watches,Accessories,Watches,0.0,Silver,Unknown,Unknown,Unknown,Unknown,7,190,34,0,0,0,0,1,1,0,0,0,0,0,0,0,1,8.516392871245468,0.0
d2698bf3-44a8-42d8-a220-d5b1decdce9f,ESPRIT,Esprit Men Imapc Silver Black Steel Watch,taking traditional designs giving modern twist makes esprit watches timeless timepieces classic impac analog wrist watch esprit exception contemporary trendy rsquo affordable timepiece exquisite design highlights individuality case diameter 44 mm case thickness 10 mm dial shape round metallic case fixed bezel added durability style comfort metallic strap butterfly clasp durable scratch resistant mineral crystal glass black dial silver lines marking hours date socket rsquo clock markings chronograph timers brand name mentioned 12 rsquo clock marking miyota quartz movement time display screw reset time date solid case back enhanced durability time visibility low light conditions water resistance 100 meters allowing use even swimming,not found,9995.0,9995.0,Watches,Accessories,Watches,0.0,Steel,Unknown,Unknown,Unknown,Unknown,7,165,34,0,0,1,0,0,1,0,0,0,0,0,0,0,1,9.209940291954844,0.0
baa04437-a156-4050-936a-d24646ac6dd0,Wrangler,Wrangler Men Warnick Square Block Navy Blue Shirts,compositionred black white check shirt made 100 cotton tipped collar full front button placket full arm cuff sleeves mid sleeve buttoned flap buttoned flap pockets either chest embroidered branding back chest stitch detailing curved hemlinefittingcomfortwash careonly hand wash cold water using mild detergentwash dark colours separatelydo bleach wring tumble dryflat dry shademild iron iron print embellishment embroideryflaunt style checked shirt wrangler brand clothing world since 1947 full arm sleeves allow roll casual feel cotton fabric keeps fresh comfortable day team jeans sports shoes perfect semi formal look model statisticsthe model wears size shirtsheight shoulders 18,not found,1795.0,1795.0,Shirts,Apparel,Topwear,1.0,Navy Blue,Cotton,Regular Fit,Unknown,Unknown,27,844,20,0,0,1,0,0,1,0,0,0,0,1,0,0,0,7.493317248862145,0.2
375f0474-ace8-46af-87c6-7b0566926202,ESPRIT,Esprit Men Pure Vitality Brown Steel Watches,taking traditional designs giving modern twist makes esprit watches timeless timepieces classic pure vitality analog wrist watch esprit exception contemporary trendy rsquo affordable timepiece exquisite design highlights individuality case diameter 28 mm case thickness mm dial shape rectangle matt finish stainless steel case horizontal grooves fixed bezel added durability style comfort leather strap reptile embossing matt finish tang clasp branding durable scratch resistant mineral crystal glass white textured dial black accents branding 12 rsquo clock position lines denoting hour markings quartz movement time display screw reset time solid case back stainless steel enhanced durability water resistance 30 meters allowing use washing hands car,na,4795.0,4795.0,Watches,Accessories,Watches,0.0,Steel,Unknown,Unknown,Unknown,Unknown,7,169,34,0,0,1,0,0,1,0,0,0,0,0,0,0,1,8.475537516147405,0.0
9992eb33-ce9b-4f97-bf4f-a65728bb9a69,Wrangler,Wrangler Men Mark Rodeo Riveted Blue Shirts,compositionlight blue shirt made 100 cotton full arm cuff sleeves mid sleeve buttoned flap tipped collar full front buttoned placket stitch detailing along curved hem white blue striped fabric inseam collar branding left chest fittingcomfortwash careonly hand wash cold water using mild detergentwash dark colours separatelydo bleach wring tumble dryflat dry shademild iron iron print embellishment embroideryflaunt style light blue shirt wrangler brand clothing world since 1947 full arm sleeves allow roll complete casual feel cotton fabric keeps fresh comfortable day team jeans sports shoes perfect semi formal look model statisticsthe model wears size shirtsheight shoulders 18,not found,1595.0,1595.0,Shirts,Apparel,Topwear,1.0,Blue,Cotton,Regular Fit,Unknown,Unknown,27,817,20,0,0,1,0,0,1,0,0,0,0,1,0,0,0,7.3752557780097545,0.2
19f4cae6-aef4-4b69-babc-989ca4ce289d,ESPRIT,Esprit Women Lissomy Brown Steel Watches,taking traditional designs giving modern twist makes esprit watches timeless timepieces classic lissomy analog wrist watch esprit exception contemporary trendy rsquo affordable timepiece exquisite design highlights individuality rsquo even better lissomy get tool shorten lengthen strap suit style case diameter 11 mm 40 mmcase thickness mmdial shape rectanglesteel case fixed bezel added durability style comfort leather strap butterfly claspdurable scratch resistant mineral crystal glass white dial silver lines marking rsquo clock 10 rsquo clock roman numbers marking 12 rsquo clock brand name rsquo clockquartz movement time display screw reset time solid case back enhanced durabilitywater resistant allowing use washing hands car,not found,4795.0,4795.0,Watches,Accessories,Watches,0.0,Steel,Unknown,Unknown,Unknown,Unknown,7,189,34,0,0,0,0,1,1,0,0,0,0,0,0,0,1,8.475537516147405,0.0
91b845b2-80b6-4a81-9f6d-f6f50f9b05b4,Wrangler,Wrangler Men Furious Rides Navy Blue T-Shirts,compositionnavy blue round neck shirt made 100 cotton short sleeves graphic print front fittingcomfortwash careonly hand wash cold water using mild detergentwash dark colours separatelydo bleach wring tumble dryflat dry shademild iron iron print embellishment embroideryflaunt chilled biker attitude style navy blue shirt wrangler pay tribute brand set shop greensboro grew tremendous heights clothe world fabulous wear century short sleeves sit snug well toned arms cotton fabric keeps fresh comfortable day team jeans sports shoes cotton shorts leather sandals unparalleled cool model statisticsthe model wears size shirtsheight shoulders 18,not found,1095.0,1095.0,Tshirts,Apparel,Topwear,1.0,Navy Blue,Cotton,Regular Fit,Round Neck,Unknown,27,804,32,0,0,1,0,0,1,0,0,0,0,1,0,0,0,6.999422467507961,0.2
c61c5d2f-ac22-4890-ace9-798d7e8bf28d,Wrangler,Wrangler Men Malbork White Shirt,compositioncream navy blue maroon check shirt made 100 cotton nehru collar full front button placket short sleeves brand appliqu right sleeve buttoned flap pockets either chest embroidered branding left pocket curved hemlinefittingcomfortwash careonly hand wash cold water using mild detergentwash dark colours separatelydo bleach wring tumble dryflat dry shademild iron iron print embellishment embroideryflaunt style checked shirt wrangler brand clothing world since 1947 short sleeves accentuate well toned arms cotton fabric keeps fresh comfortable day team jeans sports shoes perfect semi formal look model statisticsthe model wears size shirtsheight shoulders 18,not found,1595.0,1595.0,Shirts,Apparel,Topwear,1.0,White,Cotton,Regular Fit,Unknown,Casual,27,812,20,0,0,1,0,0,1,0,0,0,0,1,0,0,0,7.3752557780097545,0.2
50135c10-0c48-4235-b9f7-e35526d87516,Nike,Nike Men Town Round Red Neck T-Shirts,composition red round neck shirt short sleeves made 100 cotton fabric tape detailing inseam neckline graphic print front nike swoosh printed left sleeve fitting regular wash care machine wash cold water 30 degrees like colours use bleach softeners remove immediately allow lay wet tumble dry low cool iron iron directly print trims logo dry clean mood look casual hip try red shirt nike cannot go wrong tee clean silhouette attractive graphic print perfect day wear pair jeans shorts walk around style 441200 063,not found,1045.0,1045.0,Tshirts,Apparel,Topwear,1.0,Red,Synthetic,Regular Fit,Round Neck,Unknown,18,456,32,0,0,1,0,0,0,0,0,0,1,1,0,0,0,6.952728644624869,0.2
96a1f4be-a9cc-499b-84da-c431bdefbc09,Wrangler,Wrangler Men Rider Striper Polo White T-Shirts,compositionorange navy blue white light blue striped polo neck shirt made 100 cotton tipped collar buttoned chest placket short sleeves vented hem embroidered branding left chest fittingcomfortwash careonly hand wash cold water using mild detergentwash dark colours separatelydo bleach wring tumble dryflat dry shademild iron iron print embellishment embroiderydesigned man regal style striped polo shirt wrangler made pure cotton keep fresh comfortable day short sleeves sit snugly around well toned arms vented hem provides comfortable fit team tee denims sports shoes wide range available myntra semi formal casual events model statisticsthe model wears size shirtsheight shoulders 18,not found,1195.0,1195.0,Tshirts,Apparel,Topwear,1.0,White,Cotton,Regular Fit,Polo Collar,Unknown,27,829,32,0,0,1,0,0,1,0,0,0,0,1,0,0,0,7.086737934510577,0.2
ab5c4fc8-fd9f-4062-88eb-7671be89c781,Wrangler,Wrangler Men Wrangler Station Navy Blue T-Shirts,compositionnavy blue round neck shirt made 100 cotton short sleeves graphic print front fittingcomfortwash careonly hand wash cold water using mild detergentwash dark colours separatelydo bleach wring tumble dryflat dry shademild iron iron print embellishment embroiderypay tribute fab brand wrangler clothing world ages north carolina helped company set shop shirt short sleeves sit snug well toned arms cotton fabric keeps fresh comfortable day team jeans sports shoes cotton shorts leather sandals unparalleled cool model statisticsthe model wears size shirtsheight shoulders 18,not found,845.0,845.0,Tshirts,Apparel,Topwear,1.0,Navy Blue,Cotton,Regular Fit,Round Neck,Unknown,27,849,32,0,0,1,0,0,1,0,0,0,0,1,0,0,0,6.740519359606223,0.2
524bbf0e-82dd-4955-b950-8e2432659afb,ESPRIT,Esprit Men Avalance Silver Steel Watches,taking traditional designs giving modern twist makes esprit watches timeless timepieces classic avalance analog wrist watch esprit exception contemporary trendy rsquo affordable timepiece exquisite design highlights individuality case diameter 44 mm case thickness 12 mm dial shape round stainless steel case fixed bezel added durability style comfort stainless steel bracelet strap clip closure durable scratch resistant mineral crystal glass silver dial embossed hour markings numbered 12 rsquo clock marking silver minute marking black chronograph mentioning days week 12 24 hour time display stop watch quartz movement time display screw reset time day solid case back enhanced durability water resistance 50 meters allows use swimming diving,not found,7495.0,7495.0,Watches,Accessories,Watches,0.0,Steel,Unknown,Unknown,Unknown,Unknown,7,156,34,0,0,1,0,0,1,0,0,0,0,0,0,0,1,8.922124823918258,0.0
5e2d12a2-81ff-4599-a1e4-dd923d7b724f,ESPRIT,Esprit Men Athletic Rosegold Copper Watches,taking traditional designs giving modern twist makes esprit watches timeless timepieces classic athletic black analog wrist watch esprit exception contemporary trendy rsquo affordable timepiece exquisite design highlights individuality case diameter 47 mm case thickness 10 mm dial shape round metallic case numbering fixed bezel added durability style comfort leather strap tang clasp black dial numbers printed dark grey bordered metallic lines quartz movement time display chronograph time display minute second hour specific time display timer screw reset time alarm set timer fluorescence see time low light conditions solid case back made stainless steel enhanced durability water resistance 100 meters allowing use even swimming,not found,9995.0,9995.0,Watches,Accessories,Watches,0.0,Copper,Unknown,Unknown,Unknown,Unknown,7,151,34,0,0,1,0,0,1,0,0,0,0,0,0,0,1,9.209940291954844,0.0
b2fbcae4-b4a8-48a5-8042-fd5a80d935fc,ESPRIT,Esprit Men Athletic Silver Black Steel Watches,taking traditional designs giving modern twist makes esprit watches timeless timepieces classic athletic black analog wrist watch esprit exception contemporary trendy rsquo affordable timepiece exquisite design highlights individuality case diameter 47 mm case thickness 10 mm dial shape round metallic case numbering fixed bezel added durability style comfort leather strap tang clasp black dial numbers printed dark grey bordered metallic lines quartz movement time display chronograph time display minute second hour specific time display timer screw reset time alarm set timer fluorescence see time low light conditions solid case back made stainless steel enhanced durability water resistance 100 meters allowing use even swimming,not found,9995.0,9995.0,Watches,Accessories,Watches,0.0,Steel,Unknown,Unknown,Unknown,Unknown,7,152,34,0,0,1,0,0,1,0,0,0,0,0,0,0,1,9.209940291954844,0.0
a098fabd-e7c4-4364-b9bb-011609ce3a68,ESPRIT,Esprit Men Athletic Black Steel Watches,taking traditional designs giving modern twist makes esprit watches timeless timepieces classic athletic black analog wrist watch esprit exception contemporary trendy rsquo affordable timepiece exquisite design highlights individuality case diameter 47 mm case thickness 10 mm dial shape round metallic case numbering fixed bezel added durability style comfort leather strap tang clasp black dial numbers printed dark grey bordered metallic lines quartz movement time display chronograph time display minute second hour specific time display timer screw reset time alarm set timer fluorescence see time low light conditions solid case back made stainless steel enhanced durability water resistance 100 meters allowing use even swimming,not found,9495.0,9495.0,Watches,Accessories,Watches,0.0,Steel,Unknown,Unknown,Unknown,Unknown,7,150,34,0,0,1,0,0,1,0,0,0,0,0,0,0,1,9.158625936289503,0.0
2baee658-34c3-4647-a154-126cd2db511c,United Colors of Benetton,United Colors of Benetton Men Printed Blue Tshirts,composition royal blue round neck shirt made 100 cotton short sleeves vented hem graphic print running left shoulder across front fitting comfort wash care delicate machine wash 30 degrees using mild detergent dry clean tumble dry wring scrub bleach dry flat shade warm iron iron directly print embroidery carry key successful life everywhere go royal blue shirt united colors benetton team tee jeans sports shoes uber cool look model statistics model wears size shirts height shoulders 18,not found,999.0,999.0,Tshirts,Apparel,Topwear,0.0,Blue,Cotton,Regular Fit,Round Neck,Unknown,24,712,32,0,0,1,0,0,1,0,0,0,0,1,0,0,0,6.907755278982137,0.0
8f29d64c-bf64-455a-9440-105242d83313,United Colors of Benetton,United Colors of Benetton Women Grey Top,composition grey tunic top made 70 modal 30 polyester sleeveless neck scarf made similar material wash care delicate machine wash inside cold water 30c mild detergent bleach scrub wring tumble dry dry inside flat shade cool iron iron directly print embroidery dry clean heightened style tunic top united colors benetton exudes perfect warm winter days top coupled scarf designed never compromise style comfort team slim fit jeans stilettos long earnings cool chic look size fitcomfort fitthe model height chest 33 wearing size,not found,1599.0,1599.0,Tops,Apparel,Topwear,0.0,Grey,Modal,Unknown,Scoop Neck,Casual,24,742,28,0,0,0,0,1,1,0,0,0,0,1,0,0,0,7.3777589082278725,0.0
7bcef792-f720-4937-a559-10cc998462ac,Wrangler,Wrangler Men Furious Rides White T-Shirts,compositionwhite round neck shirt made 100 cotton short sleeves graphic print front fittingcomfortwash careonly hand wash cold water using mild detergentwash dark colours separatelydo bleach wring tumble dryflat dry shademild iron iron print embellishment embroideryflaunt chilled biker attitude style white shirt wrangler pay tribute brand set shop greensboro grew tremendous heights clothe world fabulous wear century short sleeves sit snug well toned arms cotton fabric keeps fresh comfortable day team jeans sports shoes cotton shorts leather sandals unparalleled cool model statisticsthe model wears size shirtsheight shoulders 18,not found,1095.0,1095.0,Tshirts,Apparel,Topwear,1.0,White,Cotton,Regular Fit,Round Neck,Unknown,27,805,32,0,0,1,0,0,1,0,0,0,0,1,0,0,0,6.999422467507961,0.2
476734d3-7cc0-4fdb-8fa6-2074d9615a40,Wrangler,Wrangler Men Wrangler Station Grey T-Shirts,compositiongrey round neck shirt made 100 cotton short sleeves graphic print front fittingcomfortwash careonly hand wash cold water using mild detergentwash dark colours separatelydo bleach wring tumble dryflat dry shademild iron iron print embellishment embroiderypay tribute fab brand wrangler clothing world ages north carolina helped company set shop shirt short sleeves sit snug well toned arms cotton fabric keeps fresh comfortable day team jeans sports shoes cotton shorts leather sandals unparalleled cool model statisticsthe model wears size shirtsheight shoulders 18,not found,845.0,845.0,Tshirts,Apparel,Topwear,1.0,Grey,Cotton,Regular Fit,Round Neck,Unknown,27,848,32,0,0,1,0,0,1,0,0,0,0,1,0,0,0,6.740519359606223,0.2
8c5bc95f-1806-4d93-b502-c48a672738cf,Wrangler,Wrangler Men Mark Rodeo Riveted Black Shirts,compositionblack shirt made 100 cotton full arm cuff sleeves mid sleeve buttoned flap tipped collar full front buttoned placket stitch detailing along curved hem white grey striped fabric inseam collar branding left chest fittingcomfortwash careonly hand wash cold water using mild detergentwash dark colours separatelydo bleach wring tumble dryflat dry shademild iron iron print embellishment embroideryflaunt style black shirt wrangler ndash brand clothing world since 1947 full arm sleeves allow roll complete casual feel cotton fabric keeps fresh comfortable day team jeans sports shoes perfect semi formal look model statisticsthe model wears size shirtsheight shoulders 18,not found,1595.0,1595.0,Shirts,Apparel,Topwear,0.0,Black,Cotton,Regular Fit,Unknown,Unknown,27,816,20,0,0,1,0,0,1,0,0,0,0,1,0,0,0,7.3752557780097545,0.0
fc220a7c-1173-4dd5-aa9d-2ad978a8bc02,Murcia,Murcia Women Rubena Brown Handbags,want make style statement effortlessly caramel brown shoulder bag murcia come handy bag large enough accomodate essentials plus attractive get apprecaitive glances day long versatile bag looks great casual outfits formal wear time take office storm coolest chick mall made leather enhanced durability styletwo roomy zippered compartments inner zippered pocket small pouch hold essentialssmall zippered compartment back stowing essentialscontrast thread detailing added attractiontwo short handles ease carrying fixed buckled straps sides stud detailing increased stylemetallic embellishment end straps stud detailing straps added attractionbranded zippers sliders easy use bag care rub surface dry clean cloth remove dust dirt use mild leather cleaner,na,1450.0,1450.0,Handbags,Accessories,Bags,1.0,Brown,Unknown,Unknown,Unknown,Casual,16,418,12,0,0,0,0,1,1,0,0,0,0,0,0,0,1,7.280008252884188,0.2
d6046989-25dc-4529-936b-a482721cfacc,Reebok,Reebok Unisex Twist Black Sandals,comfort mind reebok twist sandals transport heavenly bliss stylish absolutely lightweight super comfy make feel like walking bed roses day ruggedly crafted casual wear team jeans shorts step style upperleather upper rugged feel styleover foot straps foam bottom added comfortback strap hold foot firmly placebrand name front backmidsolecushioned footbed day comfortelevated ridges footbed massage like feelleather lining soft touch moisture absorptionoutsolerubber outsole provides durable traction variety surfaceslugs periphery outsole better tractionsandal careuse leather brush dust dirtuse leather shoe polish make shoes shinedo store direct sunlight,not found,1299.0,1299.0,Sandals,Footwear,Sandal,1.0,Black,Unknown,Unknown,Unknown,Unknown,21,629,18,0,0,0,1,0,1,0,0,0,0,1,0,0,0,7.170119543449628,0.2
8805c507-de5b-48d6-ac31-7e46019fd810,Fastrack,Fastrack Women Denim Analogue Steel Watch,stylish comfortable analog wrist watch fastrack denim collection designed love everyday accessories case diameter 20 mm case thickness mm dial shape rectangle metallic case fixed bezel stone embellishments length side added durability style comfort metallic strap butterfly clasp comfort style colourful dial brand logo marking clock position quartz movement time display screw reset time solid case back made stainless steel enhanced durability water resistant 30 meters helps wear swimming,not found,1795.0,1795.0,Watches,Accessories,Watches,0.0,Steel,Unknown,Unknown,Unknown,Unknown,8,219,34,0,0,0,0,1,1,0,0,0,0,0,0,0,1,7.493317248862145,0.0
1f9d99fd-7781-426e-bf3c-a04180935e5b,Rockport,Rockport Men Espresso Brown Casual Shoes,slip laidback comfort plaintoe shoes coming rockport signature series shoes feature nonsense upper crafted nubuck stitch detailing extra style engineered adidas adiprene technology shoe offers day cushioning comfort making great buy upper nubuck upper added strength durability padded tongue collar protect excessive rubbing prevent blistering lace ups snug fit brand name engraved tongue midsole highly shock absorbent adiprene technology infused cushioning protects heel impact day cushioned comfort polyurethane pu midsole offers durability long term wear shock absorbent cushioning help reduce foot fatigue outsole lightweight slip resistant rubber outsole delivers shock absorption thereby reducing foot fatigue flex grooves provide flexibility foot movement textures outsole enhances grip various surfaces,not found,6999.0,6999.0,Casual Shoes,Footwear,Shoes,0.0,Brown,Unknown,Unknown,Unknown,Unknown,22,646,5,0,0,1,0,0,1,0,0,0,0,1,0,0,0,8.85366542803745,0.0
6654a9d7-a38e-4764-90b9-3b40708bf43b,Murcia,Murcia Women Asjke Brown Brown Handbags,want make style statement effortlessly dark brown shoulder bag murcia come handy bag large enough accomodate essentials plus attractive get apprecaitive glances day long versatile bag looks great casual outfits formal wear time take office storm coolest chick mall made leather enhanced durability style two roomy zippered compartments inner zippered pocket hold essentials small zippered compartment front back stowing essentials contrast thread detailing added attraction adjustable belt sides two padded short handles ease carrying extra comfort metal loops handles stud detailing added style genuine leather badge front branded zippers sliders easy use bag care rub surface dry clean cloth remove dust dirt use mild leather cleaner,na,1350.0,1350.0,Handbags,Accessories,Bags,1.0,Brown,Unknown,Unknown,Unknown,Casual,16,370,12,0,0,0,0,1,1,0,0,0,0,0,0,0,1,7.208600337960199,0.2
a164c810-6d46-4292-92a3-1308ae255afc,ESPRIT,Esprit Men Avalance Blue Steel Watches,taking traditional designs giving modern twist makes esprit watches timeless timepieces classic avalance analog wrist watch esprit exception contemporary trendy rsquo affordable timepiece exquisite design highlights individuality case diameter 44 mm case thickness 12 mm dial shape round stainless steel case fixed bezel added durability style comfort stainless steel strap butterfly closure durable scratch resistant mineral crystal glass blue dial embossed hour markings numbered 12 rsquo clock marking silver minute marking silver chronograph mentioning days week 12 24 hour time display quartz movement time display screw reset time day solid case back enhanced durability water resistance 50 meters allows use swimming diving,not found,7495.0,7495.0,Watches,Accessories,Watches,0.0,Steel,Unknown,Unknown,Unknown,Unknown,7,154,34,0,0,1,0,0,1,0,0,0,0,0,0,0,1,8.922124823918258,0.0
da3fa7f0-7c63-4ad0-93e8-5970d1a7981a,John Miller,John Miller Men Solid Brown Shirts,composition dark maroon full sleeved shirt made 100 cotton patch pocket left chest full length buttoned placket brand initials embroidered right cuff fit classic wash care machine hand wash 40 wash dark colours separately bleach tumble dry normal hot iron formal clothes boring make weekdays fun wearing formal shirt john miller shirt looks fresh crisp keep cool day long pair well fitting formal trousers pair leather shoes take office storm model statistics model wears size shirts height shoulders 18,not found,1049.0,1049.0,Shirts,Apparel,Topwear,0.0,Brown,Cotton,Regular Fit,Unknown,Unknown,14,360,20,0,0,1,0,0,0,0,1,0,0,1,0,0,0,6.956545443151569,0.0
ee919296-4e5f-4755-b463-3af790bae522,John Miller,John Miller Men Solid Blue Shirts,composition peacock blue full sleeved shirt made 100 cotton patch pocket left chest full length buttoned placket brand initials embroidered right cuff fit classic wash care machine hand wash 40 wash dark colours separately bleach tumble dry normal hot iron formal clothes boring make weekdays fun wearing formal shirt john miller shirt looks fresh crisp keep cool day long pair well fitting formal trousers pair leather shoes take office storm model statistics model wears size shirts height shoulders 18,not found,1049.0,1049.0,Shirts,Apparel,Topwear,0.0,Blue,Cotton,Regular Fit,Unknown,Unknown,14,359,20,0,0,1,0,0,0,0,1,0,0,1,0,0,0,6.956545443151569,0.0
def88e1d-55f0-44df-8b26-ff8b12ae7a04,United Colors of Benetton,United Colors of Benetton Men Solid Polo Blue Tshirts,compositiondark blue shirt made 100 cotton ribbed collar buttoned rugged chest placket short sleeves ribbed hems vented hem embroidered big ben logo left chestfittingcomfortwash caredelicate machine wash 30 degrees using mild detergentdo dry cleando tumble dry wring scrub bleachdry flat shadewarm irondo iron directly print embroiderysubtle stylish blue polo shirt united colors benetton speaks volumes sense heightened style rugged placket chest coupled thickly embroidered big ben logo left chest enhances regal style ribbed sleeve hems contour well toned arms perfectly vented hem offers comfortable fit team jeans sports shoes cool casual look model statisticsthe model wears size shirtsheight shoulders 18,not found,1399.0,1399.0,Tshirts,Apparel,Topwear,0.0,Blue,Cotton,Regular Fit,Unknown,Unknown,24,724,32,0,0,1,0,0,1,0,0,0,0,1,0,0,0,7.24422751560335,0.0
58437b35-b466-4ba9-b9ff-4e26652e1b73,ESPRIT,Esprit Women Houston Funky Pink Pink Watches,taking traditional designs giving modern twist makes esprit watches timeless timepieces classic houston analog wrist watch esprit exception contemporary trendy rsquo affordable timepiece exquisite design highlights individuality case diameter 22 mm case thickness mm dial shape rectangle plastic case fixed bezel crystal embellishments added durability style comfort plastic strap fancy clasp pink dial brand name running across 11 rsquo clock marking silver miyota quartz movement time display screw reset time water resistance 30 meters allowing use even washing hands mild rain,not found,3995.0,3995.0,Watches,Accessories,Watches,0.0,Pink,Unknown,Unknown,Unknown,Unknown,7,183,34,0,0,0,0,1,1,0,0,0,0,0,0,0,1,8.293049139768444,0.0
7d9840fa-c973-405c-94c2-50c9cb6d6e55,Wrangler,Wrangler Men Fly The Wind Blue T-Shirts,compositionblue round neck shirt made 100 cotton short sleeves graphic print front left sleeve fittingcomfortwash careonly hand wash cold water using mild detergentwash dark colours separatelydo bleach wring tumble dryflat dry shademild iron iron print embellishment embroideryflaunt chilled biker attitude style blue shirt wrangler company doling fabulous jean wear casual clothes since 1947 short sleeves sit snug well toned arms cotton fabric keeps fresh comfortable day team jeans sports shoes cotton shorts leather sandals unparalleled cool model statisticsthe model wears size shirtsheight shoulders 18,not found,845.0,845.0,Tshirts,Apparel,Topwear,1.0,Blue,Cotton,Regular Fit,Round Neck,Unknown,27,802,32,0,0,1,0,0,1,0,0,0,0,1,0,0,0,6.740519359606223,0.2
e65ac60d-2bb7-4dde-8a47-53d9d02a13a1,ESPRIT,Esprit Men Grand Victory Black With Leather Strap Black Watches,taking traditional designs giving modern twist makes esprit watches timeless timepieces classic grand victory analog wrist watch esprit exception contemporary trendy rsquo affordable timepiece exquisite design highlights individuality case diameter 44 mm case thickness mm dial shape round steel case fixed bezel added durability style comfort steel strap butterfly clasp durable scratch resistant mineral crystal glass black dial silver line hour markings numbered 12 rsquo clock marking brand name 12 rsquo clock date socket rsquo clock chronographic time display quartz movement screw reset time date solid case back stainless steel enhanced durability water resistance 50 meters allowing use washing hands car,not found,7995.0,7995.0,Watches,Accessories,Watches,0.0,Black,Unknown,Unknown,Unknown,Unknown,7,162,34,0,0,1,0,0,1,0,0,0,0,0,0,0,1,8.98669669562029,0.0
78301615-1639-4825-993e-2510a4d1011d,John Miller,John Miller Men Solid Purple Shirt,composition purple full sleeved shirt made 100 cotton patch pocket left chest full length buttoned placket brand initials embroidered right cuff fit classic wash care machine hand wash 40 wash dark colours separately bleach tumble dry normal hot iron formal clothes boring make weekdays fun wearing formal shirt john miller shirt looks fresh crisp keep cool day long pair well fitting formal trousers pair leather shoes take office storm model statistics model wears size shirts height shoulders 18,not found,1049.0,1049.0,Shirts,Apparel,Topwear,1.0,Purple,Cotton,Regular Fit,Unknown,Semiformal,14,362,20,0,0,1,0,0,0,0,1,0,0,1,0,0,0,6.956545443151569,0.2
e5a56298-c089-476c-8697-83587b4d0d44,John Miller,John Miller Men Solid Purple Shirts,composition purple full sleeved shirt made 100 cotton patch pocket left chest full length buttoned placket brand initials embroidered right cuff fit classic wash care machine hand wash 40 wash dark colours separately bleach tumble dry normal hot iron formal clothes boring make weekdays fun wearing formal shirt john miller shirt looks fresh crisp keep cool day long pair well fitting formal trousers pair leather shoes take office storm model statistics model wears size shirts height shoulders 18,not found,999.0,999.0,Shirts,Apparel,Topwear,0.0,Purple,Cotton,Regular Fit,Unknown,Unknown,14,363,20,0,0,1,0,0,0,0,1,0,0,1,0,0,0,6.907755278982137,0.0
264a8d81-b361-4165-bb16-12beb7581982,John Miller,John Miller Men Solid Black Shirts,composition black full sleeved shirt made 100 cotton patch pocket left chest full front buttoned placket brand initials embroidered right cuff fit classic wash care machine hand wash 40 wash dark colours separately bleach tumble dry normal hot iron formal clothes boring make weekdays fun wearing formal shirt john miller shirt looks fresh crisp keep cool day long pair well fitting formal trousers pair leather shoes take office storm model statistics model wears size shirts height shoulders 18,not found,1049.0,1049.0,Shirts,Apparel,Topwear,1.0,Black,Cotton,Regular Fit,Unknown,Semiformal,14,358,20,0,0,1,0,0,0,0,1,0,0,1,0,0,0,6.956545443151569,0.2
7b1e4984-7506-483a-af7a-96f46f7e6cd8,Wrangler,Wrangler Men American Music Folk Navy Blue T-Shirts,compositionnavy blue round neck shirt made 100 cotton short sleeves brand print distressed graphic print frontfittingcomfortwash careonly hand wash cold water using mild detergentwash dark colours separatelydo bleach wring tumble dryflat dry shademild iron iron print embellishment embroiderygroove tunes american music style green shirt wrangler pay tribute brand set shop greensboro grew tremendous heights clothe world fabulous wear century short sleeves sit snug well toned arms cotton fabric keeps fresh comfortable day team jeans sports shoes cotton shorts leather sandals unparalleled cool model statisticsthe model wears size shirtsheight shoulders 18,not found,895.0,895.0,Tshirts,Apparel,Topwear,1.0,Navy Blue,Cotton,Regular Fit,Round Neck,Unknown,27,774,32,0,0,1,0,0,1,0,0,0,0,1,0,0,0,6.79794041297493,0.2
f01aedcd-5dba-418d-a16d-e79fad965109,Rockport,Rockport Men Captoe Brown Casual Shoes,slip laidback comfort cap toe hi shoes coming rockport clearview series shoes feature uppers crafted premium leather stitch detailing extra style engineered adidas adiprene technology shoe offers day cushioning comfort making great buy upper premium leather upper soft plush feel stitch detailing greater style lace ups snug fit heel cup greater structure stability brand logo embedded behind collar midsole highly shock absorbent adiprene technology infused cushioning protects heel impact day cushioned comfort polyurethane pu midsole offers durability long term wear shock absorbent cushioning help reduce foot fatigue outsole lightweight slip resistant rubber outsole delivers shock absorption thereby reducing foot fatigue herringbone pattern provides better traction flex grooves provide flexibility foot movement,not found,6999.0,6999.0,Casual Shoes,Footwear,Shoes,0.0,Brown,Unknown,Unknown,Unknown,Unknown,22,636,5,0,0,1,0,0,1,0,0,0,0,1,0,0,0,8.85366542803745,0.0
06973f07-0079-4e7c-918c-a97e0b9b4967,ESPRIT,Esprit Women Twist Black Houston Silver Watches,taking traditional designs giving modern twist makes esprit watches timeless timepieces classic twist houston analog wrist watch esprit exception contemporary trendy rsquo affordable timepiece exquisite design highlights individuality case diameter 22 mm case thickness mm dial shape rectangle polished stainless steel case fixed bezel added durability style comfort polished stainless steel bracelet twisted design crystal embellishments clip clasp durable scratch resistant mineral crystal glass black dial brand name running across 11 rsquo clock position twisted design dial quartz movement time display screw reset time solid case back enhanced durability water resistance 30 meters allowing use washing hands car,not found,5995.0,5995.0,Watches,Accessories,Watches,0.0,Silver,Unknown,Unknown,Unknown,Unknown,7,212,34,0,0,0,0,1,1,0,0,0,0,0,0,0,1,8.698847859222488,0.0
e64ef406-9035-4989-a24b-2292b58d7d17,Wrangler,Wrangler Men Famous Filafil Blue T-Shirts,compositiondark blue melange round neck shirt made 100 cotton full arm set sleeves attached main body tee crafted stitch detailing navy blue neckline stitch detailing along sleeve shirt hems graphic print chest fittingcomfortwash careonly hand wash cold water using mild detergentwash dark colours separatelydo bleach wring tumble dryflat dry shademild iron iron print embellishment embroiderywear brand tee welcome winter style full sleeve shirt wrangler full sleeves sure keep chill bay close round neck keeps warm casual winter days spend time outdoors family friends team jeans sports shoes unparalleled cool model statisticsthe model wears size shirtsheight shoulders 18,not found,1295.0,1295.0,Tshirts,Apparel,Topwear,1.0,Blue,Cotton,Regular Fit,Round Neck,Unknown,27,800,32,0,0,1,0,0,1,0,0,0,0,1,0,0,0,7.16703787691222,0.2
53ecccc3-0689-4b8f-8e1a-a271cb42903c,Wrangler,Wrangler Men American Music Folk Green T-Shirts,compositiongreen round neck shirt made 100 cotton short sleeves brand print distressed graphic print frontfittingcomfortwash careonly hand wash cold water using mild detergentwash dark colours separatelydo bleach wring tumble dryflat dry shademild iron iron print embellishment embroiderygroove tunes american music style green shirt wrangler pay tribute brand set shop greensboro grew tremendous heights clothe world fabulous wear century short sleeves sit snug well toned arms cotton fabric keeps fresh comfortable day team jeans sports shoes cotton shorts leather sandals unparalleled cool model statisticsthe model wears size shirtsheight shoulders 18,not found,895.0,895.0,Tshirts,Apparel,Topwear,1.0,Green,Cotton,Regular Fit,Round Neck,Unknown,27,773,32,0,0,1,0,0,1,0,0,0,0,1,0,0,0,6.79794041297493,0.2
09bbe32a-8cc2-4d29-b329-63a5cdb16ec0,ESPRIT,Esprit Men Avalance Black Steel Watches,taking traditional designs giving modern twist makes esprit watches timeless timepieces classic avalance analog wrist watch esprit exception contemporary trendy rsquo affordable timepiece exquisite design highlights individuality case diameter 44 mm case thickness 12 mm dial shape round stainless steel case fixed bezel added durability style comfort leather strap buckle clasp durable scratch resistant mineral crystal glass black dial embossed hour markings numbered 12 rsquo clock marking silver minute marking silver chronograph mentioning days week 12 24 hour time display quartz movement time display screw reset time day solid case back enhanced durability water resistance 50 meters allows use swimming diving,not found,6995.0,6995.0,Watches,Accessories,Watches,0.0,Steel,Unknown,Unknown,Unknown,Unknown,7,153,34,0,0,1,0,0,1,0,0,0,0,0,0,0,1,8.853093836138493,0.0
181bb495-098d-480c-bd8e-e8642e93505a,ESPRIT,Esprit Men Axis Black Steel Watches,taking traditional designs giving modern twist makes esprit watches timeless timepieces classic axis analog wrist watch esprit exception contemporary trendy rsquo affordable timepiece exquisite design highlights individuality case diameter 45 mm case thickness 11 mm dial shape round stainless steel case fixed bezel added durability style comfort leather strap tang clasp durable scratch resistant mineral crystal glass black dial numbered hour markings date day socket near rsquo clock marking quartz movement time display fluorescent hour markings hands easy viewing time low light conditions screw reset time day date solid case back enhanced durability water resistance 30 meters allows use washing hands car,not found,4995.0,4995.0,Watches,Accessories,Watches,0.0,Steel,Unknown,Unknown,Unknown,Unknown,7,157,34,0,0,1,0,0,1,0,0,0,0,0,0,0,1,8.516392871245468,0.0
95097b49-2f9a-4156-a57c-b2c477f1c8ef,Wrangler,Wrangler Men Fly The Wind White T-Shirts,compositionwhite round neck shirt made 100 cotton short sleeves graphic print front left sleeve fittingcomfortwash careonly hand wash cold water using mild detergentwash dark colours separatelydo bleach wring tumble dryflat dry shademild iron iron print embellishment embroideryflaunt chilled biker attitude style white shirt wrangler company doling fabulous jean wear casual clothes since 1947 short sleeves sit snug well toned arms cotton fabric keeps fresh comfortable day team jeans sports shoes cotton shorts leather sandals unparalleled cool model statisticsthe model wears size shirtsheight shoulders 18,not found,845.0,845.0,Tshirts,Apparel,Topwear,1.0,White,Cotton,Regular Fit,Round Neck,Unknown,27,803,32,0,0,1,0,0,1,0,0,0,0,1,0,0,0,6.740519359606223,0.2
1775ce76-1388-40bd-99dc-096fd2d58fbf,Nike,Nike Men Training Navy Blue Shorts,composition navy blue shorts made 96 polyester spandex 100 polyester grey panels sides orange stripes panels made 95 polyester spandex pockets sides comfortable elastic waistband inner drawstring nike swoosh printed left leg fitting regular washcare machine wash like colours cold water 30 degrees use softeners bleach remove immediately allow lay wet tumble dry low iron dry clean comfort style go hand hand comes pair navy blue shorts nike orange stripes running sides add touch vibrancy shorts fabric breathable waist band soft snug fit use internal drawstring wear gymming jogging play sport smart tee pair well fitting shoes need hit road,not found,1795.0,1795.0,Shorts,Apparel,Bottomwear,1.0,Navy Blue,Unknown,Unknown,Unknown,Unknown,18,457,21,0,0,1,0,0,0,0,0,0,1,0,0,1,0,7.493317248862145,0.2
1e1ca1ed-947b-4da2-975d-dfc982308582,United Colors of Benetton,United Colors of Benetton Men Printed Purple Tshirts,composition purple lange round neck shirt made 93 cotton elastane short sleeves graphic print chest fitting comfort wash care delicate machine wash 30 degrees using mild detergent dry clean tumble dry wring scrub bleach dry flat shade warm iron iron directly print embroidery sporty stylish purple lange shirt united colors benetton speaks volumes sense heightened style photographic print bicyclist across chest enhances fashion statement short sleeves contour well toned arms perfectly team jeans cycling shorts cycling shoes cool casual look model statistics model wears size shirts height shoulders 18,not found,1199.0,1199.0,Tshirts,Apparel,Topwear,0.0,Purple,Cotton,Regular Fit,Round Neck,Unknown,24,715,32,0,0,1,0,0,1,0,0,0,0,1,0,0,0,7.090076835776092,0.0
266d79e8-b0b0-4f67-b826-46314238d6d6,Puma,Puma Men cover Black Tshirts,composition black round neck short sleeved shirt made 100 cotton softly ribbed neckline fabric tape detailing inseam brand logo embroidered nape neck graphic print front fitting regular wash care gentle machine wash like colours cool water 30 degrees bleach tumble dry warm iron dry clean puma cover shirt casual style great look enjoy lightness comfort try puma cat graphic shirt remind lineage model statistics model wears size shirts height shoulder 18,not found,999.0,999.0,Tshirts,Apparel,Topwear,0.0,Black,Synthetic,Regular Fit,Round Neck,Unknown,20,567,32,0,0,1,0,0,1,0,0,0,0,1,0,0,0,6.907755278982137,0.0
9fdedf77-bb7c-430d-a950-76822218e1b7,ESPRIT,Esprit Women Silver Glam Rock Houston Steel Watches,taking traditional designs giving modern twist makes esprit watches timeless timepieces classic glam rock houston analog wrist watch esprit exception contemporary trendy rsquo affordable timepiece exquisite design highlights individuality case diameter mm case thickness mm dial shape rectangle polished pyramidic stainless steel case fixed bezel crystal embellishments added durability style comfort stainless steel strap butterfly clasp branding durable scratch resistant mineral crystal glass silver dial brand name running across 11 rsquo clock position quartz movement time display screw reset time solid case back stainless steel enhanced durability water resistance 30 meters allowing use washing hands car,na,5995.0,5995.0,Watches,Accessories,Watches,0.0,Steel,Unknown,Unknown,Unknown,Unknown,7,206,34,0,0,0,0,1,1,0,0,0,0,0,0,0,1,8.698847859222488,0.0
43b384f5-157f-441e-8566-eaabe581e2af,ESPRIT,Esprit Men Grand Victory White Dial Steel Watches,taking traditional designs giving modern twist makes esprit watches timeless timepieces classic grand victory analog wrist watch esprit exception contemporary trendy rsquo affordable timepiece exquisite design highlights individuality case diameter 45 mm case thickness mm dial shape round steel case fixed bezel added durability style comfort rubber strap tang clasp durable scratch resistant mineral crystal glass white dial hour marking numbered 12 rsquo clock marking brand name 12 rsquo clock date socket rsquo clock chronographic time display quartz movement screw reset time date solid case back stainless steel enhanced durability water resistance 50 meters allowing use washing hands car,not found,7995.0,7995.0,Watches,Accessories,Watches,0.0,Steel,Unknown,Unknown,Unknown,Unknown,7,163,34,0,0,1,0,0,1,0,0,0,0,0,0,0,1,8.98669669562029,0.0
d804ab3a-3a74-4343-ad91-381f14e6ed99,Nike,Nike Women As Club Jerse White T-Shirts,composition white grey striped polo shirt made 95 cotton spandex ribbed collar cuffs two button placket fitting slim wash care machine wash cold 30 degrees like colours bleach tumble dry low remove immediately allow lay wet cool iron iron design dry clean creative spin timeless style versatile nike club jersey women shakes look bold stripes tailored cut iconic eye catching logo secret polo versatility subtlety cut fold collar soft feel material tailored cut delivers clean customized look yarn dyed stripes add pop color taking classic design whole new direction short sleeves allow great range motion create casual warm weather style,not found,1195.0,1195.0,Tshirts,Apparel,Topwear,1.0,White,Cotton,Regular Fit,Polo Collar,Unknown,18,469,32,0,0,0,0,1,0,0,0,0,1,1,0,0,0,7.086737934510577,0.2
5f2eed3f-c737-4b2e-8ba5-ce983b366b68,ESPRIT,Esprit Women Pure Black Glam Rock Houston Steel Watches,taking traditional designs giving modern twist makes esprit watches timeless timepieces classic glam rock houston analog wrist watch esprit exception contemporary trendy rsquo affordable timepiece exquisite design highlights individuality case diameter mm case thickness mm dial shape rectangle polished pyramidic stainless steel case fixed bezel crystal embellishments added durability style comfort stainless steel strap butterfly clasp branding durable scratch resistant mineral crystal glass black dial brand name running across 11 rsquo clock position quartz movement time display screw reset time solid case back stainless steel enhanced durability water resistance 30 meters allowing use washing hands car,na,5495.0,5495.0,Watches,Accessories,Watches,0.0,Steel,Unknown,Unknown,Unknown,Unknown,7,197,34,0,0,0,0,1,1,0,0,0,0,0,0,0,1,8.611775833902186,0.0
53225fe9-ebe4-475f-a749-7c77346de063,New Balance,New Balance MW631 Men Others Walking Black Sports Shoes,slip resistant walking shoe specifically designed service environments shoe new balance features abzorb heel forefoot grip outsole leather upper absolute comfort style upper premium leather textile upper style contrast stitch detailing extra durability midsole abzorb cushioning heel forefoot exceptional shock absorption outsole durance rubber compound outsole maximum durability high wear areas shoe care brush surface soft clean damp cloth remove dust machine wash store direct sunlight,not found,2999.0,2999.0,Sports Shoes,Footwear,Shoes,0.0,Black,Unknown,Unknown,Unknown,Unknown,17,429,24,0,0,1,0,0,0,0,0,0,1,1,0,0,0,8.006367567650246,0.0
69e438b7-fbd2-4cf4-aaf9-541c27ccec97,Wrangler,Wrangler Men Manitoba Piping Black Shirts,compositionblack grey check shirt light blue accents made 100 cotton tipped collar full front button placket short sleeves buttoned flap pockets either chest embroidered brand badge left pocket curved hemlinefittingcomfortwash careonly hand wash cold water using mild detergentwash dark colours separatelydo bleach wring tumble dryflat dry shademild iron iron print embellishment embroideryflaunt style checked shirt wrangler brand clothing world since 1947 short sleeves accentuate well toned arms cotton fabric keeps fresh comfortable day team jeans sports shoes perfect semi formal look model statisticsthe model wears size shirtsheight shoulders 18,not found,1795.0,1795.0,Shirts,Apparel,Topwear,1.0,Black,Cotton,Regular Fit,Unknown,Unknown,27,813,20,0,0,1,0,0,1,0,0,0,0,1,0,0,0,7.493317248862145,0.2
a086e709-1358-4e4f-b0c9-5815b4bc8c6a,Clarks,Clarks Men Goya Rates Leather Black Formal Shoes,perfect daily formal wear goya rates leather shoe clarks comes simple yet versatile style underfoot cushioning sole adjusts every stride upperfull grain leather upper absolute durability breathability comfort styleleather inner lining footbed absolute comfort abrasion free lininglace system snug customized fithas generous width fittingbrand name embossed lateral anklemidsolepu midsole lightweight flexible comfortcushioned footbed day comfortflexible sole bends foot rsquo natural movementoutsoledurable rubber outsole seaweed lugs forefoot heel absolute grip traction raised heel enhanced grip ergonomic comfort styleshoe carewipe surface dry clean cloth remove dustbrush using branded leather conditioner restore shoe shinedo store direct sunlight,not found,3999.0,3999.0,Formal Shoes,Footwear,Shoes,0.0,Black,Unknown,Unknown,Unknown,Unknown,3,63,10,0,0,1,0,0,0,0,1,0,0,1,0,0,0,8.294049640102028,0.0
048d7356-b0bc-4457-94be-6925b5997c3d,Reebok,Reebok Men Runtone Action Brown Sports Shoes,reebok runtone fitness shoe engineered strategically built balance pods transfer air response stride great hit men women alike season reebok runtone sneaker vast array pods fitted outsole helps burn calories easily uppermesh upper synthetic overlays enhanced breathabilitylace ups snug fitcushioned collar tongue footbed extra comfortmesh tongue greater breathabilitybreathable mesh lining removable insert midsoleeva midsole cushioned support shock absorptionoutsolebalance ball inspired pods moving air technology transfers air response stride forefoot flex grooves provide flexibility footstrike toe multi surface rubber outsole traction durabilitywash carewipe surface soft clean damp cloth remove dustdo machine wash,not found,7999.0,7999.0,Sports Shoes,Footwear,Shoes,1.0,Brown,Unknown,Unknown,Unknown,Unknown,21,623,24,0,0,1,0,0,0,0,0,0,1,1,0,0,0,8.987196820661973,0.2
4745f2d1-3773-4396-9250-454bcc09db1a,ESPRIT,Esprit Women Grace Two Tone Steel Watch,taking traditional designs giving modern twist makes esprit watches timeless timepieces classic grace analog wrist watch esprit exception contemporary trendy rsquo affordable timepiece exquisite design highlights individuality case diameter 21 mm case thickness mm dial shape rectangle stainless steel case embellished zircon stones fixed bezel added durability style comfort stainless steel strap gold ion plated bars butterfly clasp durable scratch resistant mineral crystal glass mother pearl dial embossed hour marking numbers gold ion minute markings black gold ion plated hands quartz movement time display screw reset time solid case back enhanced durability water resistant therefore allows use washing hands car,not found,6995.0,6995.0,Watches,Accessories,Watches,0.0,Steel,Unknown,Unknown,Unknown,Unknown,7,181,34,0,0,0,0,1,1,0,0,0,0,0,0,0,1,8.853093836138493,0.0
c75eaa42-0b6f-4d18-a9d9-f3b18a078fe3,United Colors of Benetton,United Colors of Benetton Women Solid Green T-shirt,composition green neck shirt made 100 cotton short sleeves big ben logo crystal embellishments left chest fitting comfort wash care delicate machine wash 30 degrees using mild detergent dry clean tumble dry wring scrub bleach dry flat shade warm iron iron directly print embroidery ldquo sporty rdquo middle name green shirt united colors benetton designed especially clean cuts neat finish top looks great jeans shorts skirts sandals sports footwear available wide collection myntra model statistics model wears size shirts height chest 33,not found,799.0,799.0,Tshirts,Apparel,Topwear,0.0,Green,Cotton,Regular Fit,V-Neck,Casual,24,755,32,0,0,0,0,1,1,0,0,0,0,1,0,0,0,6.684611727667927,0.0
371b4104-baad-4d47-95ca-dd5445e9eac7,United Colors of Benetton,United Colors of Benetton Men Printed Grey Tshirts,composition charcoal grey round neck shirt made 100 cotton short sleeves vented hem graphic print front fitting comfort wash care delicate machine wash 30 degrees using mild detergent dry clean tumble dry wring scrub bleach dry flat shade warm iron iron directly print embroidery flash smile everyone rsquo face winter happy shirt united colors benetton team tee jeans sports shoes uber cool look model statistics model wears size shirts height shoulders 18,not found,1099.0,1099.0,Tshirts,Apparel,Topwear,0.0,Grey,Cotton,Regular Fit,Round Neck,Unknown,24,713,32,0,0,1,0,0,1,0,0,0,0,1,0,0,0,7.003065458786462,0.0
af92ed8f-d862-49ff-a84c-3245328b501e,Wrangler,Wrangler Men Manitoba Piping Blue Shirts,compositionblue black check shirt white accents made 100 cotton tipped collar full front button placket short sleeves buttoned flap pockets either chest embroidered brand badge left pocket curved hemlinefittingcomfortwash careonly hand wash cold water using mild detergentwash dark colours separatelydo bleach wring tumble dryflat dry shademild iron iron print embellishment embroideryflaunt style checked shirt wrangler ndash brand clothing world since 1947 short sleeves accentuate well toned arms cotton fabric keeps fresh comfortable day team jeans sports shoes perfect semi formal look model statistics model wears size shirtsheight shoulders 18,not found,1795.0,1795.0,Shirts,Apparel,Topwear,0.0,Blue,Cotton,Regular Fit,Unknown,Unknown,27,814,20,0,0,1,0,0,1,0,0,0,0,1,0,0,0,7.493317248862145,0.0
bade2a15-71f3-41ac-8c6d-c618b327b972,Wrangler,Wrangler Men Applique Polo Brown T-Shirts,compositionlight brown dark brown blue striped polo neck shirt made 100 cotton tipped collar buttoned chest placket short sleeves ribbed hems vented hem brand badge appliqu left chest fittingcomfortwash careonly hand wash cold water using mild detergentwash dark colours separatelydo bleach wring tumble dryflat dry shademild iron iron print embellishment embroiderydesigned man regal style striped polo shirt wrangler made pure cotton keep fresh comfortable day short sleeves sit snugly around well toned arms vented hem provides comfortable fit team tee denims sports shoes wide range available myntra semi formal casual events model statisticsthe model wears size shirtsheight shoulders 18,not found,1195.0,1195.0,Tshirts,Apparel,Topwear,1.0,Brown,Cotton,Regular Fit,Polo Collar,Unknown,27,776,32,0,0,1,0,0,1,0,0,0,0,1,0,0,0,7.086737934510577,0.2
d9e62ff3-34d3-47a5-bad1-53c4c5f48576,Crocs,Wrangler Men Rider Solid White Shirts,compositionwhite shirt made 100 cotton full arm cuff sleeves mid sleeve buttoned flap tipped collar full front buttoned placket patch pocket left chest embroidered branding curved hemline fittingcomfortwash careonly hand wash cold water using mild detergentwash dark colours separatelydo bleach wring tumble dryflat dry shademild iron iron print embellishment embroideryflaunt style white shirt wrangler brand clothing world since 1947 full arm sleeves allow roll complete casual feel cotton fabric keeps fresh comfortable day team jeans sports shoes perfect semi formal look model statisticsthe model wears size shirtsheight shoulders 18,not found,1495.0,1495.0,Flip Flops,Footwear,Flip Flops,1.0,White,Cotton,Regular Fit,Unknown,Unknown,4,828,9,0,0,1,0,0,1,0,0,0,0,1,0,0,0,7.310550158534422,0.2
d1996c37-8657-4de6-9f5f-f5fda9c6d5eb,Clarks,Clarks Men Rocco Fuse Leather Grey Casual Shoes,blending classic style laidback sports influence rocco fuse leather shoe clarks delivers contemporary look absolute comfort flexible sole offers day wearability modern shoe worn barefoot well stylish edge upperfull leather upper stitch detailing toe box overlay absolute durability breath ability comfort stylelacing system trims eyelets offering snug customized fithairsheep inner lining absolute comfort abrasion free liningbrand badge lateral ankle stylepu foxing durabilitymidsolepu midsole lightweight flexible comfortcushioned footbed day comfort outsoledurable rubber panels stacked together create outsole absolute grip tractionshoe carewipe surface dry clean cloth remove dustbrush using branded leather conditioner restore shoe shinedo store direct sunlight,not found,3499.0,3499.0,Casual Shoes,Footwear,Shoes,0.0,Grey,Unknown,Unknown,Unknown,Unknown,3,74,5,0,0,1,0,0,1,0,0,0,0,1,0,0,0,8.160518247477505,0.0
0e3572e5-d492-4f05-9d75-28df550cd87d,Clarks,Clarks Men Rocco Fuse Brown Casual Shoes,blending classic style laidback sports influence rocco fuse leather shoe clarks delivers contemporary look absolute comfort flexible sole offers day wearability modern shoe worn barefoot well stylish edge upperfull leather upper stitch detailing toe box overlay absolute durability breath ability comfort stylelacing system trims eyelets offering snug customized fithairsheep inner lining absolute comfort abrasion free liningbrand badge lateral ankle stylepu foxing durabilitymidsolepu midsole lightweight flexible comfortcushioned footbed day comfort outsoledurable rubber panels stacked together create outsole absolute grip tractionshoe carewipe surface dry clean cloth remove dustbrush using branded leather conditioner restore shoe shinedo store direct sunlight,not found,3499.0,3499.0,Casual Shoes,Footwear,Shoes,0.0,Black,Unknown,Unknown,Unknown,Unknown,3,73,5,0,0,1,0,0,1,0,0,0,0,1,0,0,0,8.160518247477505,0.0
aa7ab439-10a5-4558-91a5-307e8e17d2d7,United Colors of Benetton,United Colors of Benetton Men Solid White Shirts,composition white shirt made 67 linen 33 cotton tipped collar full front buttoned placket full sleeves buttoned cuffs pocket left chest embroidered big ben logo curved hem fitting comfort wash care delicate machine wash 30 degrees using mild detergent dry clean tumble dry wring scrub bleach dry flat shade warm iron iron directly print embroidery add immense style semi formal look white shirt united colors benetton cynosure eyes stylish shirt fabric keeps fresh comfortable day full arm sleeves add touch regality personality pair jeans corduroys suede shoes perfect look model statistics model wears size shirts height shoulders 18,not found,2299.0,2299.0,Shirts,Apparel,Topwear,0.0,White,Cotton,Regular Fit,Unknown,Unknown,24,727,20,0,0,1,0,0,1,0,0,0,0,1,0,0,0,7.7406644019172415,0.0
4f3e06ce-6610-4e9e-9b22-c86d4b6eaae6,Wrangler,Wrangler Men Galway Placket Label Check Shirt,compositionred green light yellow check shirt made 100 cotton tipped collar full front button placket full arm cuff sleeves mid sleeve buttoned flap buttoned flap pockets either chest curved hemlinefittingcomfortwash careonly hand wash cold water using mild detergentwash dark colours separatelydo bleach wring tumble dryflat dry shademild iron iron print embellishment embroideryflaunt style checked shirt wrangler brand clothing world since 1947 short sleeves accentuate well toned arms cotton fabric keeps fresh comfortable day team jeans sports shoes perfect semi formal look model statisticsthe model wears size shirtsheight shoulders 18,not found,1895.0,1895.0,Shirts,Apparel,Topwear,1.0,Green,Cotton,Regular Fit,Unknown,Casual,27,806,20,0,0,1,0,0,1,0,0,0,0,1,0,0,0,7.547501682814967,0.2
aa9f6729-3b3d-401b-8071-cd6c7f869933,Wrangler,Wrangler Men Rider Solid Black Shirts,compositionblack shirt made 100 cotton full arm cuff sleeves mid sleeve buttoned flap tipped collar full front buttoned placket patch pocket left chest embroidered branding curved hemline fittingcomfortwash careonly hand wash cold water using mild detergentwash dark colours separatelydo bleach wring tumble dryflat dry shademild iron iron print embellishment embroideryflaunt style black shirt wrangler ndash brand clothing world since 1947 full arm sleeves allow roll complete casual feel cotton fabric keeps fresh comfortable day team jeans sports shoes perfect semi formal look model statisticsthe model wears size shirtsheight shoulders 18,not found,1495.0,1495.0,Shirts,Apparel,Topwear,0.0,Black,Cotton,Regular Fit,Unknown,Unknown,27,827,20,0,0,1,0,0,1,0,0,0,0,1,0,0,0,7.310550158534422,0.0
18d3c6d2-5da1-44e0-825b-61b3d944468b,Wrangler,Wrangler Men Authentic Rope Embro Red Shirts,compositionred black check shirt white accents made 100 cotton tipped collar full front button placket short sleeves buttoned flap pockets either chest brand badge left flap curved hemlinefittingcomfortwash careonly hand wash cold water using mild detergentwash dark colours separatelydo bleach wring tumble dryflat dry shademild iron iron print embellishment embroideryflaunt style checked shirt wrangler brand clothing world since 1947 short sleeves accentuate well toned arms cotton fabric keeps fresh comfortable day team jeans sports shoes perfect semi formal look model statisticsthe model wears size shirtsheight shoulders 18,not found,1495.0,1495.0,Shirts,Apparel,Topwear,1.0,Red,Cotton,Regular Fit,Unknown,Unknown,27,778,20,0,0,1,0,0,1,0,0,0,0,1,0,0,0,7.310550158534422,0.2
a8378f2e-6677-4713-8ca1-4ec33f62f6df,Wrangler,Wrangler Men Famous Filafil Maroon T-Shirts,compositionmaroon melange round neck shirt made 100 cotton full arm set sleeves attached main body tee crafted stitch detailing maroon neckline stitch detailing along sleeve shirt hems graphic print chest fittingcomfortwash careonly hand wash cold water using mild detergentwash dark colours separatelydo bleach wring tumble dryflat dry shademild iron iron print embellishment embroiderywear brand tee welcome winter style full sleeve shirt wrangler full sleeves sure keep chill bay close round neck keeps warm casual winter days spend time outdoors family friends team jeans sports shoes unparalleled cool model statisticsthe model wears size shirtsheight shoulders 18,not found,1295.0,1295.0,Tshirts,Apparel,Topwear,1.0,Maroon,Cotton,Regular Fit,Round Neck,Unknown,27,801,32,0,0,1,0,0,1,0,0,0,0,1,0,0,0,7.16703787691222,0.2
bbbbfdc6-9f19-4af8-80c7-e1072b003aaa,LOCOMOTIVE,Locomotive Men American Glory White Tshirts,composition white round neck shirt short sleeves made 100 cotton graphic print lettering front fitting regular wash care gentle machine wash lukewarm water 40 degrees wash dark colours separately bleach tumble dry normal line dry warm iron white shirt locomotive bubbling energy style yearning belong saluting esat coast army wing tee uses great colour combination graphic print give clothing make centre attraction every gathering team jeans shorts perfectly casual cool look model statistics model wears size shirts height shoulders 19,not found,454.0,227.0,Tshirts,Apparel,Topwear,1.0,White,Cotton,Slim Fit,Round Neck,Unknown,15,367,32,0,0,1,0,0,1,0,0,0,0,1,0,0,0,6.12029741895095,0.2
bee456ee-6811-4eb1-a957-4abba73a7924,Wrangler,Wrangler Men Blue Striped T-shirt,compositionblue dark blue pink green striped polo neck shirt made 100 cotton tipped collar buttoned chest placket short sleeves ribbed hems vented hem brand badge appliqu left chest fittingcomfortwash careonly hand wash cold water using mild detergentwash dark colours separatelydo bleach wring tumble dryflat dry shademild iron iron print embellishment embroiderydesigned man regal style striped polo shirt wrangler made pure cotton keep fresh comfortable day short sleeves sit snugly around well toned arms vented hem provides comfortable fit team tee denims sports shoes wide range available myntra semi formal casual events model statisticsthe model wears size shirtsheight shoulders 18,not found,1195.0,1195.0,Tshirts,Apparel,Topwear,1.0,Blue,Cotton,Regular Fit,Polo Collar,Casual,27,782,32,0,0,1,0,0,1,0,0,0,0,1,0,0,0,7.086737934510577,0.2
6cf0c9b6-e3c4-4651-bf71-bb504848d125,Wrangler,Wrangler Men City Work Black Shirts,compositionblack grey light brown white check shirt made 100 cotton tipped collar full front button placket full hand cuff sleeves mid sleeve buttoned flap buttoned flap pocket left chest brand badge curved hemlinefittingcomfortwash careonly hand wash cold water using mild detergentwash dark colours separatelydo bleach wring tumble dryflat dry shademild iron iron print embellishment embroiderywear brand style checked shirt wrangler brand clothing world since 1947 full arm sleeves allow roll complete casual feel cotton fabric keeps fresh comfortable day team jeans leather shoes perfect semi formal look model statisticsthe model wears size shirtsheight shoulders 18,not found,1895.0,1895.0,Shirts,Apparel,Topwear,1.0,Black,Cotton,Regular Fit,Unknown,Unknown,27,785,20,0,0,1,0,0,1,0,0,0,0,1,0,0,0,7.547501682814967,0.2
fba25c4f-c8dd-4c49-81ca-af27608d31da,Murcia,Murcia Women Rubena Black Handbags,want make style statement effortlessly black shoulder bag murcia come handy bag large enough accomodate essentials plus attractive get apprecaitive glances day long versatile bag looks great casual outfits formal wear time take office storm coolest chick mall made leather enhanced durability style two roomy zippered compartments inner zippered pocket small pouch hold essentials small zippered compartment back stowing essentials contrast thread detailing added attraction two short handles ease carrying fixed buckled straps sides stud detailing increased style metallic embellishment end straps stud detailing straps added attraction branded zippers sliders easy use bag care rub surface dry clean cloth remove dust dirt use mild leather cleaner,na,1450.0,1450.0,Handbags,Accessories,Bags,1.0,Black,Unknown,Unknown,Unknown,Casual,16,417,12,0,0,0,0,1,1,0,0,0,0,0,0,0,1,7.280008252884188,0.2
8a8fb14b-6cb3-4c83-8b31-0adf99dabf96,Puma,Puma Men Ferrari Logo Black Tshirts,composition black round neck short sleeved shirt made 35 cotton 65 polyester green white red fabric tape inseam neckline chequered pattern back ferrari logo appliqu left chest right sleeve puma logo appliqu back neck fitting regular wash care gentle machine wash like colours cool water 30 degrees bleach tumble dry warm iron dry clean sport black shirt puma friends know ferrari fan midst ferrari logo looks regal chest chequered pattern back reminds everyone formula one flag red hot tee looks best jeans cool shoes time race model statistics model wears size shirts height shoulder 18,not found,1899.0,1899.0,Tshirts,Apparel,Topwear,1.0,Black,Synthetic,Regular Fit,Round Neck,Unknown,20,523,32,0,0,1,0,0,1,0,0,0,0,1,0,0,0,7.549609165154532,0.2
7c6461c0-612b-431d-94e4-d1389a4b0bbf,Nike,Nike Men Black & White Reversible Shorts,composition black white reversible shorts made 100 polyester elastic waist interior drawcord mesh panel back waist sides vented hem fitting comfort wash care machine wash cold 30 degrees like colours bleach tumble dry low remove immediately allow lay wet cool iron iron design dry clean scorers defenders alike require maximum range motion lead teams victory plenty nike shorts garmet fully reversed versatality two garments one even shorts strategic ventilation dri fit technology wicks away sweat concentrate big win sports shorts focus keeping dry stylish comfortable,not found,1395.0,1395.0,Shorts,Apparel,Bottomwear,1.0,Black,Polyester,Unknown,Unknown,Sports,18,440,21,0,0,1,0,0,0,0,0,0,1,0,0,1,0,7.241366283322318,0.2
ddc0faa3-669f-4a2b-9d15-a3edce28eb33,Jealous 21,Jealous 21 Women Uaine Purple Tops,composition purple white checked tunic top made 100 cotton short puffed sleeves foldover hems tipped collar front buttoned placket mid back pleat ruched waist sides curved hem fitting comfort wash care delicate machine wash 30 degrees using mild detergent dry clean tumble dry wring scrub bleach dry flat shade warm iron iron directly print embroidery flaunt feminity style checked tunic top jealous 21 pleat mid back ruched sides enhances curves need flaunted fabric keeps fresh comfortable day team slim fit jeans heeled sandals final touch feminity model statistics model wears size shirts height chest 33,not found,999.0,999.0,Tops,Apparel,Topwear,0.0,Purple,Blended,Unknown,Shirt Collar,Casual,13,348,28,0,0,0,0,1,1,0,0,0,0,1,0,0,0,6.907755278982137,0.0
f25de3c7-cc51-451e-85f9-5fe73c5e289b,Flying Machine,Flying Machine Men Chrysanthemum Red Tshirts,compositionlight red round neck shirt made 100 cotton ribbed neckline tape detailing inseam collar tape detailing behind collar navy blue thread detailing shoulder behind collar short sleeves brand tab appliqued right sleeve distressed look printed brand badge left sleeve distressed look applique embroidery embellishment frontfittingregularwash caremachine wash colddo tumble dryturn inside dryingdont dry direct sunlightuse warm irondo iron printupgrade cool quotient light red shirt flying machine distressed look applique lettering embroidered branding chest adds dash urban style cotton fabric keeps fresh day team jeans canvas shoes really laidback look model statisticsthe model wears size shirtsheight shoulders 19,not found,799.0,799.0,Tshirts,Apparel,Topwear,1.0,Red,Cotton,Regular Fit,Round Neck,Unknown,9,226,32,0,0,1,0,0,1,0,0,0,0,1,0,0,0,6.684611727667927,0.2
1443a15f-f73b-4e2a-ba66-ba99bbd932da,Flying Machine,Flying Machine Women Veron Grey Jeans,composition washed grey skinny jeans made 65 cotton 32 polyester spandex two insert pockets front side two patch pockets back thread detailing brand patch appliqued waistband back metal zipper button closure fit low rise skinny fit wash care machine wash cold water tumble dry turn inside drying dry direct sunlight use warm iron iron print denim person washed grey skinny jeans flying machine delight low rise great skinny fit might want take pull perfect companion shirts sexy tops model statistics model wears trousers length 39 height rdquo waist 26 rdquo hips ndash 36 rdquo,not found,1499.0,749.0,Jeans,Apparel,Bottomwear,0.0,Grey,Unknown,Skinny Fit,Unknown,Casual,9,291,15,0,0,0,0,1,1,0,0,0,0,1,0,0,0,7.313220387090301,0.0
691b7667-c5cd-4cd0-a019-648ca3994e5a,Wrangler,Wrangler Men Urban Raiser Red Shirts,compositionred black green white check shirt made 100 cotton tipped collar full front button placket full hand cuff sleeves mid sleeve buttoned flap buttoned flap pocket left chest brand badge curved hemlinefittingcomfortwash careonly hand wash cold water using mild detergentwash dark colours separatelydo bleach wring tumble dryflat dry shademild iron iron print embellishment embroiderywear brand style checked shirt wrangler brand clothing world since 1947 full arm sleeves allow roll complete casual feel cotton fabric keeps fresh comfortable day team jeans leather shoes perfect semi formal look model statisticsthe model wears size shirtsheight shoulders 18,not found,1795.0,1795.0,Shirts,Apparel,Topwear,1.0,Red,Cotton,Regular Fit,Unknown,Unknown,27,840,20,0,0,1,0,0,1,0,0,0,0,1,0,0,0,7.493317248862145,0.2
19375517-c512-4d68-b854-3ed923ea6d1f,Wrangler,Wrangler Men City Work Navy Blue Shirts,compositiongreen black red white check shirt made 100 cotton tipped collar full front button placket full hand cuff sleeves mid sleeve buttoned flap buttoned flap pocket left chest brand badge curved hemlinefittingcomfortwash careonly hand wash cold water using mild detergentwash dark colours separatelydo bleach wring tumble dryflat dry shademild iron iron print embellishment embroiderywear brand style checked shirt wrangler brand clothing world since 1947 full arm sleeves allow roll complete casual feel cotton fabric keeps fresh comfortable day team jeans leather shoes perfect semi formal look model statisticsthe model wears size shirtsheight shoulders 18,not found,1895.0,1895.0,Shirts,Apparel,Topwear,1.0,Navy Blue,Cotton,Regular Fit,Unknown,Unknown,27,786,20,0,0,1,0,0,1,0,0,0,0,1,0,0,0,7.547501682814967,0.2
9a562853-dd03-48dc-9143-8854af0740eb,Wrangler,Wrangler Men Urban Raiser Green Shirts,compositiongreen navy blue orange check shirt made 100 cotton tipped collar full front button placket full hand cuff sleeves mid sleeve buttoned flap buttoned flap pocket left chest brand badge curved hemlinefittingcomfortwash careonly hand wash cold water using mild detergentwash dark colours separatelydo bleach wring tumble dryflat dry shademild iron iron print embellishment embroiderywear brand style checked shirt wrangler brand clothing world since 1947 full arm sleeves allow roll complete casual feel cotton fabric keeps fresh comfortable day team jeans leather shoes perfect semi formal look model statisticsthe model wears size shirtsheight shoulders 18,not found,1795.0,1795.0,Shirts,Apparel,Topwear,1.0,Green,Cotton,Regular Fit,Unknown,Unknown,27,839,20,0,0,1,0,0,1,0,0,0,0,1,0,0,0,7.493317248862145,0.2
7f361c2e-2e70-44fa-b7cf-a84b65c0f887,Murcia,Murcia Women Asjke Green Green Handbags,want make style statement effortlessly green shoulder bag murcia come handy bag large enough accommodate essentials plus attractive get appreciative glances day long versatile bag looks great casual outfits formal wear time take office storm coolest chick mall made leather enhanced durability styletwo roomy zippered compartments inner zippered pocket hold essentialssmall zippered compartment front back stowing essentialscontrast thread detailing added attractionadjustable belt sidestwo padded short handles ease carrying extra comfortmetal loops handles stud detailing added stylegenuine leather badge frontbranded zippers sliders easy use bag carerub surface dry clean cloth remove dust dirtuse mild leather cleaner,na,1350.0,1350.0,Handbags,Accessories,Bags,1.0,Green,Unknown,Unknown,Unknown,Casual,16,372,12,0,0,0,0,1,1,0,0,0,0,0,0,0,1,7.208600337960199,0.2
6c07f07d-b0fb-46e2-a52c-2596a2ebd156,Carrera,Carrera Men Dial steel finish strap Silver Watches,carrera watch industry five decades proven masters art creating high quality timepieces new range carrera watches fresh take classic drivers rsquo racers rsquo watch models perfect urban wear case diameter 40 mm case thickness 15 mm dial shape octagon stainless steel case steel strap black patching brand inscription inner side enhanced durability comfort style tang clasp brand inscription fixed stainless steel bezel added durability style black busy dial metallic numbers metallic hands seconds hands red three sub dials three stop watches chronograph easy reading time metallic crown adjust time date day water resistant 100 meters making suitable scuba diving,not found,11950.0,11950.0,Watches,Accessories,Watches,0.0,Silver,Unknown,Unknown,Unknown,Unknown,2,29,34,0,0,1,0,0,1,0,0,0,0,0,0,0,1,9.388570235866881,0.0
7897b027-7388-484e-8339-4de8f62f9368,Carrera,Carrera Men Sporty Rubber Strap Yellow Watch,carrera watch industry five decades proven masters art creating high quality timepieces new range carrera watches fresh take classic drivers rsquo racers rsquo watch models perfect urban wear case diameter 42 mm case thickness 11 mm dial shape octagon stainless steel case black coating rubber strap branding tang clasp brand inscription fixed stainless steel bezel added durability style metallic hands black busy dial dots numbers automated reading date magnifying glass reading date easy reading metallic crown adjust time date day water resistant 100 meters making suitable swimming white water rafting non snorkelling water related work fishing,not found,4450.0,4450.0,Watches,Accessories,Watches,0.0,Yellow,Unknown,Unknown,Unknown,Unknown,2,37,34,0,0,1,0,0,1,0,0,0,0,0,0,0,1,8.400884069015854,0.0
f7446940-caad-409a-90fe-11a114510c1d,United Colors of Benetton,United Colors of Benetton Women Checks Blue Tops,composition blue white checked top made 100 cotton short puffed sleeves smocked hems buttoned chest placket smocked hem collar extends scarf front fitting comfort wash care delicate machine wash 30 degrees using mild detergent dry clean tumble dry wring scrub bleach dry flat shade warm iron iron directly print embroidery heightened style top united colors benetton exudes perfect never compromise style comfort top exudes feminity sense term team slim fit jeans knee length skirts sandals long earnings cool chic look model statistics model wears size dresses height chest 33,not found,1899.0,1899.0,Tops,Apparel,Topwear,1.0,Blue,Blended,Unknown,Tie-Up Neck,Casual,24,740,28,0,0,0,0,1,1,0,0,0,0,1,0,0,0,7.549609165154532,0.2
cb0a344a-0641-4f93-88c9-935ce2439fb4,Flying Machine,Flying Machine Women Lowrise Blue Jeans,composition dark blue skinny jeans made 82 cotton 15 polyester spandex two insert pockets front side two patch pockets back thread detailing brand patch appliqued waistband back metal zipper button closure fit low rise skinny fit wash care machien wash cold water tumble dry turn inside drying dry direct sunlight use warm iron iron print denim person dark blue skinny jeans flying machine delight low rise great skinny fit might want take pull perfect companion shirts sexy tops model statistics model wears trousers length 39 height rdquo waist 26 rdquo hips ndash 36 rdquo,not found,1199.0,599.0,Jeans,Apparel,Bottomwear,0.0,Blue,Unknown,Skinny Fit,Unknown,Casual,9,273,15,0,0,0,0,1,1,0,0,0,0,1,0,0,0,7.090076835776092,0.0
6f1ded24-0e3b-4077-8724-41bb195208c6,ESPRIT,Esprit Women Organic Pretty Black Houston Steel Watches,taking traditional designs giving modern twist makes esprit watches timeless timepieces classic organic pretty houston analog wrist watch esprit exception contemporary trendy rsquo affordable timepiece exquisite design highlights individuality case diameter 20 mm case thickness mm dial shape rectangle stainless steel case fixed bezel crystal embellishments added durability style comfort stainless steel strap butterfly clasp durable scratch resistant mineral crystal glass black dial brand name running across 11 rsquo clock position quartz movement time display screw reset time solid case back stainless steel enhanced durability water resistance 30 meters allowing use washing hands car,not found,5295.0,5295.0,Watches,Accessories,Watches,0.0,Steel,Unknown,Unknown,Unknown,Unknown,7,196,34,0,0,0,0,1,1,0,0,0,0,0,0,0,1,8.574707097616844,0.0
9f3ee6b0-b145-4626-abf7-9498ab8c2ecf,Nike,Nike Women As Challenger Black T-Shirts,composition black raglan sleeved jersey made dri fit polyester chest print dri fit logo silver nike heat transfer swoosh fitting regular wash care machine wash cold like colours use softeners bleach tumble dry low remove immediately allow lay wet iron dry clean gym beach simply enjoying healthy runs better way nike jersey smart look engineered dry fit technology ensure stay dry fresh day nothing better active man ask contoured panels add dash style tee pair track pants shorts sports shoes complete uber cool look,not found,1295.0,1295.0,Tshirts,Apparel,Topwear,1.0,Black,Synthetic,Regular Fit,Round Neck,Unknown,18,468,32,0,0,0,0,1,0,0,0,0,1,1,0,0,0,7.16703787691222,0.2
231fb448-56ae-4b1a-9478-75d02bdbe9a6,ESPRIT,Esprit Women Silver Houston Steel Watches,taking traditional designs giving modern twist makes esprit watches timeless timepieces classic houston analog wrist watch esprit exception contemporary trendy rsquo affordable timepiece exquisite design highlights individuality case diameter 20 mm case thickness mm dial shape rectangle polished stainless steel case zircon crystal embellishment fixed bezel added durability style comfort stainless steel strap butterfly clasp durable scratch resistant mineral crystal glass silver dial brand name running across 11 rsquo clock position polished hands quartz movement time display screw reset time solid case back enhanced durability water resistance 30 meters allowing use washing hands car,not found,4250.0,4250.0,Watches,Accessories,Watches,0.0,Steel,Unknown,Unknown,Unknown,Unknown,7,207,34,0,0,0,0,1,1,0,0,0,0,0,0,0,1,8.35490952835879,0.0
ae40f485-d1ee-466a-bd16-aa3e7d742739,Wrangler,Wrangler Men Country Eagle Red Shirt,compositionred grey white check shirt made 100 cotton tipped collar full front button placket full hand cuff sleeves mid sleeve buttoned flap embroidered branding left arm patch pocket left chest curved hemlinefittingcomfortwash careonly hand wash cold water using mild detergentwash dark colours separatelydo bleach wring tumble dryflat dry shademild iron iron print embellishment embroiderywear brand style checked shirt wrangler brand clothing world since 1947 full arm sleeves allow roll complete casual feel cotton fabric keeps fresh comfortable day team jeans leather shoes perfect semi formal look model statisticsthe model wears size shirtsheight shoulders 18,not found,1895.0,1895.0,Shirts,Apparel,Topwear,1.0,Red,Cotton,Regular Fit,Unknown,Casual,27,787,20,0,0,1,0,0,1,0,0,0,0,1,0,0,0,7.547501682814967,0.2
e718b8ac-6eb9-40ea-bb6e-c013b71139e1,United Colors of Benetton,United Colors of Benetton Women Short Black Dresses,composition black round neck short dress made 70 modal 30 polyester full arm sleeves electropleats along front waist belt fitting comfort wash care delicate machine wash 30 degrees using mild detergent dry clean tumble dry wring scrub bleach dry flat shade warm iron iron directly print embroidery flaunt feminity style black dress united colors benetton electropleats belt redefine feminine side much elan pair heeled sandals long earrings chic look model statistics model wears size dresses height chest 33,not found,2699.0,2699.0,Dresses,Apparel,Dress,1.0,Black,Cotton,Unknown,Round Neck,Unknown,24,750,7,0,0,0,0,1,1,0,0,0,0,1,0,0,0,7.90100705199242,0.2
6ecad194-b398-43ac-b07f-50dc8dc67a97,ESPRIT,Esprit Women Purple Silicon Silver Watches,taking traditional designs giving modern twist makes esprit watches timeless timepieces classic silicon vanity analog wrist watch esprit exception contemporary trendy rsquo affordable timepiece exquisite design highlights individuality case diameter 35 mm case thickness mm dial shape round metallic case zircon crystal embellishments fixed bezel added durability style comfort silicon strap tang clasp durable scratch resistant mineral crystal glass silver textured dial bronze dusted hour markings hands quartz movement time display fluorescent hands view time low light conditions screw reset time solid case back enhanced durability water resistance 30 meters allowing use washing hands car,not found,4995.0,4995.0,Watches,Accessories,Watches,0.0,Silver,Unknown,Unknown,Unknown,Unknown,7,200,34,0,0,0,0,1,1,0,0,0,0,0,0,0,1,8.516392871245468,0.0
edac50d6-1f7c-4ff1-a385-0306c20f62ef,Murcia,Murcia Women Mary White Handbags,want make style statement effortlessly white coloured shoulder bag murcia come handy bag large enough accommodate essentials plus attractive get appreciative glances day long versatile bag looks great casual outfits formal wear time take office storm coolest chick mall made leather enhanced durability stylesingle zippered roomy compartment internal zippered compartment acts separatortwo small pouches zippered pocket hold essentialssmall zippered compartment back stowing essentialscontrast thread detailing added attractiontwo short handles ease carrying metal buckles stud detailing back added stylebranded zippers sliders easy use bag carerub surface dry clean cloth remove dust dirtuse mild leather cleaner,na,1350.0,1350.0,Handbags,Accessories,Bags,1.0,White,Unknown,Unknown,Unknown,Casual,16,412,12,0,0,0,0,1,1,0,0,0,0,0,0,0,1,7.208600337960199,0.2
7c6a812e-bae1-4d91-a218-bbcd9555dc9e,Flying Machine,Flying Machine Women Low Rise Black Jeans,composition washed black skinny jeggings made 77 cotton 19 polyester spandex two insert pockets front side two patch pockets back thread detailing brand patch appliqued waistband back metal zipper button closure fit low rise wash care machine wash cold water tumble dry turn inside drying dry direct sunlight use warm iron iron print denim person washed black jeggings flying machine delight low rise great skinny fit might want take pull perfect companion shirts sexy tops model statistics model wears trousers length 39 height rdquo waist 26 rdquo hips ndash 36 rdquo,not found,1099.0,549.0,Jeans,Apparel,Bottomwear,0.0,Black,Unknown,Skinny Fit,Unknown,Casual,9,270,15,0,0,0,0,1,1,0,0,0,0,1,0,0,0,7.003065458786462,0.0
e2f40efe-4a51-4b99-a1ad-5eb291b4552c,Puma,Puma Men Ferrari Logo Black Tshirt,compositionblack round neck short sleeved shirt made 35 cotton 65 polyester green white red fabric tape inseam neckline chequered pattern back ferrari logo appliqu left chest right sleeve puma logo appliqu back neckfittingregularwash caregentle machine wash like colours cool water 30 degreesdo bleachdo tumble drywarm irondo dry cleansport black shirt puma friends know ferrari fan midst ferrari logo looks regal chest chequered pattern back reminds everyone formula one flag red hot tee looks best jeans cool shoes time race model statisticsthe model wears size shirtsheight shoulder 18,not found,1899.0,1899.0,Tshirts,Apparel,Topwear,1.0,Black,Synthetic,Regular Fit,Round Neck,Unknown,20,522,32,0,0,1,0,0,1,0,0,0,0,1,0,0,0,7.549609165154532,0.2
48987f54-e58e-4fd5-8769-7e1011cafd33,Clarks,Clarks Men Goto Hi Cola Suede Brown Shoes,blending contemporary style vintage influence goto hi suede leather boot clarks delivers contemporary look absolute comfort saccheto stitch detailing ensures stays years come upperfull suede leather upper saccheto stitched construction fashionable distressed finish absolute comfortlacing system snug customized fitleather inner lining absolute comfort abrasion free wearmidsoleeva midsole lightweight flexible comfortcushioned footbed day comfort outsolewave grooved rubber forefoot leather midfoot absolute durability tractionman made outsole raised heel ergonomic comfort styleshoe carewipe surface dry clean cloth remove dustbrush using branded leather conditioner restore shoe shinedo store direct sunlightwarranty provided brand owner manufacturer,not found,4999.0,4999.0,Casual Shoes,Footwear,Shoes,0.0,Brown,Unknown,Unknown,Unknown,Unknown,3,61,5,0,0,1,0,0,1,0,0,0,0,1,0,0,0,8.517193191416238,0.0
6b53ebc7-0053-4ca4-92ca-6cb4ff60ee53,Puma,Puma Women Future Cat Ballistic Jr White Casual Shoes,want look car racer without risk slamming wall 200 mph solution puma future cat series long time favourite motorsport enthusiasts modern upper pattern razor sharp details future cat ballistic stylish look comfortable wear possibly best shoe one ever ask upper features low profile design made avid motorsport enthusiast premium leather upper longer wear bold contrasting formstrip logo outlining chrome detailing across colorways asymmetrical lacing system alleviates pressure points textile lining enhanced comfort midsole cushioned midsole comfort stability scuderia ferrari logo shield outsole durable rubber outsole embedded onto heel counter shock absorption enhanced shoe life,not found,2799.0,2799.0,Casual Shoes,Footwear,Shoes,0.0,White,Unknown,Unknown,Unknown,Unknown,20,585,5,0,0,0,0,1,1,0,0,0,0,1,0,0,0,7.937374696163295,0.0
70a17d11-8316-4e87-892c-29d102857800,ESPRIT,Esprit Women Silver Stardust Steel Watches,taking traditional designs giving modern twist makes esprit watches timeless timepieces classic stardust analog wrist watch esprit exception contemporary trendy rsquo affordable timepiece exquisite design highlights individuality case diameter 40 mm case thickness 12 mm dial shape square polished stainless steel case fixed bezel added durability style comfort stainless steel strap zircon crystal embellishments stud clasp durable scratch resistant mineral crystal glass silver dial crystal embellishments marking 12 rsquo clock positions quartz movement time display screw reset time solid case back enhanced durability water resistance 30 meters allowing use washing hands car,not found,6795.0,6795.0,Watches,Accessories,Watches,0.0,Steel,Unknown,Unknown,Unknown,Unknown,7,208,34,0,0,0,0,1,1,0,0,0,0,0,0,0,1,8.824089482791823,0.0
661e9a4e-8978-4cbe-910a-412db5827f44,Murcia,Murcia Women Zoe Grey Handbags,want make style statement effortlessly zoe grey shoulder bag murcia come handy bag large enough accommodate essentials plus attractive get appreciative glances day long versatile bag looks great casual outfits formal wear time take office storm coolest chick mall made leather enhanced durability styletwo roomy zippered compartments smaller internal zippered pocket accommodate itemssmall zippered compartment back stowing essentialszippered compartments front stud detailing storing essentialstwo short padded handles ease carrying improved comfortleather bands run along handles end sides fixed bucklesbranded zippers sliders easy use bag carerub surface dry clean cloth remove dust dirtuse mild leather cleaner,na,1450.0,1450.0,Handbags,Accessories,Bags,1.0,Grey,Unknown,Unknown,Unknown,Casual,16,426,12,0,0,0,0,1,1,0,0,0,0,0,0,0,1,7.280008252884188,0.2
f9a59eb2-9ea0-412d-8fcc-8e14846b568e,Murcia,Murcia Women Mary Pink Handbags,want make style statement effortlessly mary pink shoulder bag murcia come handy bag large enough accommodate essentials plus attractive get appreciative glances day long versatile bag looks great casual outfits formal wear time take office storm coolest chick mall made leather enhanced durability stylesingle zippered roomy compartment internal zippered compartment acts separatortwo small pouches zippered pocket hold essentialssmall zippered compartment back stowing essentialscontrast thread detailing added attractiontwo buckled short handles ease carrying metal buckles stud detailing back added stylebranded zippers sliders easy use bag carerub surface dry clean cloth remove dust dirtuse mild leather cleaner,na,1350.0,1350.0,Handbags,Accessories,Bags,1.0,Pink,Unknown,Unknown,Unknown,Casual,16,411,12,0,0,0,0,1,1,0,0,0,0,0,0,0,1,7.208600337960199,0.2
bd6e002e-6edb-41a5-b13d-9711e07e05b6,Flying Machine,Flying Machine Women Midrise Blue Jeans,composition washed blue skinny jeans made 99 cotton spandex two insert pockets front side two patch pockets back thread detailing brand patch appliqued waistband back metal zipper button closure fit mid rise skinny fit wash care machine wash cold water tumble dry turn inside drying dry direct sunlight use warm iron iron print denim person washed blue skinny jeans flying machine delight low rise great skinny fit might want take pull perfect companion shirts sexy tops model statistics model wears trousers length 39 height rdquo waist 26 rdquo hips ndash 36 rdquo,not found,1499.0,749.0,Jeans,Apparel,Bottomwear,0.0,Blue,Unknown,Skinny Fit,Unknown,Casual,9,274,15,0,0,0,0,1,1,0,0,0,0,1,0,0,0,7.313220387090301,0.0
9945ff5f-eaf7-49f6-a75b-42a89f737860,Puma,Puma Men ferrari Black Polo Tshirts,compositionblack polo short sleeved shirt made 35 cotton 65 polyester green white red fabric tape ribbing neckline chequered pattern ferrari logo appliqu left chest right sleeve puma logo appliqu back neckfittingregularwash caregentle machine wash lukewarm water 40 degreesdo bleachtumble dry low temperaturewarm irondo dry cleansport black shirt puma friends know ferrari fan midst ferrari logo looks regal chest chequered pattern back reminds everyone formula one flag red hot tee looks best jeans cool shoes time race model statisticsthe model wears size shirtsheight shoulders 19,not found,2299.0,2299.0,Tshirts,Apparel,Topwear,1.0,Black,Blended,Unknown,Polo Collar,Casual,20,570,32,0,0,1,0,0,1,0,0,0,0,1,0,0,0,7.7406644019172415,0.2
5843f745-9501-4446-b4aa-b5ee98d428f5,Reebok,Reebok Men Hanavi II Green Flip Flops,heart desires utmost style comfort deprive pleasure reebok hanavi flip flops offer fantastic look coupled unbelievable day comfort want look awesome feel great best bet team jeans shorts perfectly relaxed look never easier look spectacular cool wow upperwide rubber straps thong style durability comfortrubber toe separator maximum comfort durabilitybrand tab strapmidsolecushioned footbed day comfortbranding footbedoutsoletpr outsole better shock absorption durabilityhorizontal grooves outsole better traction surfacesshoe carewipe surface soft clean dry cloth remove dustdo machine washdo store direct sunlight,not found,699.0,699.0,Flip Flops,Footwear,Flip Flops,1.0,Green,Unknown,Unknown,Unknown,Unknown,21,610,9,0,0,1,0,0,1,0,0,0,0,1,0,0,0,6.551080335043404,0.2
6fe939a1-87eb-4cad-a9f1-2d6356873282,Wrangler,Wrangler Men Dodge Broad Accent Check Blue Shirt,compositionblue orange white check shirt made 100 cotton tipped collar full front button placket short sleeves buttoned flap pockets either chest embroidered branding left pocket flap stitch detailing curved hemlinefittingcomfortwash careonly hand wash cold water using mild detergentwash dark colours separatelydo bleach wring tumble dryflat dry shademild iron iron print embellishment embroideryflaunt style checked shirt wrangler brand clothing world since 1947 short sleeves accentuate well toned arms cotton fabric keeps fresh comfortable day team jeans leather shoes perfect semi formal look model statisticsthe model wears size shirtsheight shoulders 18,not found,1395.0,1395.0,Shirts,Apparel,Topwear,1.0,Blue,Cotton,Regular Fit,Unknown,Casual,27,795,20,0,0,1,0,0,1,0,0,0,0,1,0,0,0,7.241366283322318,0.2
36fcf548-8bee-4ef2-bf1d-e0bc3dc94108,Murcia,Murcia Women TMK Green Green Handbags,want make style statement effortlessly black shoulder bag murcia come handy look trendy chic pair casual outfits go mall multiplex college bag large enough accomodate essentials plus attractive get apprecaitive glances day long made leather enhanced durability style two roomy zippered compartments inner zippered pocket small pouch hold essentials small zippered compartment back stowing essentials leather flower appliqued front hanging tassles contrast thread detailing added attraction two padded short handles ease carrying extra comfort metal loops handles stud detailing added style branded zippers sliders easy use bag carerub surface dry clean cloth remove dust dirtuse mild leather cleaner,na,1350.0,1350.0,Handbags,Accessories,Bags,1.0,Green,Unknown,Unknown,Unknown,Casual,16,423,12,0,0,0,0,1,1,0,0,0,0,0,0,0,1,7.208600337960199,0.2
46e970d1-b78d-49d5-bfab-c02d6c0f8531,Wrangler,Wrangler Men Dodge Broad Accent Check White Shirts,compositionblue black white check shirt made 100 cotton tipped collar full front button placket short sleeves buttoned flap pockets either chest embroidered branding left pocket flap stitch detailing curved hemlinefittingcomfortwash careonly hand wash cold water using mild detergentwash dark colours separatelydo bleach wring tumble dryflat dry shademild iron iron print embellishment embroideryflaunt style checked shirt wrangler brand clothing world since 1947 short sleeves accentuate well toned arms cotton fabric keeps fresh comfortable day team jeans leather shoes perfect semi formal look model statisticsthe model wears size shirtsheight shoulders 18,not found,1395.0,1395.0,Shirts,Apparel,Topwear,1.0,White,Cotton,Regular Fit,Unknown,Unknown,27,796,20,0,0,1,0,0,1,0,0,0,0,1,0,0,0,7.241366283322318,0.2
a21cb7e0-1d5b-4410-8e9e-01b2639086ce,Flying Machine,Flying Machine Men Midrise Blue Jeans,composition blue stone wash denim trousers two front pockets brand embroidery left pocket patch pocket right pocket two large back pockets stitch detailing patch pocket left one comfortable waist loops brand badge right back zippered buttoned closure reinforced stitch detailing crotch waist fitting slim boot wash care wash dry separately wash inside mild detergent bleach dry shade take edgy dressing next level slim boot jeans flying machine perfect casual outings friends denim trouser looks great grunge tees leather vests leather boots model statistics model wears jeans length 42 height waist 32,not found,1749.0,1749.0,Jeans,Apparel,Bottomwear,0.0,Blue,Unknown,Slim Fit,Unknown,Unknown,9,246,15,0,0,1,0,0,1,0,0,0,0,1,0,0,0,7.4673710669175595,0.0
09717139-c69f-4515-a195-c1da38796206,Flying Machine,Flying Machine Women Veron Black Jeans,composition washed black skinny jeans made 98 cotton spandex two insert pockets front side two patch pockets back thread detailing brand patch appliqued waistband back metal zipper button closure fit mid rise skinny fit wash care machine wash cold water tumble dry turn inside drying dry direct sunlight use warm iron iron print denim person black skinny jeans flying machine delight low rise great skinny fit might want take pull perfect companion shirts sexy tops model statistics model wears trousers length 39 height rdquo waist 26 rdquo hips ndash 36 rdquo,not found,1199.0,599.0,Jeans,Apparel,Bottomwear,0.0,Black,Unknown,Skinny Fit,Unknown,Casual,9,290,15,0,0,0,0,1,1,0,0,0,0,1,0,0,0,7.090076835776092,0.0
b0107337-c743-47ac-af87-1259d84797db,Murcia,Murcia Women Asjke Coffee Brown Handbags,want make style statement effortlessly brown shoulder bag murcia come handy bag large enough accomodate essentials plus attractive get apprecaitive glances day long versatile bag looks great casual outfits formal wear time take office storm coolest chick mall made leather enhanced durability style two roomy zippered compartments inner zippered pocket hold essentials small zippered compartment front back stowing essentials contrast thread detailing added attraction adjustable belt sides two padded short handles ease carrying extra comfort metal loops handles stud detailing added style genuine leather badge front branded zippers sliders easy usebag carerub surface dry clean cloth remove dust dirtuse mild leather cleaner,na,1350.0,1350.0,Handbags,Accessories,Bags,1.0,Brown,Unknown,Unknown,Unknown,Casual,16,371,12,0,0,0,0,1,1,0,0,0,0,0,0,0,1,7.208600337960199,0.2
428ac3a4-a30d-4ae4-85d1-aad8966edf1c,Urban Yoga,Urban Yoga Women Solid White Churidar,composition cream slacks made cotton elastane blend elasticated waist devoid irritating brand tag crumples ankle fitting slim wash care hand wash cold water using mild detergent wring bleach flat dry shade return holistic living style slacks scullers designed comfort sweat absorbent fabric slacks allow concentrate task hand much ease fabric allows stretch ease reinforced tear points ensure slacks last longer flat seams around waist sides prevent irritation pair ethnic kurti comfortable flip flops absolute comfort model statistics model wears slacks length 39 height waist 25 hips 35,not found,699.0,699.0,Churidar,Apparel,Bottomwear,1.0,White,Unknown,Unknown,Unknown,Unknown,25,770,6,0,0,0,0,1,0,1,0,0,0,1,0,0,0,6.551080335043404,0.2
f78b1574-e360-4766-820e-ed3827ae610a,ESPRIT,Esprit Women Open Link Gold Gold Watch,taking traditional designs giving modern twist makes esprit watches timeless timepieces classic open link analog wrist watch esprit exception contemporary trendy rsquo affordable timepiece exquisite design highlights individuality case diameter 20 mm case thickness mm dial shape rectangle gold brushed stainless steel case fixed bezel crystal embellishments added durability style comfort stainless steel strap butterfly clasp durable scratch resistant mineral crystal glass white dial brand name running across rsquo clock position quartz movement time display screw reset time solid case back stainless steel enhanced durability water resistant allowing use washing hands car,not found,6995.0,6995.0,Watches,Accessories,Watches,0.0,Gold,Unknown,Unknown,Unknown,Unknown,7,195,34,0,0,0,0,1,1,0,0,0,0,0,0,0,1,8.853093836138493,0.0
fe46347c-4b65-4e6a-9a94-2af5890a292d,Urban Yoga,Urban Yoga Women Solid Black Churidar,composition black slacks made cotton elastane blend elasticated waist devoid irritating brand tag crumples ankle fitting slim wash care hand wash cold water using mild detergent wring bleach flat dry shade return holistic living style slacks scullers designed comfort sweat absorbent fabric slacks allow concentrate task hand much ease fabric allows stretch withe ase reinforced tear points ensure slacks last longer flat seams around waist sides prevent irritation pair ethnic kurti comfortable flip flops absolute comfort model statistics model wears slacks length 39 height waist 25 hips 35,not found,699.0,699.0,Churidar,Apparel,Bottomwear,1.0,Black,Unknown,Unknown,Unknown,Unknown,25,767,6,0,0,0,0,1,0,1,0,0,0,1,0,0,0,6.551080335043404,0.2
7f38a1e1-2a8e-4beb-bfdc-a1ad5d3a338b,United Colors of Benetton,United Colors of Benetton Men Stripes Blue Shirts,composition purple blue white striped shirt made 100 cotton full arms buttoned cuffs tipped collar front buttoned placket curved hem fitting comfort wash care delicate machine wash 30 degrees using mild detergent dry clean tumble dry wring scrub bleach dry flat shade warm iron iron directly print embroidery stripes add immense style formal look united colors benetton brings life cynosure eyes stylish shirt fabric keeps fresh comfortable day full arm sleeves add touch regality personality pair formal trousers black leather footwear classic look model statistics model wears size shirts height shoulders 18,not found,2499.0,2499.0,Shirts,Apparel,Topwear,0.0,Blue,Cotton,Regular Fit,Unknown,Unknown,24,731,20,0,0,1,0,0,0,0,1,0,0,1,0,0,0,7.824046010856292,0.0
53c33c0b-6b4b-46c0-a76b-f959832c2c66,Flying Machine,Flying Machine Men HS Blue Shirts,compositionnavy blue light red plaid check shirt black beige accents made 100 cotton short sleeves rolled cuffs panel detailing inseam collar rolled cuff two patch pockets chest buttoned flaps buttoned flaps shoulders sleeve hems embroidered branding left chest pocket curved hemline godet inserts side hemsfittingregularwash caremachine wash colddo tumble dryturn inside dryingdon dry direct sunlightuse warm irondo iron printupgrade cool quotient checked shirt flying machine cotton fabric keeps fresh day hang friends double patch pocket adds touch style team jeans chinos slip shoes laidback look model statisticsthe model wears size shirtsheight shoulders 19,not found,1399.0,1399.0,Shirts,Apparel,Topwear,1.0,Navy Blue,Unknown,Regular Fit,Unknown,Unknown,9,238,20,0,0,1,0,0,1,0,0,0,0,1,0,0,0,7.24422751560335,0.2
d86afd4b-ebee-463d-b71a-576819169966,Wrangler,Wrangler Men Dirt Riders Yellow T-Shirts,compositionyellow round neck shirt made 100 cotton short sleeves graphic landscape print front sleevesfittingcomfortwash careonly hand wash cold water using mild detergentwash dark colours separatelydo bleach wring tumble dryflat dry shademild iron iron print embellishment embroideryflaunt chilled biker attitude style yellow shirt wrangler short sleeves sit snug well toned arms cotton fabric keeps fresh comfortable day team jeans sports shoes cotton shorts leather sandals unparalleled cool model statisticsthe model wears size shirtsheight shoulders 18,not found,1095.0,1095.0,Tshirts,Apparel,Topwear,1.0,Yellow,Cotton,Regular Fit,Round Neck,Unknown,27,792,32,0,0,1,0,0,1,0,0,0,0,1,0,0,0,6.999422467507961,0.2
2dec29dd-02b5-4c69-888b-0ee40a2dfd76,Flying Machine,Flying Machine Women Low Rise Blue Jeans,composition washed light blue skinny jeans made 100 cotton two insert pockets front side two patch pockets back thread detailing brand patch appliqued waistband back metal zipper button closure fit low rise skinny fit wash care machine wash cold water tumble dry turn inside drying dry direct sunlight use warm iron iron print denim person washed blue skinny jeans flying machine delight low rise great skinny fit might want take pull perfect companion shirts sexy tops model statistics model wears trousers length 39 height rdquo waist 26 rdquo hips ndash 36 rdquo,not found,1499.0,749.0,Jeans,Apparel,Bottomwear,0.0,Blue,Unknown,Skinny Fit,Unknown,Casual,9,271,15,0,0,0,0,1,1,0,0,0,0,1,0,0,0,7.313220387090301,0.0
e3e508be-760c-4b1a-8e10-a2004b152d91,Carrera,Carrera Men Rubber strap dial Black Watches,carrera watch industry five decades proven masters art creating high quality timepieces new range carrera watches fresh take classic drivers rsquo racers rsquo watch models perfect urban wear case diameter 40 mm case thickness mm dial shape square stainless steel case coating textured rubber strap branding tang clasp brand inscription fixed stainless steel bezel added durability style metallic hands red tip black busy dial metallic numbers three sub dials stop watches automated reading date metallic crown adjust time date day water resistant 100 meters making suitable swimming white water rafting non snorkelling water related work fishing,not found,9250.0,9250.0,Watches,Accessories,Watches,0.0,Black,Unknown,Unknown,Unknown,Unknown,2,36,34,0,0,1,0,0,1,0,0,0,0,0,0,0,1,9.132486932771318,0.0
42817225-cd87-4b6e-8216-da67a19a4d04,Wrangler,Wrangler Men Wander Wheels Blue Shirt,compositionblue black white check shirt made 100 cotton tipped collar full front button placket short sleeves buttoned flap pockets either chest embroidered branding left pocket stitch detailing curved hemlinefittingcomfortwash careonly hand wash cold water using mild detergentwash dark colours separatelydo bleach wring tumble dryflat dry shademild iron iron print embellishment embroideryflaunt style checked shirt wrangler brand clothing world since 1947 short sleeves accentuate well toned arms cotton fabric keeps fresh comfortable day team jeans leather shoes perfect semi formal look model statisticsthe model wears size shirtsheight shoulders 18,not found,1695.0,1695.0,Shirts,Apparel,Topwear,1.0,Blue,Cotton,Regular Fit,Unknown,Casual,27,842,20,0,0,1,0,0,1,0,0,0,0,1,0,0,0,7.4360278163518485,0.2
e2978cc7-e8f8-407c-aacd-ad2ecbfa13b2,Murcia,Murcia Women Kkhh Pink Handbags,want make style statement effortlessly pink shoulder bag murcia come handy bag large enough accommodate essentials plus attractive get appreciative glances day long versatile bag looks great casual outfits formal wear time take office storm coolest chick mall made leather enhanced durability styletwo roomy zippered compartments inner zippered pocket hold essentialssmall zippered compartment front back stowing essentialscontrast thread detailing added attractionadjustable belt sidestwo padded short handles ease carrying extra comfortmetal loops handles stud detailing added stylegenuine leather badge frontbranded zippers sliders easy use bag carerub surface dry clean cloth remove dust dirtuse mild leather cleaner,na,1450.0,1450.0,Handbags,Accessories,Bags,1.0,Pink,Unknown,Unknown,Unknown,Casual,16,401,12,0,0,0,0,1,1,0,0,0,0,0,0,0,1,7.280008252884188,0.2
abbb49cd-4824-4f9a-ab52-a1d2cc74ce5c,United Colors of Benetton,United Colors of Benetton Men Printed Beige Tshirts,composition light beige round neck shirt made 70 modal 30 polyester short sleeves vented hem graphic print front fitting comfort wash care delicate machine wash 30 degrees using mild detergent dry clean tumble dry wring scrub bleach dry flat shade warm iron iron directly print embroidery flaunt spoilt boy look much elan light beige shirt united colors benetton team tee jeans suede shoes uber cool look model statistics model wears size shirts height shoulders 18,not found,1199.0,1199.0,Tshirts,Apparel,Topwear,0.0,Beige,Cotton,Regular Fit,Round Neck,Unknown,24,709,32,0,0,1,0,0,1,0,0,0,0,1,0,0,0,7.090076835776092,0.0
4185198c-8a31-422b-b308-ca50235f116b,ESPRIT,Esprit Men Gran Orbus Black Steel Watches,taking traditional designs giving modern twist makes esprit watches timeless timepieces classic gran orbit analog wrist watch esprit exception contemporary trendy rsquo affordable timepiece exquisite design highlights individuality case diameter 40 mm case thickness 10 mm dial shape round metallic case fixed bezel added durability style comfort leather strap tang clasp black dial hour markings using illuminator strips date aperture rsquo clock marking mini dials showing hours minutes seconds tachymeter bezel quartz movement time display screw reset time date solid case back made stainless steel enhanced durability water resistant allowing use even swimming,not found,9995.0,9995.0,Watches,Accessories,Watches,0.0,Steel,Unknown,Unknown,Unknown,Unknown,7,161,34,0,0,1,0,0,1,0,0,0,0,0,0,0,1,9.209940291954844,0.0
44723c74-3586-49a8-86ca-751d45658037,ESPRIT,Esprit Women Snake Turqouise Steel Watches,taking traditional designs giving modern twist makes esprit watches timeless timepieces classic snake wrap around analog wrist watch esprit exception contemporary trendy rsquo affordable timepiece exquisite design highlights individuality case diameter 40 mm case thickness 12 mm dial shape rectangle polished stainless steel case fixed bezel added durability style comfort leather band snakeskin print buckle clasp durable scratch resistant mineral crystal glass turquoise blue dial silver hands 12 rsquo clock numbered markings quartz movement time display screw reset time solid case back enhanced durability water resistance 30 meters allowing use washing hands car,not found,4450.0,4450.0,Watches,Accessories,Watches,1.0,Steel,Unknown,Unknown,Unknown,Unknown,7,209,34,0,0,0,0,1,1,0,0,0,0,0,0,0,1,8.400884069015854,0.2
17a8bea4-6b88-4bf2-8bfe-8cdfa4ecebe7,Carrera,Carrera Men Steel dial frame dial Black Watches,carrera watch industry five decades proven masters art creating high quality timepieces new range carrera watches fresh take classic drivers rsquo racers rsquo watch models perfect urban wear case diameter 40 mm case thickness mm dial shape square metallic case fixed bezel metallic strap black patches butterfly clasp comfort style black dial brand logo marking 12 rsquo clock position chronograph system easy reading time quartz movement time display screw reset time solid case back made stainless steel enhanced durability water resistant 50 meters suitable swimming white water rafting non snorkelling water related work fishing,not found,9950.0,9950.0,Watches,Accessories,Watches,0.0,Black,Unknown,Unknown,Unknown,Unknown,2,41,34,0,0,1,0,0,1,0,0,0,0,0,0,0,1,9.205428327615163,0.0
d78c988a-5670-4bdd-91d6-035bbfb4c427,Nike,Nike Women Training Sports Bra,compositionwhite bra made dri fit polyester fabric mesh panels bust bridge back adjustable elasticated straps ribbing along bust line printed nike swoosh logo left bust warranty manufacturing defects months valid products 20 discount fittingcomfortwash caremachine wash cold 30 degrees like coloursdo bleachtumble dry lowremove immediately allow lay wetcool iron iron designdo dry cleanburn unwanted calories utmost comfort ease nike training sports bra dri fit engineered fabric wicks sweat away keeps fresh comfortable fitness training sessions ribbing along bust line offers ample support breasts team training pants training shoes complete benefit sports sessions,not found,1495.0,1495.0,Bra,Apparel,Innerwear,1.0,White,Polyester,Unknown,Unknown,Unknown,18,486,2,0,0,0,0,1,0,0,0,0,1,1,0,0,0,7.310550158534422,0.2
58bb0736-920a-447c-9905-7bcf5f85eb77,Murcia,Murcia Women Zoe Green Handbags,want make style statement effortlessly olive green shoulder bag murcia come handy bag large enough accomodate essentials plus attractive get apprecaitive glances day long versatile bag looks great casual outfits formal wear time take office storm coolest chick mall made leather enhanced durability style two roomy zippered compartments smaller internal zippered pocket accomodate items small zippered compartment back stowing essentials zippered compartments front stud detailing storing essentials two short padded handles ease carrying improved comfort leather bands run along handles end sides fixed buckles branded zippers sliders easy usebag carerub surface dry clean cloth remove dust dirtuse mild leather cleaner,na,1450.0,1435.0,Handbags,Accessories,Bags,1.0,Green,Unknown,Unknown,Unknown,Casual,16,425,12,0,0,0,0,1,1,0,0,0,0,0,0,0,1,7.280008252884188,0.2
4c6e812e-50f0-4360-bc50-cf4a9ab94fd3,Wrangler,Wrangler Men Rope Embro Polo Red T-Shirt,compositionred polo neck shirt made 100 cotton ribbed tipped collar buttoned chest placket short sleeves ribbed hems vented hem graphic print chest back fittingcomfortwash careonly hand wash cold water using mild detergentwash dark colours separatelydo bleach wring tumble dryflat dry shademild iron iron print embellishment embroiderydesigned man understands believes freedom style wrangler provides polo shirt made pure cotton keep fresh comfortable day ribbed sleeve hems sit snugly around well toned arms vented hem provides comfortable fit team tee denims sandals wide range available myntra semi formal casual events model statisticsthe model wears size shirtsheight shoulders 18,not found,1295.0,1295.0,Tshirts,Apparel,Topwear,1.0,Red,Cotton,Regular Fit,Polo Collar,Casual,27,831,32,0,0,1,0,0,1,0,0,0,0,1,0,0,0,7.16703787691222,0.2
1c164ba2-4ba0-4567-ad41-a476591c0f86,Wrangler,Wrangler Men Wander Wheels Navy Blue Shirts,compositionnavy blue white red check shirt made 100 cotton tipped collar full front button placket short sleeves buttoned flap pockets either chest embroidered branding left pocket stitch detailing curved hemlinefittingcomfortwash careonly hand wash cold water using mild detergentwash dark colours separatelydo bleach wring tumble dryflat dry shademild iron iron print embellishment embroideryflaunt style checked shirt wrangler brand clothing world since 1947 short sleeves accentuate well toned arms cotton fabric keeps fresh comfortable day team jeans leather shoes perfect semi formal look model statisticsthe model wears size shirtsheight shoulders 18,not found,1695.0,1695.0,Shirts,Apparel,Topwear,1.0,Navy Blue,Cotton,Regular Fit,Unknown,Unknown,27,843,20,0,0,1,0,0,1,0,0,0,0,1,0,0,0,7.4360278163518485,0.2
527ab01e-b0cd-4632-bc68-0d05888aaec9,Nike,Nike Women As Script Mas Navy Blue Sweatshirts,composition navy blue hooded sweatshirt made 80 cotton 20 polyester lined hood drawcord rib cuffs hem durability snug fit kangaroo pocket interior cord management feature fitting slim wash care machine wash cold 30 degrees like colours bleach tumble dry low remove immediately allow lay wet cool iron iron design dry clean classic cursive print nike moto script hoodie honours speed obsessed motocross athletes warm media friendly design ribbed hem cuffs offer snug fit interior cord management feature keeps media player cords away sporting experience,not found,1995.0,1995.0,Sweatshirts,Apparel,Topwear,1.0,Navy Blue,Blended,Unknown,Unknown,Unknown,18,475,26,0,0,0,0,1,0,0,0,0,1,1,0,0,0,7.59890045687141,0.2
8f9eb829-cd46-423d-b3b4-f4a40ba85a28,Wrangler,Wrangler Men Easter Bright Amslar Purple Shirt,compositionpurple white check shirt made 100 cotton tipped collar full front button placket short sleeves two buttoned flap pockets either chest brand badge left one stitch detailing curved hemlinefittingcomfortwash careonly hand wash cold water using mild detergentwash dark colours separatelydo bleach wring tumble dryflat dry shademild iron iron print embellishment embroiderywear brand style checked shirt wrangler brand clothing world since 1947 short sleeves accentuate well toned arms cotton fabric keeps fresh comfortable day team jeans leather shoes perfect semi formal look model statisticsthe model wears size shirtsheight shoulders 18,not found,1495.0,1495.0,Shirts,Apparel,Topwear,1.0,Purple,Cotton,Regular Fit,Unknown,Casual,27,797,20,0,0,1,0,0,1,0,0,0,0,1,0,0,0,7.310550158534422,0.2
11561b5f-b2c4-479e-a58a-862b6bad1748,Wrangler,Wrangler Men Dirt Riders White T-Shirts,compositionwhite round neck shirt made 100 cotton short sleeves graphic landscape print front sleevesfittingcomfortwash careonly hand wash cold water using mild detergentwash dark colours separatelydo bleach wring tumble dryflat dry shademild iron iron print embellishment embroideryflaunt chilled biker attitude style white shirt wrangler short sleeves sit snug well toned arms cotton fabric keeps fresh comfortable day team jeans sports shoes cotton shorts leather sandals unparalleled cool model statisticsthe model wears size shirtsheight shoulders 18,not found,1095.0,1095.0,Tshirts,Apparel,Topwear,1.0,White,Cotton,Regular Fit,Round Neck,Unknown,27,791,32,0,0,1,0,0,1,0,0,0,0,1,0,0,0,6.999422467507961,0.2
1462d573-9626-4f64-b7c6-8875ff1bd9e7,United Colors of Benetton,United Colors of Benetton Women Striped Magenta Top,composition lilac magenta black striped top white accents made 100 cotton full sleeves ribbed elbow hem boat neck ribbed hem fitting comfort wash care delicate machine wash 30 degrees using mild detergent dry clean tumble dry wring scrub bleach dry flat shade warm iron iron directly print embroidery heightened style top united colors benetton exudes perfect never compromise style comfort top exudes feminity sense term makes perfect winter wear team slim fit jeans sandals long earnings cool chic look model statistics model wears size shirts height chest 33,not found,2199.0,2199.0,Tops,Apparel,Topwear,1.0,Pink,Blended,Unknown,Boat Neck,Casual,24,760,28,0,0,0,0,1,1,0,0,0,0,1,0,0,0,7.696212639346407,0.2
ed8dbc0a-83e2-4e97-8617-e1b200fa91de,Indigo Nation,Indigo Nation Men Hot Stepper Black Blue Shirts,composition full sleeves shirt black dark blue stripes white accents made 100 cotton patch pocket left chest full front buttoned placket fitting regular wash care hand machine wash cold water mild detergent wash dark colours separately bleach tumble dry low dry shade warm iron formal clothes boring make weekdays fun wearing striped formal shirt indigo nation shirt looks fresh crisp keep cool day long team well fitting formal trousers pair leather shoes take office storm team jeans hang friends one shirt many uses model statistics model wears size 40 shirts height shoulders 18,not found,1449.0,1449.0,Shirts,Apparel,Topwear,1.0,Black,Cotton,Regular Fit,Unknown,Casual,11,307,20,0,0,1,0,0,1,0,0,0,0,1,0,0,0,7.27931883541462,0.2
2a3436d2-e717-4a5c-82ab-a9f416a80c79,Indigo Nation,Indigo Nation Men Black & Blue Stripe Shirt,composition full sleeves shirt black dark blue stripes white accents made 100 cotton patch pocket left chest full front buttoned placket fitting regular wash care hand machine wash cold water mild detergent wash dark colours separately bleach tumble dry low dry shade warm iron formal clothes boring make weekdays fun wearing striped formal shirt indigo nation shirt looks fresh crisp keep cool day long team well fitting formal trousers pair leather shoes take office storm team jeans hang friends one shirt many uses model statistics model wears size 40 shirts height shoulders 18,not found,1399.0,1399.0,Shirts,Apparel,Topwear,1.0,Black,Cotton,Regular Fit,Unknown,Casual,11,296,20,0,0,1,0,0,1,0,0,0,0,1,0,0,0,7.24422751560335,0.2
d3cbbe53-0901-4245-8e9b-4256504a4eb7,Wrangler,Wrangler Men Urban Big Check White Shirts,compositiongrey blue white check shirt made 100 cotton tipped collar full front button placket short sleeves buttoned flap pockets either chest embroidered branding right pocket curved hemlinefittingcomfortwash careonly hand wash cold water using mild detergentwash dark colours separatelydo bleach wring tumble dryflat dry shademild iron iron print embellishment embroideryflaunt style checked shirt wrangler brand clothing world since 1947 short sleeves accentuate well toned arms cotton fabric keeps fresh comfortable day team jeans leather shoes perfect semi formal look model statisticsthe model wears size shirtsheight shoulders 18,not found,1495.0,1495.0,Shirts,Apparel,Topwear,1.0,White,Cotton,Regular Fit,Unknown,Unknown,27,836,20,0,0,1,0,0,1,0,0,0,0,1,0,0,0,7.310550158534422,0.2
d65da39f-24fa-4c22-9ff9-d0824c88db9b,Puma,Puma Men Edition Navy Blue T-shirt,compositionblue round neck short sleeved shirt made 100 cotton softly ribbed neckline graphic print flock detailing frontfitregularwash caregentle machine wash like colours cool waterdo bleachtumble dry low temperaturewarm irondo dry cleanlook cool summer blue shirt puma bold graphic chest illustration stadium words trick shot specialist adds dose vibrant energy tee team jeans canvas shoes casual look tee product puma vision cotton made africa tab symbol fair trade practice purchase product leads valuable contribution living working conditions african farmers families model statisticsthe product size model height shoulders 18,not found,1199.0,1199.0,Tshirts,Apparel,Topwear,1.0,Navy Blue,Synthetic,Regular Fit,Round Neck,Unknown,20,521,32,0,0,1,0,0,1,0,0,0,0,1,0,0,0,7.090076835776092,0.2
d6877c73-064f-4ce2-a03a-f1868632cc22,Wrangler,Wrangler Men Warnick Square Block Red Shirts,compositionred black white check shirt made 100 cotton tipped collar full front button placket short sleeves buttoned flap pockets either chest embroidered branding back chest stitch detailing curved hemlinefittingcomfortwash careonly hand wash cold water using mild detergentwash dark colours separatelydo bleach wring tumble dryflat dry shademild iron iron print embellishment embroideryflaunt style checked shirt wrangler brand clothing world since 1947 short sleeves accentuate well toned arms cotton fabric keeps fresh comfortable day team jeans leather shoes perfect semi formal look model statisticsthe model wears size shirtsheight shoulders 18,not found,1595.0,1595.0,Shirts,Apparel,Topwear,1.0,Red,Cotton,Regular Fit,Unknown,Unknown,27,845,20,0,0,1,0,0,1,0,0,0,0,1,0,0,0,7.3752557780097545,0.2
cc6ca5ab-24e9-4f64-bcd7-b2dde34b0730,Puma,Puma Men Cardiac 209 Black Watches,puma cardiac heart rate monitor digital watch comes sleek design futuristic appearance makes perfect navigating urban terrain packed features like time heart rate monitor lap counter name heart rate monitor belt comes watch needs strapped around chest case diameter 30 mmcase thickness 12 mmdial shape squarewarranty yearsplastic case fixed bezel added durability style comfort textured pu straps buckle clasp comfort style black digital dial showing alarm feature chronograph heart rate monitor belt calories burned dual time display perpetual calendar timer light etc reset buttons quartz movement time displayacrylic dial window scratch protection enhancing durability,not found,5950.0,5950.0,Watches,Accessories,Watches,0.0,Black,Unknown,Unknown,Unknown,Unknown,20,515,34,0,0,1,0,0,1,0,0,0,0,0,0,0,1,8.691314551644853,0.0
c3c4a66d-9cc2-4e8e-ac0e-d07d9bd94a2d,Wrangler,Wrangler Men Parma Reversible Blue Shirts,compositionblue shirt white stripes made 100 cotton tipped collar full front button placket full hand cuff sleeves two buttoned flap pockets either chest branding left hemfittingcomfortwash careonly hand wash cold water using mild detergentwash dark colours separatelydo bleach wring tumble dryflat dry shademild iron iron print embellishment embroiderywear brand style striped shirt wrangler brand clothing world since 1947 full arm sleeves allow roll complete casual feel cotton fabric keeps fresh comfortable day team jeans leather shoes perfect semi formal look model statisticsthe model wears size shirtsheight shoulders 18,not found,1995.0,1995.0,Shirts,Apparel,Topwear,1.0,Blue,Cotton,Regular Fit,Unknown,Unknown,27,824,20,0,0,1,0,0,1,0,0,0,0,1,0,0,0,7.59890045687141,0.2
c730e812-30cd-4a8d-b1d6-0f9b5f29c905,United Colors of Benetton,United Colors of Benetton Women Check Skirt Grey Skirts,composition grey long skirt black blue checks made 70 viscose 30 lana wool 100 acetate lining comfortable waist zippered button closure right side fitting comfort wash care delicate machine wash 30 degrees using mild detergent dry clean tumble dry wring scrub bleach dry flat shade warm iron iron directly print embroidery chic look winter long skirt united colors benetton pair heeled sandals fancy top casual outings also team formal top jacket turn office wear model statistics model wears size dresses height waist 26,not found,3999.0,3999.0,Skirts,Apparel,Bottomwear,1.0,Grey,Unknown,Unknown,Unknown,Casual,24,739,22,0,0,0,0,1,1,0,0,0,0,1,0,0,0,8.294049640102028,0.2
e5e3a3be-0e4a-4cdd-ab3c-44aaf99fff48,Murcia,Murcia Women Claudia Brown Handbags,want make style statement effortlessly chocolate brown shoulder bag murcia come handy bag large enough accomodate essentials plus attractive get apprecaitive glances day long versatile bag looks great casual outfits formal wear time take office storm coolest chick mall made leather enhanced durability style two roomy zippered compartments accomodate items small zippered compartment back stowing essentials contrast thread detailing added attraction two short padded handles ease carrying improved comfort movable plastic rings ends handle added attraction branded zippers sliders easy use bag care rub surface dry clean cloth remove dust dirt use mild leather cleanerirt,na,1250.0,1250.0,Handbags,Accessories,Bags,1.0,Brown,Unknown,Unknown,Unknown,Casual,16,375,12,0,0,0,0,1,1,0,0,0,0,0,0,0,1,7.1316985104669115,0.2
a3ae9986-e560-4d28-9720-52b7ae7247ed,Inkfruit,Inkfruit Men Near Future Black Tshirts,compositionblack round neck shirt made 100 cotton short sleeves graphic print frontfittingcomfortwash carehand wash separately cool water 30 degrees scrub bleach turn inside dry flat shade warm iron reversedo iron printsave earth never know may simply blast past dianosaurs may return become pets help pull carts cars aeroplanes become antiques stashed away museum flaunt message style inkfruit shirt cotton fabric keeps fresh comfortable day team jeans sports shoes shorts sandals unparalleled cool model statisticsthe model wears size shirtsheight 11 shoulders 18,not found,499.0,499.0,Tshirts,Apparel,Topwear,1.0,Black,Cotton,Regular Fit,Round Neck,Unknown,12,331,32,0,0,1,0,0,1,0,0,0,0,1,0,0,0,6.214608098422191,0.2
cc578576-1b54-48b8-b583-06b598c2fbac,Wrangler,Wrangler Men Stampede Printed Stripe Black Shirts,compositionblack pinstriped shirt made 100 cotton tipped collar full front button placket short sleeves patch pocket left chest embroidered branding right chest stitch detailing curved hemlinefittingcomfortwash careonly hand wash cold water using mild detergentwash dark colours separatelydo bleach wring tumble dryflat dry shademild iron iron print embellishment embroideryflaunt style pinstriped shirt wrangler brand clothing world since 1947 short sleeves accentuate well toned arms cotton fabric keeps fresh comfortable day team jeans leather shoes perfect semi formal look model statisticsthe model wears size shirtsheight shoulders 18,not found,1395.0,1395.0,Shirts,Apparel,Topwear,1.0,Black,Cotton,Regular Fit,Unknown,Unknown,27,832,20,0,0,1,0,0,1,0,0,0,0,1,0,0,0,7.241366283322318,0.2
79a82705-9ccb-4743-9cef-04c77bc1ebae,United Colors of Benetton,United Colors of Benetton Men Graphic Printed Black Tshirts,composition black round neck shirt made 100 cotton short sleeves graphic print front fitting comfort wash care delicate machine wash 30 degrees using mild detergent dry clean tumble dry wring scrub bleach dry flat shade warm iron iron directly print embroidery get world realize terrible looks frowns spread cheer style white graphic shirt united colors benetton short sleeves sit snug well toned arms fabric keeps fresh comfortable day team tee jeans sports shoes cool casual look model statistics model wears size shirts height shoulders 18,not found,1199.0,1199.0,Tshirts,Apparel,Topwear,0.0,Black,Cotton,Regular Fit,Round Neck,Unknown,24,699,32,0,0,1,0,0,1,0,0,0,0,1,0,0,0,7.090076835776092,0.0
8936ff2d-2e1a-4a7b-9cf1-6967676527ff,Wrangler,Wrangler Men Motor City Grey T-Shirts,compositiondark grey round neck shirt made 100 cotton short sleeves graphic print front fittingcomfortwash careonly hand wash cold water using mild detergentwash dark colours separatelydo bleach wring tumble dryflat dry shademild iron iron print embellishment embroideryflaunt chilled biker attitude style dark grey shirt wrangler short sleeves sit snug well toned arms cotton fabric keeps fresh comfortable day team jeans sports shoes cotton shorts leather sandals unparalleled cool model statisticsthe model wears size shirtsheight shoulders 18,not found,745.0,745.0,Tshirts,Apparel,Topwear,1.0,Grey,Cotton,Regular Fit,Round Neck,Unknown,27,818,32,0,0,1,0,0,1,0,0,0,0,1,0,0,0,6.61472560020376,0.2
24b189fa-3ec3-46f9-921a-6bfa8eb327d1,Indigo Nation,Indigo Nation Men Price catch White Shirts,composition white full sleeves shirt dark green stripes made 60 polyester 40 cotton patch pocket left chest full front buttoned placket fitting regular wash care hand machine wash cold water mild detergent wash dark colours separately bleach tumble dry low dry shade warm iron formal clothes boring make weekdays fun wearing striped formal shirt indigo nation shirt looks fresh crisp keep cool day long team well fitting formal trousers pair leather shoes take office storm team jeans hang friends one shirt many uses model statistics model wears size 40 shirts height shoulders 18,not found,1049.0,1049.0,Shirts,Apparel,Topwear,1.0,White,Cotton,Regular Fit,Unknown,Unknown,11,310,20,0,0,1,0,0,1,0,0,0,0,1,0,0,0,6.956545443151569,0.2
2cba7cc8-6844-40d7-88db-300efc3a7711,Puma,Puma Men Puma runhard tee Black Tshirts,compositionblack round neck shirt made 100 cotton short sleeves ribbed neck vented hem graphic front fitcomfortwash caregentle machine wash like colours cool water 30 degrees bleach tumble dry warm iron dry clean living healthy black shirt puma designed love long healthy runs tee exudes puma belief sporting lifestyle team puma running shorts shoes hit trail style model statisticsthe model wears size shirtsheight shoulders 19,not found,899.0,899.0,Tshirts,Apparel,Topwear,1.0,Black,Cotton,Regular Fit,Round Neck,Unknown,20,542,32,0,0,1,0,0,1,0,0,0,0,1,0,0,0,6.802394763324311,0.2
80b7ff10-b738-4093-b7ad-73872f0b8b43,Indigo Nation,Indigo Nation Men  White Stripe Shirt,composition white full sleeves shirt dark green stripes made 60 polyester 40 cotton patch pocket left chest full front buttoned placket fitting regular wash care hand machine wash cold water mild detergent wash dark colours separately bleach tumble dry low dry shade warm iron formal clothes boring make weekdays fun wearing striped formal shirt indigo nation shirt looks fresh crisp keep cool day long team well fitting formal trousers pair leather shoes take office storm team jeans hang friends one shirt many uses model statistics model wears size 40 shirts height shoulders 18,not found,999.0,999.0,Shirts,Apparel,Topwear,1.0,White,Cotton,Regular Fit,Unknown,Semiformal,11,294,20,0,0,1,0,0,1,0,0,0,0,1,0,0,0,6.907755278982137,0.2
fbcfcb3f-429f-4349-a32b-f1f52850e721,Wrangler,Wrangler Men Navy Blue Tough Service Navy T-shirt,compositionnavy blue round neck shirt made 100 cotton short sleeves graphic print front fittingcomfortwash careonly hand wash cold water using mild detergentwash dark colours separatelydo bleach wring tumble dryflat dry shademild iron iron print embellishment embroiderypower pump style statement navy blue shirt wrangler short sleeves sit snug well toned arms cotton fabric keeps fresh comfortable day team jeans sports shoes cotton shorts leather sandals unparalleled cool model statisticsthe model wears size shirtsheight shoulders 18,not found,945.0,945.0,Tshirts,Apparel,Topwear,1.0,Navy Blue,Cotton,Regular Fit,Round Neck,Casual,27,823,32,0,0,1,0,0,1,0,0,0,0,1,0,0,0,6.852242569051878,0.2
229cd4fe-5e63-4192-8148-d87f55cff3c7,Wrangler,Wrangler Men True Riders White T-Shirts,compositionwhite round neck shirt made 100 cotton short sleeves shaded graphic print front fittingcomfortwash careonly hand wash cold water using mild detergentwash dark colours separatelydo bleach wring tumble dryflat dry shademild iron iron print embellishment embroideryif hardcore motorbike rider share spirit biking true riders club shirt wrangler designed break free get stylish white tee cotton fabric keeps fresh comfortable day team jeans biker pants biker gloves sports shoes unparalleled cool model statisticsthe model wears size shirtsheight shoulders 18,not found,995.0,995.0,Tshirts,Apparel,Topwear,1.0,White,Cotton,Regular Fit,Round Neck,Unknown,27,835,32,0,0,1,0,0,1,0,0,0,0,1,0,0,0,6.903747257584598,0.2
f31a41fa-3e14-4a03-8a25-1661e035e7b0,ESPRIT,Esprit Women Cool Chic Brown Steel Watch,taking traditional designs giving modern twist makes esprit watches timeless timepieces classic cool chic analog wrist watch esprit exception contemporary trendy rsquo affordable timepiece exquisite design highlights individuality case diameter 24 mm case thickness mm dial shape round metallic case fixed bezel added durability style comfort leather strap metallic interlinks tang clasp silver dial embellishments marking 12 rsquo clock brand name rsquo clock marking quartz movement time display screw reset time alarm set timer solid case back made stainless steel enhanced durability water resistant allowing use even swimming,not found,5495.0,5495.0,Watches,Accessories,Watches,0.0,Steel,Unknown,Unknown,Unknown,Unknown,7,177,34,0,0,0,0,1,1,0,0,0,0,0,0,0,1,8.611775833902186,0.0
499d05ec-e5d4-40a6-a89d-68d5b8730a95,ESPRIT,Esprit Women Cool Chic White Steel Watches,taking traditional designs giving modern twist makes esprit watches timeless timepieces classic cool chic analog wrist watch esprit exception contemporary trendy rsquo affordable timepiece exquisite design highlights individuality case diameter 24 mm case thickness mm dial shape round metallic case fixed bezel added durability style comfort leather strap metallic interlinks tang clasp silver dial embellishments marking 12 rsquo clock brand name rsquo clock marking quartz movement time display screw reset time alarm set timer solid case back made stainless steel enhanced durability water resistant allowing use even swimming,not found,5495.0,5495.0,Watches,Accessories,Watches,0.0,Steel,Unknown,Unknown,Unknown,Unknown,7,179,34,0,0,0,0,1,1,0,0,0,0,0,0,0,1,8.611775833902186,0.0
47067149-9851-4565-a9eb-bdca2ae75067,SCULLERS,Scullers Men Check Black Shirts,composition full sleeves shirt black white plaid checks made 100 cotton patch pocket left chest embroidered brand logo full length buttoned placket godet inserts sides curved hemline attached grey vest graphic print front brand name fitting slim wash care machine hand wash cold water 30 mild detergent wash dark colours separately bleach tumble dry low dry shade warm iron thursday want wear something formal casual either try semi formal checked shirt scullers spunky look wear shirt unbuttoned showing attached grey vest wear buttoned chic cool look pair denims corduroys walk style model statistics model wears size shirts height shoulders 18,not found,1949.0,1949.0,Shirts,Apparel,Topwear,1.0,Black,Cotton,Slim Fit,Unknown,Unknown,23,653,20,0,0,1,0,0,1,0,0,0,0,1,0,0,0,7.575584651557793,0.2
d9c5419e-2497-4c61-bb71-c63e2a9a3623,Wrangler,Wrangler Men True Riders Blue T-Shirts,compositionblue round neck shirt made 100 cotton short sleeves shaded graphic print front fittingcomfortwash careonly hand wash cold water using mild detergentwash dark colours separatelydo bleach wring tumble dryflat dry shademild iron iron print embellishment embroideryif hardcore motorbike rider share spirit biking true riders club blue shirt wrangler designed break free get stylish tee cotton fabric keeps fresh comfortable day team jeans biker pants biker gloves sports shoes unparalleled cool model statisticsthe model wears size shirtsheight shoulders 18,not found,995.0,995.0,Tshirts,Apparel,Topwear,1.0,Blue,Cotton,Regular Fit,Round Neck,Unknown,27,834,32,0,0,1,0,0,1,0,0,0,0,1,0,0,0,6.903747257584598,0.2
f2b876df-e83a-47d9-9d2d-932315249863,Nike,Nike Men Town Navy Blue T-Shirts,composition navy blue round neck shirt short sleeves made 100 cotton fabric tape detailing inseam neckline graphic print front nike swoosh printed left sleeve fitting regular wash care machine wash cold water 30 degrees like colours use bleach softeners remove immediately allow lay wet tumble dry low cool iron iron directly print trims logo dry clean mood look casual hip try navy blue shirt nike cannot go wrong tee clean silhouette attractive graphic print perfect day wear pair jeans shorts walk around style,not found,1045.0,1045.0,Tshirts,Apparel,Topwear,1.0,Navy Blue,Synthetic,Regular Fit,Round Neck,Unknown,18,455,32,0,0,1,0,0,0,0,0,0,1,1,0,0,0,6.952728644624869,0.2
7ad30b78-ca3b-44b8-9618-7639d37fcba1,Murcia,Murcia Women TMK Black Handbags,want make style statement effortlessly black shoulder bag murcia come handy look trendy chic pair casual outfits go mall multiplex college bag large enough accommodate essentials plus attractive get appreciative glances day long made leather enhanced durability styletwo roomy zippered compartments inner zippered pocket small pouch hold essentialssmall zippered compartment back stowing essentialsleather flower appliqued front hanging tasslescontrast thread detailing added attractiontwo padded short handles ease carrying extra comfortmetal loops handles stud detailing added stylebranded zippers sliders easy use bag carerub surface dry clean cloth remove dust dirtuse mild leather cleaner,na,1350.0,1350.0,Handbags,Accessories,Bags,1.0,Black,Unknown,Unknown,Unknown,Casual,16,422,12,0,0,0,0,1,1,0,0,0,0,0,0,0,1,7.208600337960199,0.2
4c45d306-2943-4e56-9a7a-14a4a7d90810,Flying Machine,Flying Machine Men Ydc Blue Shirts,compositionblue white plaid check shirt made 100 cotton short sleeves rolled hems buttoned flaps tape detailing inseam collar white stitch detailing buttoned placket tape detailing inner facing placket two patch pockets chest buttoned flaps embroidered branding left chest pocket curved hemlinefittingregularwash caremachine wash colddo tumble dryturn inside dryingdon dry direct sunlightuse warm irondo iron printupgrade cool quotient checked shirt flying machine cotton fabric keeps fresh day hang friends double patch pocket adds touch style team jeans chinos slip shoes laidback look model statisticsthe model wears size shirtsheight shoulders 19,not found,1099.0,1099.0,Shirts,Apparel,Topwear,1.0,Blue,Cotton,Regular Fit,Unknown,Unknown,9,256,20,0,0,1,0,0,1,0,0,0,0,1,0,0,0,7.003065458786462,0.2
f805a6f6-a8ee-401a-a4e8-d8329248ac54,Wrangler,Wrangler Men Motor Rider Yellow T-Shirts,compositionyellow round neck shirt made 100 cotton short sleeves graphic print front fittingcomfortwash careonly hand wash cold water using mild detergentwash dark colours separatelydo bleach wring tumble dryflat dry shademild iron iron print embellishment embroideryflaunt chilled biker attitude style yellow shirt wrangler short sleeves sit snug well toned arms cotton fabric keeps fresh comfortable day team jeans sports shoes cotton shorts leather sandals unparalleled cool model statisticsthe model wears size shirtsheight shoulders 18,not found,945.0,945.0,Tshirts,Apparel,Topwear,1.0,Yellow,Cotton,Regular Fit,Round Neck,Unknown,27,820,32,0,0,1,0,0,1,0,0,0,0,1,0,0,0,6.852242569051878,0.2
fe20251c-0f31-48ee-8537-bdc1861e87c2,Jealous 21,Jealous 21 Women Check Brown Tops,compositionbrown cream checked shirt made 100 cotton front buttoned placket frill detailing mildly puffed short sleeves smocked hems curved hemline fittingcomfortwash carehand wash cold waterdo machine washwash dark colours separatelyuse mild detergentdo bleachdo wringdo tumble dryflat dry shademild irondo iron print embellishment embroiderydesigned casual feminine look checked shirt jealous 21 looks stylish smocked sleeve hems unbuttoned collar fabric buttons along placket elasticated side ends add smart look team jeans skirts ballerina flats floaters cool casual look model statisticsthe model wears size shirtsheight chest 33 waist 25,not found,999.0,999.0,Tops,Apparel,Topwear,1.0,Brown,Blended,Unknown,Mandarin Collar,Casual,13,341,28,0,0,0,0,1,1,0,0,0,0,1,0,0,0,6.907755278982137,0.2
5a5a5c1a-5158-4617-bc42-c94e9b8e8aea,Wrangler,Wrangler Men Stampede Printed Stripe Green Shirts,compositiongreen pinstriped shirt made 100 cotton tipped collar full front button placket short sleeves patch pocket left chest embroidered branding right chest stitch detailing curved hemlinefittingcomfortwash careonly hand wash cold water using mild detergentwash dark colours separatelydo bleach wring tumble dryflat dry shademild iron iron print embellishment embroideryflaunt style pinstriped shirt wrangler brand clothing world since 1947 short sleeves accentuate well toned arms cotton fabric keeps fresh comfortable day team jeans leather shoes perfect semi formal look model statisticsthe model wears size shirtsheight shoulders 18,not found,1395.0,1395.0,Shirts,Apparel,Topwear,1.0,Green,Cotton,Regular Fit,Unknown,Unknown,27,833,20,0,0,1,0,0,1,0,0,0,0,1,0,0,0,7.241366283322318,0.2
bb78da37-4cfa-4c61-bb04-7a5d6464800b,Wrangler,Wrangler Men Dirtcross Blue T-Shirts,compositionblue round neck shirt made 100 cotton short sleeves graphic print front fittingcomfortwash careonly hand wash cold water using mild detergentwash dark colours separatelydo bleach wring tumble dryflat dry shademild iron iron print embellishment embroideryflaunt chilled biker attitude style blue shirt wrangler short sleeves sit snug well toned arms cotton fabric keeps fresh comfortable day team jeans sports shoes cotton shorts leather sandals unparalleled cool model statisticsthe model wears size shirtsheight shoulders 18,not found,995.0,995.0,Tshirts,Apparel,Topwear,1.0,Blue,Cotton,Regular Fit,Round Neck,Unknown,27,793,32,0,0,1,0,0,1,0,0,0,0,1,0,0,0,6.903747257584598,0.2
e8f99e3d-ffa0-4a4e-8ab9-5eaba098d97a,Wrangler,Wrangler Men Dirtcross Grey T-Shirts,compositiongrey round neck shirt made 100 cotton short sleeves graphic print front fittingcomfortwash careonly hand wash cold water using mild detergentwash dark colours separatelydo bleach wring tumble dryflat dry shademild iron iron print embellishment embroideryflaunt chilled biker attitude style grey shirt wrangler short sleeves sit snug well toned arms cotton fabric keeps fresh comfortable day team jeans sports shoes cotton shorts leather sandals unparalleled cool model statisticsthe model wears size shirtsheight shoulders 18,not found,995.0,995.0,Tshirts,Apparel,Topwear,1.0,Grey,Cotton,Regular Fit,Round Neck,Unknown,27,794,32,0,0,1,0,0,1,0,0,0,0,1,0,0,0,6.903747257584598,0.2
f2212a6a-3520-4e55-955d-ee4005d79a15,Indigo Nation,Indigo Nation Men Hot Stepper Blue Shirts,composition royal blue full sleeves shirt white stripes made 100 cotton patch pocket left chest full front buttoned placket fitting regular wash care hand machine wash cold water mild detergent wash dark colours separately bleach tumble dry low dry shade warm iron formal clothes boring make weekdays fun wearing striped formal shirt indigo nation shirt looks fresh crisp keep cool day long team well fitting formal trousers pair leather shoes take office storm team jeans hang friends one shirt many uses model statistics model wears size 40 shirts height shoulders 18,not found,1449.0,1449.0,Shirts,Apparel,Topwear,1.0,Blue,Cotton,Regular Fit,Unknown,Unknown,11,308,20,0,0,1,0,0,1,0,0,0,0,1,0,0,0,7.27931883541462,0.2
f8a3d850-6215-40f4-88fc-19c692efaab6,Indigo Nation,Indigo Nation Men   Blue & White Stripe Shirt,composition royal blue full sleeves shirt white stripes made 100 cotton patch pocket left chest full front buttoned placket fitting regular wash care hand machine wash cold water mild detergent wash dark colours separately bleach tumble dry low dry shade warm iron formal clothes boring make weekdays fun wearing striped formal shirt indigo nation shirt looks fresh crisp keep cool day long team well fitting formal trousers pair leather shoes take office storm team jeans hang friends one shirt many uses model statistics model wears size 40 shirts height shoulders 18,not found,1399.0,1399.0,Shirts,Apparel,Topwear,1.0,Blue,Cotton,Regular Fit,Unknown,Formal,11,293,20,0,0,1,0,0,1,0,0,0,0,1,0,0,0,7.24422751560335,0.2
1ae0aa8a-3587-4103-99a2-93c897bde9c1,Wrangler,Wrangler Men Blue T-shirt,compositionlight blue round neck shirt made 100 cotton full arm set sleeves branding left arm stitch detailing along back neck shoulder line graphic print frontwash careonly hand wash cold water using mild detergentwash dark colours separatelydo bleach wring tumble dryflat dry shademild iron iron print embellishment embroiderygroove music classic blues radio winter style full sleeve shirt wrangler full sleeves sure keep chill bay close round neck keeps warm casual winter days spend time outdoors family friends team jeans sports shoes unparalleled cool size fitcomfort fitthe model height shoulders 18 wearing size,not found,1195.0,1195.0,Tshirts,Apparel,Topwear,1.0,Blue,Cotton,Regular Fit,Round Neck,Casual,27,783,32,0,0,1,0,0,1,0,0,0,0,1,0,0,0,7.086737934510577,0.2
43696c8b-fe42-443e-950b-37533c5d15a6,Wrangler,Wrangler Men Motor Rider Red T-Shirts,compositionred round neck shirt made 100 cotton short sleeves graphic print front fittingcomfortwash careonly hand wash cold water using mild detergentwash dark colours separatelydo bleach wring tumble dryflat dry shademild iron iron print embellishment embroideryflaunt chilled biker attitude style red shirt wrangler short sleeves sit snug well toned arms cotton fabric keeps fresh comfortable day team jeans sports shoes cotton shorts leather sandals unparalleled cool model statisticsthe model wears size shirtsheight shoulders 18,not found,945.0,945.0,Tshirts,Apparel,Topwear,1.0,Red,Cotton,Regular Fit,Round Neck,Unknown,27,819,32,0,0,1,0,0,1,0,0,0,0,1,0,0,0,6.852242569051878,0.2
47227870-b992-477a-a7b7-7c6615912b96,Murcia,Murcia Women Hahk Red Handbags,want make style statement effortlessly red shoulder bag murcia come handy look trendy chic pair casual outfits go mall multiplex even college bag large enough accommodate essentials plus attractive get appreciative glances day long made leather enhanced durability styletwo roomy zippered compartments small zippered pouch one compartment one zippered compartment backtwo padded short handles ease carrying extra comfortmetal loops hold handles added stylebuckle detailing either side stylebranded zippers sliders easy use durabilitystitch detailing contrast colour badge front absolute stylebag carerub surface dry clean cloth remove dust dirtuse mild leather cleaner,na,1450.0,1450.0,Handbags,Accessories,Bags,1.0,Red,Unknown,Unknown,Unknown,Casual,16,389,12,0,0,0,0,1,1,0,0,0,0,0,0,0,1,7.280008252884188,0.2
e40e56f4-cfba-4686-874e-4c4c74a4b828,Indigo Nation,Indigo Nation Men Club Poplin White Shirts,composition white full sleeves shirt made 100 cotton embroidered brand badge left chest embroidery upper back full front buttoned placket fitting slim wash care hand machine wash cold water mild detergent wash dark colours separately bleach tumble dry low dry shade warm iron bored shirts try white casual shirt indigo nation weekend parties smart shirt embroidery back reads spitfire british fighter aircraft look ruggedly handsome pay respects world war airplane team jeans casual shoes chilled look model statistics model wears size 40 shirts height shoulders 18,not found,1099.0,1099.0,Shirts,Apparel,Topwear,1.0,White,Cotton,Regular Fit,Unknown,Unknown,11,305,20,0,0,1,0,0,1,0,0,0,0,1,0,0,0,7.003065458786462,0.2
795bf9cf-b94f-4ca3-914a-57b17857ad44,Wrangler,Wrangler Men Rodeo 47 Tab Pkt Red Shirts,compositionred grey check shirt white accents made 100 cotton tipped collar full front button placket short sleeves patch pocket left chest brand badge curved hemlinefittingcomfortwash careonly hand wash cold water using mild detergentwash dark colours separatelydo bleach wring tumble dryflat dry shademild iron iron print embellishment embroideryflaunt style checked shirt wrangler brand clothing world since 1947 short sleeves accentuate well toned arms cotton fabric keeps fresh comfortable day team jeans leather shoes perfect semi formal look model statisticsthe model wears size shirtsheight shoulders 18,not found,1695.0,1695.0,Shirts,Apparel,Topwear,1.0,Red,Cotton,Regular Fit,Unknown,Unknown,27,830,20,0,0,1,0,0,1,0,0,0,0,1,0,0,0,7.4360278163518485,0.2
3a4e7aa1-f611-4eac-818d-8fdb7e16a382,Murcia,Murcia Women Kkhh Red Handbags,want make style statement effortlessly cherry red shoulder bag murcia come handy bag large enough accomodate essentials plus attractive get apprecaitive glances day long versatile bag looks great casual outfits formal wear time take office storm coolest chick mall made leather enhanced durability styletwo roomy zippered compartments inner zippered pocket hold essentialssmall zippered compartment back two zippered pouches front stowing essentialscontrast thread detailing added attractiontwo padded short handles ease carrying extra comfortmetal loops handles stud detailing added stylebranded zippers sliders easy usebag carerub surface dry clean cloth remove dust dirtuse mild leather cleaner,na,1450.0,1450.0,Handbags,Accessories,Bags,1.0,Red,Unknown,Unknown,Unknown,Casual,16,402,12,0,0,0,0,1,1,0,0,0,0,0,0,0,1,7.280008252884188,0.2
2124773b-9501-4bef-801d-f4e0b653ac41,Wrangler,Wrangler Men August Stripe Look Checks Blue Shirts,compositionblue yellow white check shirt made 100 cotton tipped collar full front button placket short sleeves buttoned flap pocket left chest brand badge curved hemlinefittingcomfortwash careonly hand wash cold water using mild detergentwash dark colours separatelydo bleach wring tumble dryflat dry shademild iron iron print embellishment embroideryflaunt style checked shirt wrangler brand clothing world since 1947 short sleeves accentuate well toned arms cotton fabric keeps fresh comfortable day team jeans leather shoes perfect semi formal look model statisticsthe model wears size shirtsheight shoulders 18,not found,1595.0,1595.0,Shirts,Apparel,Topwear,1.0,Blue,Cotton,Regular Fit,Unknown,Unknown,27,777,20,0,0,1,0,0,1,0,0,0,0,1,0,0,0,7.3752557780097545,0.2
32a32a0a-433b-4f05-9203-ebbf5b517e4a,Doodle,Doodle Boy D Print Blue Tshirts,composition light blue sleeveless hooded jacket made 100 cotton applique graphic print front fabric tape inseam neckline fitting regular wash care machine wash cold water like colours delicate cycle bleach tumble dry low lay flat dry warm iron needed iron print perfect warm days hooded sleeveless jacket doodle great gift little one pull hood little one sun traveling bike simple let fall back style park team denim pants sneakers cool casual look c152i1a43blue,not found,479.0,479.0,Tshirts,Apparel,Topwear,1.0,Blue,Cotton,Regular Fit,V-Neck,Unknown,6,121,32,0,0,1,0,0,1,0,0,0,0,1,0,0,0,6.173786103901937,0.2
6d9c3557-35fe-4333-97ac-5a24f5f7e9b4,United Colors of Benetton,United Colors of Benetton Women Solid Blue Tshirts,composition blue round neck shirt made 100 cotton short sleeves big ben logo crystal embellishments left chest fitting comfort wash care delicate machine wash 30 degrees using mild detergent dry clean tumble dry wring scrub bleach dry flat shade warm iron iron directly print embroidery ldquo sporty rdquo middle name blue shirt united colors benetton designed especially clean cuts neat finish top looks great jeans shorts skirts sandals sports footwear available wide collection myntra model statistics model wears size shirts height chest 33,not found,799.0,799.0,Tshirts,Apparel,Topwear,0.0,Blue,Cotton,Regular Fit,Round Neck,Unknown,24,754,32,0,0,0,0,1,1,0,0,0,0,1,0,0,0,6.684611727667927,0.0
e715253d-fe33-42e5-8f5f-85c5e8960ef0,Murcia,Murcia Women Kkhh Grey Handbags,want make style statement effortlessly teal shoulder bag murcia come handy bag large enough accommodate essentials plus attractive get appreciative glances day long versatile bag looks great casual outfits formal wear time take office storm coolest chick mall made leather enhanced durability styletwo roomy zippered compartments inner zippered pocket hold essentialssmall zippered compartment back two zippered pouches front stowing essentialscontrast thread detailing added attractiontwo padded short handles ease carrying extra comfortmetal loops handles stud detailing added stylebranded zippers sliders easy use bag carerub surface dry clean cloth remove dust dirtuse mild leather cleaner,na,1450.0,1450.0,Handbags,Accessories,Bags,1.0,Grey,Unknown,Unknown,Unknown,Casual,16,400,12,0,0,0,0,1,1,0,0,0,0,0,0,0,1,7.280008252884188,0.2
4511b8ee-d848-48c2-a276-9ceae7163234,ESPRIT,Esprit Men Gran Orbit Rosegold Copper Watches,taking traditional designs giving modern twist makes esprit watches timeless timepieces classic gran orbit analog wrist watch esprit exception contemporary trendy rsquo affordable timepiece exquisite design highlights individuality case diameter 47 mm case thickness 10 mm dial shape round metallic case fixed bezel added durability style comfort leather strap tang clasp black dial arabic numbered 12 rsquo clock hour markings date socket rsquo clock marking minute markings quartz movement time display screw reset time date solid case back made stainless steel enhanced durability water resistant allowing use even swimming,not found,6795.0,6795.0,Watches,Accessories,Watches,0.0,Copper,Unknown,Unknown,Unknown,Unknown,7,160,34,0,0,1,0,0,1,0,0,0,0,0,0,0,1,8.824089482791823,0.0
70da8347-8c34-48d8-aff7-7499a1201399,Urban Yoga,Urban Yoga Men Solid Blue Track Pants,compositionblue track pants made 100 cotton broad elasticated waist drawstrings reinforced stitching along crotch area two pockets sides brand embroidery left pocketfittingslimwash careonly hand wash cold water using mild detergentdo wring bleachflat dry shadereturn holistic living style track pants urban yoga designed comfort sweat absorbent fabric tracks allow concentrate task hand much ease fabric allows stretch ease reinforced tear points ensure slacks last longer flat seams around waist sides prevent irritation pair shirt flip flops absolute comfort model statisticsthe model wears track pants length 39 height waist 25 hips 35,not found,999.0,999.0,Track Pants,Apparel,Bottomwear,1.0,Blue,Unknown,Unknown,Unknown,Unknown,25,765,29,0,0,1,0,0,0,0,0,0,1,1,0,0,0,6.907755278982137,0.2
6c94b443-9812-4aca-9141-bd5beefcddb2,United Colors of Benetton,United Colors of Benetton Men Solid Purple Tshirts,composition aubergine coloured round neck shirt made 100 cotton short sleeves branding printed across chest fitting comfort wash care delicate machine wash 30 degrees using mild detergent dry clean tumble dry wring scrub bleach dry flat shade warm iron iron directly print embroidery subtle stylish aubergine coloured shirt united colors benetton speaks volumes sense heightened style branding across chest enhances royal fashion statement short sleeves contour well toned arms perfectly team jeans lifestyle sportswear cool casual look model statistics model wears size shirts height shoulders 18,not found,899.0,899.0,Tshirts,Apparel,Topwear,0.0,Purple,Cotton,Regular Fit,Round Neck,Unknown,24,726,32,0,0,1,0,0,1,0,0,0,0,1,0,0,0,6.802394763324311,0.0
f1625915-ba14-4b47-869e-228f6b34a262,Murcia,Murcia Women Hahk Purple Handbags,want make style statement effortlessly purple shoulder bag murcia come handy look trendy chic pair casual outfits go mall multiplex even college bag large enough accommodate essentials plus attractive get appreciative glances day long made leather enhanced durability styletwo roomy zippered compartments small zippered pouch one compartment one zippered compartment backtwo padded short handles ease carrying extra comfortmetal loops hold handles added stylebuckle detailing either side stylebranded zippers sliders easy use durabilitystitch detailing contrast colour badge front absolute stylebag carerub surface dry clean cloth remove dust dirtuse mild leather cleaner,na,1450.0,1450.0,Handbags,Accessories,Bags,1.0,Purple,Unknown,Unknown,Unknown,Casual,16,388,12,0,0,0,0,1,1,0,0,0,0,0,0,0,1,7.280008252884188,0.2
acdb4a13-cb14-493a-b7aa-3eb5a008db9b,Murcia,Murcia Women Hahk Beige Handbags,want make style statement effortlessly beige shoulder bag murcia come handy look trendy chic pair casual outfits go mall multiplex even college bag large enough accommodate essentials plus attractive get appreciative glances day long made leather enhanced durability styletwo roomy zippered compartments small zippered pouch one compartment one zippered compartment backtwo padded short handles ease carrying extra comfortmetal loops hold handles added stylebuckle detailing either side stylebranded zippers sliders easy use durabilitystitch detailing contrast colour badge front absolute stylebag carerub surface dry clean cloth remove dust dirtuse mild leather cleaner,na,1450.0,1435.0,Handbags,Accessories,Bags,1.0,Beige,Unknown,Unknown,Unknown,Casual,16,385,12,0,0,0,0,1,1,0,0,0,0,0,0,0,1,7.280008252884188,0.2
e3026f18-b37b-4a63-9aaa-5ea4fa2e621b,United Colors of Benetton,United Colors of Benetton Women Black Dress,composition black sleeveless dress made 98 cotton spandex flapped neck button front two waist pockets waist belt fitting comfort wash care delicate machine wash 30 degrees using mild detergent dry clean tumble dry wring scrub bleach dry flat shade warm iron iron directly print embroidery heightened style dress united colors benetton exudes perfect never compromise style comfort dress exudes feminity sense term team heeled sandals long earnings cool chic look model statistics model wears size dresses height waist 26,not found,2999.0,2999.0,Dresses,Apparel,Dress,1.0,Black,Cotton,Unknown,Unknown,Unknown,24,737,7,0,0,0,0,1,1,0,0,0,0,1,0,0,0,8.006367567650246,0.2
c974bd30-2571-4678-9c91-9e2eef1496fa,Murcia,Murcia Women Hahk Black Handbags,want make style statement effortlessly black shoulder bag murcia come handy look trendy chic pair casual outfits go mall multiplex even college bag large enough accommodate essentials plus attractive get appreciative glances day long made leather enhanced durability styletwo roomy zippered compartments small zippered pouch one compartment one zippered compartment backtwo padded short handles ease carrying extra comfortmetal loops hold handles added stylebuckle detailing either side stylebranded zippers sliders easy use durabilitystitch detailing contrast colour badge front absolute stylebag carerub surface dry clean cloth remove dust dirtuse mild leather cleaner,na,1450.0,1450.0,Handbags,Accessories,Bags,1.0,Black,Unknown,Unknown,Unknown,Casual,16,386,12,0,0,0,0,1,1,0,0,0,0,0,0,0,1,7.280008252884188,0.2
aab3b183-8431-4561-81ef-d450cac56260,Murcia,Murcia Women Hddcs Beige Handbags,want make style statement effortlessly beige shoulder bag murcia come handy bag large enough accommodate essentials plus attractive get appreciative glances day long versatile bag looks great casual outfits formal wear time take office storm coolest chick mall made leather enhanced durability styletwo roomy zippered compartments inner zippered pocket hold essentialssmall zippered compartment back stowing essentialstwo padded short handles ease carrying extra comfortfixed short belt metal buckles sidesfront handle attached bag metal loops added stylebranded zippers sliders easy use bag carerub surface dry clean cloth remove dust dirtuse mild leather cleaner,na,1350.0,1350.0,Handbags,Accessories,Bags,1.0,Beige,Unknown,Unknown,Unknown,Casual,16,390,12,0,0,0,0,1,1,0,0,0,0,0,0,0,1,7.208600337960199,0.2
4b734bff-719c-4ab2-bf1e-9edf31f6d4ee,Nike,Nike Men Football Soccer Blue Jerseys,compositionblue round neck shirt made dri fit polyester short sleeves meshed side panels back neck panel chest panel appliqu brand badge left chest embroidered nike swoosh right chest fittingcomfortwash caremachine wash cold 30 degrees like coloursdo bleachtumble dry lowremove immediately allow lay wetcool iron iron designdo dry cleanflaunt support brazilian soccer team style cbf shirt nike created using dri fit polyester fabric mesh panels sides ensure absolute ventilation fabric keeps fresh comfortable day gear sweat free days tee pair shorts tracks soccer shoes absolute style comfort,not found,3295.0,3295.0,Tshirts,Apparel,Topwear,1.0,Blue,Polyester,Regular Fit,Round Neck,Sports,18,445,32,0,0,1,0,0,0,0,0,0,1,1,0,0,0,8.100464891029363,0.2
32417326-ed94-4c47-8dc4-e3abb11d0009,Jealous 21,Jealous 21 Women Una Pink Tops,composition pink top made 100 viscose neck printed frills falling neckline extending till back loose sleeves fitting comfort wash care delicate machine wash 30 degrees using mild detergent dry clean tumble dry wring scrub bleach dry flat shade warm iron iron directly print embroidery flaunt feminity style fashionable top jealous 21 collar shawl drapes across shoulders enhancing femininity top fabric keeps fresh comfortable day team slim fit jeans heeled sandals uber cool look model statistics model wears size shirts height chest 33,not found,799.0,799.0,Tops,Apparel,Topwear,1.0,Pink,Blended,Unknown,Scoop Neck,Casual,13,350,28,0,0,0,0,1,1,0,0,0,0,1,0,0,0,6.684611727667927,0.2
f94e6b72-0847-45fb-b82c-a2f59433073f,ESPRIT,Esprit Men Axis Day Steel Watches,taking traditional designs giving modern twist makes esprit watches timeless timepieces classic axis analog wrist watch esprit exception contemporary trendy rsquo affordable timepiece exquisite design highlights individuality case diameter 45 mm case thickness 11 mm dial shape round stainless steel case fixed bezel added durability style comfort leather strap tang clasp durable scratch resistant mineral crystal glass white dial numbered hour markings date day socket near rsquo clock marking quartz movement time display screw reset time day date solid case back enhanced durability water resistant allowing use washing hands car,not found,4995.0,4995.0,Watches,Accessories,Watches,0.0,Steel,Unknown,Unknown,Unknown,Unknown,7,158,34,0,0,1,0,0,1,0,0,0,0,0,0,0,1,8.516392871245468,0.0
596fc427-fef1-40f6-91f1-ed466bc7be9e,Flying Machine,Flying Machine Men HS Grey Tshirts,compositiongrey melange round neck shirt made 100 cotton stitch detailing hems green stitch detailing shoulder behind neckline distressed graphic print front vented hemfittingregularwash caremachine wash cold tumble dryturn inside dryinguse warm irondo iron print embroiderystylish hilt cotton shirt flying machine designed never compromise comfort looks flaunt green attitude lead greening drive style cotton fabric keeps fresh comfortable day team shirt jeans sports shoes flaunt fashion statement style model statisticsthe model wears size shirtsheight shoulders 19,not found,699.0,699.0,Tshirts,Apparel,Topwear,1.0,Grey,Cotton,Regular Fit,Round Neck,Unknown,9,240,32,0,0,1,0,0,1,0,0,0,0,1,0,0,0,6.551080335043404,0.2
d81d23d7-f4b3-4133-8ce3-39be65b7e587,Wrangler,Wrangler Men Dirt Rider Check Black Shirts,compositiongrey black white check shirt pink accents made 100 cotton tipped collar full front button placket short sleeves patch pocket left chest curved hemlinefittingcomfortwash careonly hand wash cold water using mild detergentwash dark colours separatelydo bleach wring tumble dryflat dry shademild iron iron print embellishment embroideryflaunt style checked shirt wrangler brand clothing world since 1947 short sleeves accentuate well toned arms cotton fabric keeps fresh comfortable day team jeans leather shoes perfect semi formal look model statisticsthe model wears size shirtsheight shoulders 18,not found,1395.0,1395.0,Shirts,Apparel,Topwear,1.0,Black,Cotton,Regular Fit,Unknown,Unknown,27,790,20,0,0,1,0,0,1,0,0,0,0,1,0,0,0,7.241366283322318,0.2
2ab2fe05-98be-49e4-bdf8-72007c6708ba,Murcia,Murcia Women Hths Brown Handbags,want make style statement effortlessly brown shoulder bag murcia come handy look trendy chic pair casual outfits go mall multiplex even college bag large enough accommodate essentials plus attractive get appreciative glances day long made leather enhanced durability styletwo roomy zippered compartments small zippered pouch one compartment one zippered pouch backtwo handles braided style ease carrying extra comfort stylemetal loops hold one handle handle stitched bag added style durabilitybranded zippers sliders easy use durabilitystitch detailing floral format absolute style bag carerub surface dry clean cloth remove dust dirtuse mild leather cleaner,na,1050.0,1050.0,Handbags,Accessories,Bags,1.0,Brown,Unknown,Unknown,Unknown,Casual,16,397,12,0,0,0,0,1,1,0,0,0,0,0,0,0,1,6.957497370876951,0.2
ded7eb55-91af-411c-a56c-baa2d57e9e6f,Puma,Puma Men Heroes Graphic Green Tshirts,composition green round neck short sleeved shirt made 100 cotton softly ribbed neckline fabric tape detailing inseam brand badge stitched left sleeve graphic print front flock detailing fitting regular wash care gentle machine wash like colours cool water 30 degrees bleach tumble dry warm iron dry clean looking hip becomes easy green heroes shirt puma smart graphic pattern fabulous puma shoes front makes shirt absolutely irresistible team jeans shorts perfect look model statistics model wears size shirts height shoulder 18,not found,899.0,899.0,Tshirts,Apparel,Topwear,1.0,Green,Synthetic,Regular Fit,Round Neck,Casual,20,529,32,0,0,1,0,0,1,0,0,0,0,1,0,0,0,6.802394763324311,0.2
8aacc4b0-d1b5-4087-ac07-4e5f0d76ca25,Jealous 21,Jealous 21 Women Uri Purple Tops,composition purple top made 100 viscose neck printed frills falling neckline extending till back short sleeves fitting comfort wash care delicate machine wash 30 degrees using mild detergent dry clean tumble dry wring scrub bleach dry flat shade warm iron iron directly print embroidery flaunt feminity style fashionable top jealous 21 collar shawl drapes across shoulders enhancing femininity top fabric keeps fresh comfortable day team slim fit jeans heeled sandals uber cool look model statistics model wears size shirts height chest 33,not found,799.0,799.0,Tops,Apparel,Topwear,1.0,Purple,Blended,Unknown,V-Neck,Casual,13,351,28,0,0,0,0,1,1,0,0,0,0,1,0,0,0,6.684611727667927,0.2
5c7039ac-73f3-44d9-86b7-532f46749a79,Nike,Nike Men As Ad Breakli Navy Blue Shorts,composition black shorts made 100 cotton blue stitch detailing sides elastic waist drawcord discreet pocket back two side pockets fitting comfort wash care machine wash cold 30 degrees like colours bleach tumble dry low remove immediately allow lay wet cool iron iron design dry clean built breathability zero distraction fit athletes demand focus nike running shorts comes front back color block design including hi vis features night workouts high performance shorts features supportive two one cut built fabric rapidly moves sweat away body,not found,1195.0,1195.0,Shorts,Apparel,Bottomwear,1.0,Navy Blue,Unknown,Unknown,Unknown,Unknown,18,433,21,0,0,1,0,0,0,0,0,0,1,1,0,0,0,7.086737934510577,0.2
64a4cb41-21fe-46f2-aac9-aa4bc6b271c7,Carrera,Carrera Men Steel dial frame dial White Watches,carrera watch industry five decades proven masters art creating high quality timepieces new range carrera watches fresh take classic drivers rsquo racers rsquo watch models perfect urban wear case diameter 39 mm case thickness mm dial shape square stainless steel case black leather strap brand inscription inner side enhanced durability comfort style combined tang butterfly metallic clasp brand inscription fixed stainless steel bezel added durability style black busy dial metallic numbers roman metallic hands metallic crown adjust time date day water resistant 100 meters making suitable scuba diving,not found,5250.0,5250.0,Watches,Accessories,Watches,0.0,White,Unknown,Unknown,Unknown,Unknown,2,42,34,0,0,1,0,0,1,0,0,0,0,0,0,0,1,8.566173813637858,0.0
06bbc285-e6b2-4ce0-bf2d-cb2fa9aee901,Puma,Puma Men Heroes Graphic Black Tshirts,composition black round neck short sleeved shirt made 100 cotton softly ribbed neckline fabric tape detailing inseam brand badge stitched left sleeve graphic print front flock detailing fitting regular wash care gentle machine wash like colours cool water 30 degrees bleach tumble dry warm iron dry clean looking hep comes easy black heroes shirt puma smart graphic pattern fabulous puma shoes front makes shirt absolutely irresistible team jeans shorts perfect look model statistics model wears size shirts height shoulder 18,not found,899.0,899.0,Tshirts,Apparel,Topwear,0.0,Black,Synthetic,Regular Fit,Round Neck,Unknown,20,528,32,0,0,1,0,0,1,0,0,0,0,1,0,0,0,6.802394763324311,0.0
d9403c6c-6ba9-414e-8bd7-edc2ecd85847,Flying Machine,Flying Machine Men Damson Maroon Tshirts,compositionmauve round neck shirt made 100 cotton ribbed neckline tape detailing inseam collar thread detailing shoulders behind collar distressed look lettering back collar distressed look print front rubber print letteringfittingregularwash caremachine wash colddo tumble dryturn inside dryinguse warm irondo iron printupgrade cool quotient mauve shirt resident earth collection flying machine distressed print chest words stop moving ahead walking adds dash urban style coupled global consciousness team jeans canvas shoes really laidback look model statisticsthe model wears size shirtsheight shoulders 19,not found,699.0,699.0,Tshirts,Apparel,Topwear,1.0,Pink,Cotton,Regular Fit,Round Neck,Unknown,9,227,32,0,0,1,0,0,1,0,0,0,0,1,0,0,0,6.551080335043404,0.2
491d5033-45ae-42d1-b1bc-277e80b6d113,Jealous 21,Jealous 21 Women Check Red Tops,compositionred navy blue checked shirt made 100 cotton front buttoned placket frill detailing mildly puffed short sleeves smocked hems curved hemline fittingcomfortwash carehand wash cold waterdo machine washwash dark colours separatelyuse mild detergentdo bleachdo wringdo tumble dryflat dry shademild irondo iron print embellishment embroiderydesigned casual feminine look checked shirt jealous 21 looks stylish smocked sleeve hems unbuttoned collar fabric buttons along placket elasticated side ends add smart look team jeans skirts ballerina flats floaters cool casual look model statisticsthe model wears size shirtsheight chest 33 waist 25,not found,999.0,999.0,Tops,Apparel,Topwear,1.0,Red,Blended,Unknown,Mandarin Collar,Casual,13,345,28,0,0,0,0,1,1,0,0,0,0,1,0,0,0,6.907755278982137,0.2
e5aad39c-9ad9-47e1-90ed-935dfe9e3d99,Wrangler,Wrangler Men All The Way Photo Print Navy Blue T-Shirts,compositionnavy blue neck shirt made 100 cotton short sleeves brand badge left hem graphic print front fittingcomfortwash careonly hand wash cold water using mild detergentwash dark colours separatelydo bleach wring tumble dryflat dry shademild iron iron print embellishment embroideryflaunt chilled attitude style navy blue shirt wrangler neck enhances manly attitude short sleeves sit snug well toned arms cotton fabric keeps fresh comfortable day team jeans sports shoes unparalleled cool model statisticsthe model wears size shirtsheight shoulders 18,not found,895.0,895.0,Tshirts,Apparel,Topwear,1.0,Navy Blue,Cotton,Regular Fit,V-Neck,Unknown,27,772,32,0,0,1,0,0,1,0,0,0,0,1,0,0,0,6.79794041297493,0.2
d2545de9-ce79-4b00-a3ef-cb3f49ef9dcc,Wrangler,Wrangler Men Wales Slim Hb Brown Shirts,compositionblack yellow check shirt made 100 cotton tipped collar full front button placket short sleeves patch pocket left chest brand badge curved hemlinefittingcomfortwash careonly hand wash cold water using mild detergentwash dark colours separatelydo bleach wring tumble dryflat dry shademild iron iron print embellishment embroideryflaunt style checked shirt wrangler brand clothing world since 1947 short sleeves accentuate well toned arms cotton fabric keeps fresh comfortable day team jeans leather shoes perfect semi formal look model statisticsthe model wears size shirtsheight shoulders 18,not found,1695.0,1695.0,Shirts,Apparel,Topwear,1.0,Brown,Cotton,Regular Fit,Unknown,Unknown,27,841,20,0,0,1,0,0,1,0,0,0,0,1,0,0,0,7.4360278163518485,0.2
a2af793e-48e6-4325-8441-dd2e04d3ce0c,Nike,Nike Women As Miler Ss White T-Shirts,composition white shirt made 100 polyester engineered dri fit fabric mesh crew neck side panels reflective loop upper back flat seams fitting slim wash care machine wash cold 30 degrees like colours bleach tumble dry low remove immediately allow lay wet cool iron iron design dry clean expert ventilation gives edge nike miler girls running shirt lightweight design keeps sweat bay picking speed pair dri fit bottoms perform best reflective loop back helps keep media plaayer cords way flat seams avoid chaffing making sporting experience comfortable wonderful,not found,1295.0,1295.0,Tshirts,Apparel,Topwear,1.0,White,Synthetic,Regular Fit,Round Neck,Unknown,18,473,32,0,0,0,0,1,0,0,0,0,1,1,0,0,0,7.16703787691222,0.2
131692e1-3f88-44f2-8906-ceaa1e14d132,Flying Machine,Flying Machine Men HS Red Shirts,compositionnavy blue red check shirt made 100 cotton tape detailing inseam collar short sleeves assymetric panel hems two patch pockets chest buttoned flaps buttoned placket panel detailing inner facing placket embroidered brand logo left chest pocket curved hemline fittingregularwash caremachine wash colddo tumble dryturn inside dryingdon dry direct sunlightuse warm irondo iron printupgrade cool quotient checked shirt flying machine cotton fabric keeps fresh day hang friends double patch pocket adds touch style team jeans chinos slip shoes laidback look model statisticsthe model wears size shirtsheight shoulders 19,not found,1199.0,1199.0,Shirts,Apparel,Topwear,1.0,Red,Cotton,Regular Fit,Unknown,Unknown,9,242,20,0,0,1,0,0,1,0,0,0,0,1,0,0,0,7.090076835776092,0.2
9b50b754-9843-4490-aabf-19df005a90f9,Flying Machine,Flying Machine Women RN HS Grey Tshirts,compositiondark grey round neck top made 100 viscose short dolman sleeves rouched side hems pop art print front towards hem crystal studded detailing frontfittingregularwash caremachine wash cold waterdo tumble dryturn inside dryingdon dry direct sunlightuse warm irondo use iron print embroideryupgrade casual style grey top flying machine sleek design graphic front perfume bottles adds femininity top made viscose rayon top silky appearance feel allows body breathe well cotton weaves pair top jeans stylish feminine sandals available wide range myntra model statisticsthe model wears size shirtsheight chest 33,not found,599.0,299.0,Tshirts,Apparel,Topwear,1.0,Grey,Cotton,Regular Fit,Boat Neck,Unknown,9,281,32,0,0,0,0,1,1,0,0,0,0,1,0,0,0,6.396929655216146,0.2
9192d20f-a4c2-4daa-a3ec-429e3986702c,Murcia,Murcia Women Claudia Red Handbags,want make style statement effortlessly chocolate brown shoulder bag murcia come handy bag large enough accommodate essentials plus attractive get appreciative glances day long versatile bag looks great casual outfits formal wear time take office storm coolest chick mall made leather enhanced durability styletwo roomy zippered compartments accomodate itemssmall zippered compartment back stowing essentialscontrast thread detailing added attractiontwo short padded handles ease carrying improved comfortmovable plastic rings ends handle added attractionbranded zippers sliders easy usebag carerub surface dry clean cloth remove dust dirtuse mild leather cleaner,na,1250.0,1250.0,Handbags,Accessories,Bags,1.0,Red,Unknown,Unknown,Unknown,Casual,16,377,12,0,0,0,0,1,1,0,0,0,0,0,0,0,1,7.1316985104669115,0.2
4333f11e-9378-4a5b-b97d-68a0d28ef2b7,Nike,Nike Men's Breakli Navy Blue Track Pants,composition blue tracks made 100 cotton green stitch detailing sides elastic waist drawcord discreet pocket back two side pockets fitting comfort wash care machine wash cold 30 degrees like colours bleach tumble dry low remove immediately allow lay wet cool iron iron design dry clean built breathability zero distraction fit athletes demands focus nike running shorts come front back color block design including hi vis features night workouts high performance shorts feature supportive two one cut built fabric rapidly moves sweat away body,not found,1495.0,1495.0,Track Pants,Apparel,Bottomwear,1.0,Navy Blue,Blended,Unknown,Unknown,Unknown,18,461,29,0,0,1,0,0,0,0,0,0,1,1,0,0,0,7.310550158534422,0.2
90dcf4d5-f469-493e-b4b7-194e7008e677,Wrangler,Wrangler Men Grey T-shirt,compositiongrey neck shirt made 100 cotton short sleeves brand badge left hem graphic print front fittingcomfortwash careonly hand wash cold water using mild detergentwash dark colours separatelydo bleach wring tumble dryflat dry shademild iron iron print embellishment embroideryflaunt chilled attitude style grey shirt wrangler neck enhances manly attitude short sleeves sit snug well toned arms cotton fabric keeps fresh comfortable day team jeans sports shoes unparalleled cool model statisticsthe model wears size shirtsheight shoulders 18,not found,895.0,895.0,Tshirts,Apparel,Topwear,1.0,Grey,Cotton,Regular Fit,V-Neck,Casual,27,811,32,0,0,1,0,0,1,0,0,0,0,1,0,0,0,6.79794041297493,0.2
cfdc8f4c-53ea-4555-9615-7987c4e05f21,Puma,Puma Men Bts Black Tshirts,compositionblack round neck shirt made 100 polyester ribbing around neckline tape detailing inseam short sleeves white mesh panel insert front left sleeve embroidered cat logo upper right chest fittingregularwash caregentle machine wash lukewarm wateruse mild detergentdo tumble dry bleach dry cleanuse warm ironbold stylish black shirt puma perfect everyday wear mesh inserts front allow greater ventialtion also added style embroidered cat logo adds brand appel team jeans tracks cool sports shoes great casual look model statistics model wears size shirts height shoulders 18,not found,999.0,999.0,Tshirts,Apparel,Topwear,1.0,Black,Cotton,Regular Fit,Round Neck,Unknown,20,512,32,0,0,1,0,0,1,0,0,0,0,1,0,0,0,6.907755278982137,0.2
a6f11385-5cf3-4e27-8e83-0a06fc849a47,Flying Machine,Flying Machine Men Ydc Maroon Shirts,compositionmaroon white plaid check shirt black accents made 100 cotton short sleeves rolled cuffs buttoned flaps two patch pockets chest buttoned flaps buttoned placket tape detailing facing side inside embroidered branding right chest pocket curved hemline fittingregularwash caremachine wash colddo tumble dryturn inside dryingdon dry direct sunlightuse warm irondo iron printupgrade cool quotient checked shirt flying machine cotton fabric keeps fresh day hang friends double patch pocket adds touch style team jeans chinos slip shoes laidback look model statisticsthe model wears size shirtsheight shoulders 19,not found,1099.0,1099.0,Shirts,Apparel,Topwear,1.0,Maroon,Cotton,Regular Fit,Unknown,Unknown,9,259,20,0,0,1,0,0,1,0,0,0,0,1,0,0,0,7.003065458786462,0.2
541858d7-1b8a-4e8a-992c-d8945221b8f0,Urban Yoga,Urban Yoga Women Solid Black Track Pants,compositionblack track pants made cotton elastane blend broad elasticated waist contrast colour reinforced stitching along crotch area brand embroidery leftfittingslimwash careonly hand wash cold water using mild detergentdo wring bleachflat dry shadereturn holistic living style track pants urban yoga designed comfort sweat absorbent fabric tracks allow concentrate task hand much ease fabric allows stretch ease reinforced tear points ensure slacks last longer flat seams around waist sides prevent irritation pair shirt flip flops absolute comfort model statisticsthe model wears track pants length 39 height waist 25 hips 35,not found,999.0,999.0,Track Pants,Apparel,Bottomwear,1.0,Black,Cotton,Unknown,Unknown,Unknown,25,768,29,0,0,0,0,1,0,0,0,0,1,1,0,0,0,6.907755278982137,0.2
a5ad26ca-30c5-4637-818a-d84ed87d4b6a,Nike,Nike Men Athletic Red Tshirts,composition red round neck shirt short sleeves made 100 cotton ribbed neckline fabric tape detailing inseam graphic print front lettering nike swoosh printed front fitting regular wash care machine wash like colours cold water 30 degrees using mild detergent bleach remove immediately allow lay wet tumble dry low cool iron dry clean iron directly print trims logo mood look casual hip try red shirt nike cannot go wrong tee clean silhouette simple design perfect every day every tee look ease world pair jeans shorts walk around style,not found,595.0,595.0,Tshirts,Apparel,Topwear,0.0,Red,Cotton,Regular Fit,Round Neck,Unknown,18,439,32,0,0,1,0,0,0,0,0,0,1,0,0,1,0,6.39024066706535,0.0
a7b094dc-8e48-4665-a55b-3de848ad53d5,Urban Yoga,Urban Yoga Women Solid Blue Track Pants,compositionblue track pants made cotton elastane blend broad elasticated waist contrast colour reinforced stitching along crotch area brand embroidery leftfittingslimwash careonly hand wash cold water using mild detergentdo wring bleachflat dry shadereturn holistic living style track pants urban yoga designed comfort sweat absorbent fabric tracks allow concentrate task hand much ease fabric allows stretch ease reinforced tear points ensure slacks last longer flat seams around waist sides prevent irritation pair shirt flip flops absolute comfort model statisticsthe model wears track pants length 39 height waist 25 hips 35,not found,999.0,999.0,Track Pants,Apparel,Bottomwear,1.0,Blue,Cotton,Unknown,Unknown,Unknown,25,769,29,0,0,0,0,1,0,0,0,0,1,1,0,0,0,6.907755278982137,0.2
f22ead79-5137-424a-8d40-6f8c8a6b0c21,Murcia,Murcia Women Hths Blue Handbags,want make style statement effortlessly blue shoulder bag murcia come handy look trendy chic pair casual outfits go mall multiplex even college bag large enough accommodate essentials plus attractive get appreciative glances day long made leather enhanced durability styletwo roomy zippered compartments small zippered pouch one compartment one zippered pouch backtwo handles braided style ease carrying extra comfort stylemetal loops hold one handle handle stitched bag added style durabilitybranded zippers sliders easy use durabilitystitch detailing absolute style bag carerub surface dry clean cloth remove dust dirtuse mild leather cleaner,na,1050.0,1050.0,Handbags,Accessories,Bags,1.0,Blue,Unknown,Unknown,Unknown,Casual,16,396,12,0,0,0,0,1,1,0,0,0,0,0,0,0,1,6.957497370876951,0.2
8657c562-af11-431a-9c04-1eb313b47147,Murcia,Murcia Women Emma Green Handbags,want make style statement effortlessly green shoulder bag murcia come handy look trendy chic pair casual outfits go mall multiplex college bag large enough accommodate essentials plus attractive get appreciative glances day long made leather enhanced durability styletwo roomy zippered compartments zippered pocket small pouch hold essentialssmall zippered compartment back stowing essentialstwo padded short handles ease carrying extra comfortmetal loops handles stud detailing added stylemetal clasp loop system sides ruching effectbranded zippers sliders easy use bag carerub surface dry clean cloth remove dust dirtuse mild leather cleaner,na,1350.0,1350.0,Handbags,Accessories,Bags,1.0,Green,Unknown,Unknown,Unknown,Casual,16,382,12,0,0,0,0,1,1,0,0,0,0,0,0,0,1,7.208600337960199,0.2
bd4033eb-6f27-459f-822d-c248d5f3db54,ESPRIT,Esprit Women Pure E-Ffect Black Steel Watches,taking traditional designs giving modern twist makes esprit watches timeless timepieces classic pure effect analog wrist watch esprit exception contemporary trendy rsquo affordable timepiece exquisite design highlights individuality case diameter 20 mmcase thickness mmdial shape rectanglestainless steel case fixed bezel crystal embellishments added durability style comfort calfskin leather strap subtle brand detailing tang claspdurable scratch resistant mineral crystal glass black textured dial brand name rsquo clock positionquartz movement time displayscrew reset time solid case back stainless steel enhanced durabilitywater resistant allowing use washing hands car,not found,4495.0,4495.0,Watches,Accessories,Watches,0.0,Steel,Unknown,Unknown,Unknown,Unknown,7,198,34,0,0,0,0,1,1,0,0,0,0,0,0,0,1,8.410943391573527,0.0
969f63ef-ad61-4bbe-b70d-72a6db736049,ESPRIT,Esprit Women E-Ffect Black With White Dial Steel Watch,taking traditional designs giving modern twist makes esprit watches timeless timepieces classic ffect analog wrist watch esprit exception contemporary trendy rsquo affordable timepiece exquisite design highlights individuality case diameter 20 mm case thickness mm dial shape rectangle stainless steel case embellished fixed bezel added durability style comfort leather strap tang clasp durable scratch resistant mineral crystal glass white textured dial brand name rsquo clock marking quartz movement time display screw reset time solid case back enhanced durability water resistant allowing wear washing hands etc,not found,4995.0,4995.0,Watches,Accessories,Watches,0.0,Steel,Unknown,Unknown,Unknown,Unknown,7,180,34,0,0,0,0,1,1,0,0,0,0,0,0,0,1,8.516392871245468,0.0
1f6f7cef-9b10-4c0b-afc8-808d0de40111,SCULLERS,Scullers Women Stripes Purple Sweaters,compositionblack hooded jacket purple grey stripes made 100 acrylic hood full length buttoned placket big buttons belt round waist ribbed cuffs hemlinefittingregularwash careonly hand wash cold water using mild detergentwash dark colours separatelydo bleach wring tumble dryflat dry shademild irondo iron print embellishment embroiderybring back vintage warm bang crawl warm woollen jacket scullers regular attire look great occasion use either camouflage dress beneath simply show jacket freak chill season enjoying steaming hot street food much pleasure model statisticsthe model wears size jacketsheight chest 33 waist 25,not found,1699.0,1699.0,Sweaters,Apparel,Topwear,1.0,Purple,Unknown,Unknown,Unknown,Unknown,23,687,25,0,0,0,0,1,1,0,0,0,0,1,0,0,0,7.438383530044307,0.2
2878c517-264c-40f2-9876-b64a221af15f,Nike,Nike Women Trainng track pants Black Track Pants,compositionblack training pants made dri fit polyester fabric broad waist reinforced stitch detailing along crotch area embroidered nike swoosh left hip dri fit print back right hipfittingcomfortwash caremachine wash cold 30 degrees like coloursdo bleachtumble dry lowremove immediately allow lay wetcool iron iron designdo dry cleanburn unwanted calories utmost comfort ease nike training pants dri fit engineered fabric wicks sweat away keeps fresh comfortable fitness training sessions smart cuts pant also makes absolutely comfortable casual wear team short shirts sports shoes unparalleled cool,not found,1895.0,1895.0,Track Pants,Apparel,Bottomwear,0.0,Black,Unknown,Unknown,Unknown,Unknown,18,492,29,0,0,0,0,1,0,0,0,0,1,0,0,1,0,7.547501682814967,0.0
09576ef9-8d36-4bb4-8e47-614d83580cea,Flying Machine,Flying Machine Men FS Green Shirts,compositionblack white plaid shirt green accents made 100 cotton full sleeves buttoned placket white stitch detailing tape detailing inseam collar buttoned placket two patch pockets chest buttoned flaps embroidered brand logo left chest pocket curved hemlinefittingregularwash caremachine wash colddo tumble dryturn inside dryingdon dry direct sunlightuse warm irondo iron printupgrade cool quotient checked shirt flying machine cotton fabric keeps fresh day hang friends double patch pocket adds touch style team jeans chinos slip shoes laidback look model statisticsthe model wears size shirtsheight shoulders 19,not found,1399.0,1399.0,Shirts,Apparel,Topwear,1.0,Green,Cotton,Regular Fit,Unknown,Unknown,9,228,20,0,0,1,0,0,1,0,0,0,0,1,0,0,0,7.24422751560335,0.2
1b6144da-9a52-4bb9-8067-4b512de22cd4,John Miller,John Miller Men Solid Light Maroon Shirts,composition rust coloured full sleeves shirt made cotton polyester blend patch pocket left chest full length buttoned placket slightly curved hemline fitting regular wash care machine hand wash cold water 30 mild detergent wash dark colours separately bleach tumble dry low dry shade hot iron formal clothes boring make weekdays fun wearing formal shirt john miller shirt looks fresh crisp keep cool day long pair well fitting formal trousers pair leather shoes take office storm model statistics model wears size shirts height shoulders 18,not found,1149.0,1149.0,Shirts,Apparel,Topwear,1.0,Maroon,Cotton,Regular Fit,Unknown,Unknown,14,361,20,0,0,1,0,0,1,0,0,0,0,1,0,0,0,7.047517221357296,0.2
9449a215-2cce-4b8f-a263-3c8e41154966,SCULLERS,Scullers Men Check Green Shirt,composition green white plaid checked full sleeves shirt hint white made 100 cotton 100 cotton lining full length buttoned placket mid sleeve button brand embroidery right shoulder shoulder panels fabric two pockets chest brand tab right pocket fitting slim wash care hand wash cold water using mild detergent wring bleach flat dry shade warm iron checks add immense style casual look scullers brings life cynosure eyes stylish shirt fabric keeps fresh comfortable day pair formal pants denims corduroys black footwear stylish formal casual looks model statistics model wears size shirts height shoulders 18,not found,2049.0,2049.0,Shirts,Apparel,Topwear,1.0,Green,Cotton,Regular Fit,Unknown,Casual,23,656,20,0,0,1,0,0,1,0,0,0,0,1,0,0,0,7.6255950721324535,0.2
9b32e7ff-dad7-47cb-ab91-310217903e2d,Wrangler,Wrangler Men Cowboy Freedom Green T-Shirts,compositionbeige round neck shirt made 100 cotton short sleeves graphic print chest fittingcomfortwash careonly hand wash cold water using mild detergentwash dark colours separatelydo bleach wring tumble dryflat dry shademild iron iron print embellishment embroiderywear brand tee flaunt cowboy freedom style beige shirt wrangler short sleeves sit snugly around well toned arms cotton fabric keeps fresh comfortable day team jeans sports shoes shorts sandals unparalleled cool model statisticsthe model wears size shirtsheight shoulders 18,not found,1095.0,1095.0,Tshirts,Apparel,Topwear,1.0,Green,Cotton,Regular Fit,Round Neck,Unknown,27,788,32,0,0,1,0,0,1,0,0,0,0,1,0,0,0,6.999422467507961,0.2
78a986e8-0017-4212-a086-70ba961f292e,United Colors of Benetton,United Colors of Benetton Men Printed Black Sweatshirt,compositionblack printed sweatshirt made 80 cotton 20 polyester full sleeves ribbed cuffs ribbed hem zippered chest placket mock collar two kangaroo pockets stitch detailing graphic print frontfittingcomfortwash caredelicate machine wash 30 degrees using mild detergentdo dry cleando tumble dry wring scrub bleachdry flat shadewarm irondo iron directly print embroiderywelcome winter style flaunt day life jersey united colors benetton ribbed cuffs hem sure keep chill away enjoy winter much comfort team jeans suede shoes cool casual look model statisticsthe model wears size shirtsheight shoulders 18,not found,2799.0,2799.0,Sweatshirts,Apparel,Topwear,0.0,Black,Blended,Unknown,Unknown,Unknown,24,710,26,0,0,1,0,0,1,0,0,0,0,1,0,0,0,7.937374696163295,0.0
468bfd64-a3cf-4cca-a820-9497540d8a1f,SCULLERS,Scullers Men Check Green Shirts,composition green blue plaid check full sleeves shirt hint white made 100 cotton 100 cotton lining full length buttoned placket mid sleeve button brand embroidery right shoulder shoulder panels fabric two pockets chest brand tab right pocket fitting slim wash care hand wash cold water using mild detergent wring bleach flat dry shade warm iron checks add immense style casual look scullers brings life cynosure eyes stylish shirt fabric keeps fresh comfortable day pair formal pants denims corduroys black footwear stylish formal casual looks model statistics model wears size shirts height shoulders 18,not found,1999.0,1999.0,Shirts,Apparel,Topwear,1.0,Green,Cotton,Regular Fit,Unknown,Unknown,23,657,20,0,0,1,0,0,1,0,0,0,0,1,0,0,0,7.600902459542082,0.2
0dec180b-1d9f-4793-a9f0-f319a1e48a16,Wrangler,Wrangler Men Urban Folk Pink T-Shirts,compositionpurple round neck shirt made 100 cotton short sleeves brand print graphic print frontfittingcomfortwash careonly hand wash cold water using mild detergentwash dark colours separatelydo bleach wring tumble dryflat dry shademild iron iron print embellishment embroiderygroove tunes urban folk style purple shirt wrangler short sleeves sit snug well toned arms cotton fabric keeps fresh comfortable day team jeans sports shoes cotton shorts leather sandals unparalleled cool model statisticsthe model wears size shirtsheight shoulders 18,not found,945.0,945.0,Tshirts,Apparel,Topwear,1.0,Pink,Cotton,Regular Fit,Round Neck,Unknown,27,837,32,0,0,1,0,0,1,0,0,0,0,1,0,0,0,6.852242569051878,0.2
f0a2401b-b7cb-44ee-bab1-e7c7964cd160,Murcia,Murcia Women Hths Purple Handbags,want make style statement effortlessly purple shoulder bag murcia come handy look trendy chic pair casual outfits go mall multiplex even college bag large enough accommodate essentials plus attractive get appreciative glances day long made leather enhanced durability styletwo roomy zippered compartments small zippered pouch one compartment one zippered pouch backtwo handles braided style ease carrying extra comfort stylemetal loops hold one handle handle stitched bag added style durabilitybranded zippers sliders easy use durabilitystitch detailing absolute style bag carerub surface dry clean cloth remove dust dirtuse mild leather cleaner,na,1050.0,1050.0,Handbags,Accessories,Bags,1.0,Purple,Unknown,Unknown,Unknown,Casual,16,399,12,0,0,0,0,1,1,0,0,0,0,0,0,0,1,6.957497370876951,0.2
070ad7f3-4156-45a2-b83c-55c55541efac,Murcia,Murcia Women Hths Green Handbags,want make style statement effortlessly green shoulder bag murcia come handy look trendy chic pair casual outfits go mall multiplex even college bag large enough accommodate essentials plus attractive get appreciative glances day long made leather enhanced durability styletwo roomy zippered compartments small zippered pouch one compartment one zippered pouch backtwo handles braided style ease carrying extra comfort stylemetal loops hold one handle handle stitched bag added style durabilitybranded zippers sliders easy use durabilitystitch detailing absolute style bag carerub surface dry clean cloth remove dust dirtuse mild leather cleaner,na,1050.0,1050.0,Handbags,Accessories,Bags,1.0,Green,Unknown,Unknown,Unknown,Casual,16,398,12,0,0,0,0,1,1,0,0,0,0,0,0,0,1,6.957497370876951,0.2
1a45e457-3f07-4dd4-8580-d9802bfa5bcd,Murcia,Murcia Women Hths Black Handbags,want make style statement effortlessly black shoulder bag murcia come handy look trendy chic pair casual outfits go mall multiplex even college bag large enough accommodate essentials plus attractive get appreciative glances day long made leather enhanced durability styletwo roomy zippered compartments small zippered pouch one compartment one zippered pouch backtwo handles braided style ease carrying extra comfort stylemetal loops hold one handle handle stitched bag added style durabilitybranded zippers sliders easy use durabilitystitch detailing absolute style bag carerub surface dry clean cloth remove dust dirtuse mild leather cleaner,na,1050.0,1050.0,Handbags,Accessories,Bags,1.0,Black,Unknown,Unknown,Unknown,Casual,16,395,12,0,0,0,0,1,1,0,0,0,0,0,0,0,1,6.957497370876951,0.2
dd0c963c-bc24-4efe-90f2-1a1afc96c66f,Wrangler,Wrangler Men Urban Folk White T-Shirts,compositionwhite round neck shirt made 100 cotton short sleeves brand print graphic print frontfittingcomfortwash careonly hand wash cold water using mild detergentwash dark colours separatelydo bleach wring tumble dryflat dry shademild iron iron print embellishment embroiderygroove tunes urban folk style white shirt wrangler short sleeves sit snug well toned arms cotton fabric keeps fresh comfortable day team jeans sports shoes cotton shorts leather sandals unparalleled cool model statisticsthe model wears size shirtsheight shoulders 18,not found,945.0,945.0,Tshirts,Apparel,Topwear,1.0,White,Cotton,Regular Fit,Round Neck,Unknown,27,838,32,0,0,1,0,0,1,0,0,0,0,1,0,0,0,6.852242569051878,0.2
cdcadc9d-1a56-4eb3-b3fe-e4926c5ab986,Murcia,Murcia Women Emma Beige Handbags,want make style statement effortlessly beige shoulder bag murcia come handy look trendy chic pair casual outfits go mall multiplex college bag large enough accommodate essentials plus attractive get appreciaitve glances day long made leather enhanced durability styletwo roomy zippered compartments zippered pocket small pouch hold essentialssmall zippered compartment back stowing essentialstwo padded short handles ease carrying extra comfortmetal loops handles stud detailing added stylemetal clasp loop system sides ruching effectbranded zippers sliders easy use bag carerub surface dry clean cloth remove dust dirtuse mild leather cleaner,na,1350.0,1350.0,Handbags,Accessories,Bags,1.0,Beige,Unknown,Unknown,Unknown,Casual,16,380,12,0,0,0,0,1,1,0,0,0,0,0,0,0,1,7.208600337960199,0.2
9a9f0a69-1378-4a0c-8a97-752fc8eba06b,Murcia,Murcia Women Emma Black Handbags,want make style statement effortlessly black shoulder bag murcia come handy look trendy chic pair casual outfits go mall multiplex college bag large enough accommodate essentials plus attractive get appreciaitve glances day long made leather enhanced durability styletwo roomy zippered compartments zippered pocket small pouch hold essentialssmall zippered compartment back stowing essentialstwo padded short handles ease carrying extra comfortmetal loops handles stud detailing added stylemetal clasp loop system sides ruching effectbranded zippers sliders easy use bag carerub surface dry clean cloth remove dust dirtuse mild leather cleaner,na,1350.0,1350.0,Handbags,Accessories,Bags,1.0,Black,Unknown,Unknown,Unknown,Casual,16,381,12,0,0,0,0,1,1,0,0,0,0,0,0,0,1,7.208600337960199,0.2
0d27ab5e-238a-4260-bff6-abbad7123b57,Nike,Nike Women Training sports bra Black Tops,compositionblack sports bra made dri fit polyester fabric mesh panels bust bridge back adjustable elasticated straps ribbing along bust line printed nike swoosh logo left bust fittingcomfortwash caremachine wash cold 30 degrees like coloursdo bleachtumble dry lowremove immediately allow lay wetcool iron iron designdo dry cleanburn unwanted calories utmost comfort ease nike training sports bra dri fit engineered fabric wicks sweat away keeps fresh comfortable fitness training sessions ribbing along bust line offers ample support breasts team training pants training shoes complete benefit sports sessions,not found,1495.0,1495.0,Tops,Apparel,Topwear,1.0,Black,Blended,Unknown,Shoulder Straps,Casual,18,487,28,0,0,0,0,1,1,0,0,0,0,1,0,0,0,7.310550158534422,0.2
ed8286b8-b3c7-42ca-8c85-97c0e0aff2f9,SCULLERS,Scullers Women Stripes Black Sweaters,compositionblack grey striped hooded jacket made 100 acrylic hood full length buttoned placket big buttons belt round waist ribbed cuffs hemlinefittingregularwash careonly hand wash cold water using mild detergentwash dark colours separatelydo bleach wring tumble dryflat dry shademild irondo iron print embellishment embroiderybring back vintage warm bang crawl warm woollen jacket scullers regular attire look great occasion use either camouflage dress beneath simply show jacket freak chill season enjoying steaming hot street food much pleasure model statisticsthe model wears size jacketsheight chest 33 waist 25,not found,1699.0,1699.0,Sweaters,Apparel,Topwear,1.0,Black,Unknown,Unknown,Unknown,Unknown,23,686,25,0,0,0,0,1,1,0,0,0,0,1,0,0,0,7.438383530044307,0.2
9f583176-b804-4588-8ed1-d6f142d319f9,Carrera,Carrera Men Dial steel finish patch Silver Watches,carrera watch industry five decades proven masters art creating high quality timepieces new range carrera watches fresh take classic drivers rsquo racers rsquo watch models perfect urban wear case diameter 39 mm case thickness 15 mm dial shape octagon stainless steel case black rubber strap brand inscription inner side enhanced durability comfort style tang clasp brand inscription fixed stainless steel bezel added durability style white busy dial metallic numbers roman metallic hands metallic crown adjust time date day water resistant 100 meters making suitable scuba diving,not found,5950.0,5950.0,Watches,Accessories,Watches,0.0,Silver,Unknown,Unknown,Unknown,Unknown,2,28,34,0,0,1,0,0,1,0,0,0,0,0,0,0,1,8.691314551644853,0.0
159c55a3-0cdc-48ef-a124-68462afff100,Clarks,Clarks Women Leather White Flats,take feminine dressing new level surf twist sandals clarks flamboyant leather flower gives added edge team dainty skirts tops girly look upper leather thong uppers comprised straps covering forefoot midfoot durability comfort leather lining better comfort leather cutout flower added style midsole lushly cushioned footbed absolute comfort outsole rubber outsole engraved horizontal stripes forefoot heel better grip shoe care use branded leather polish keep shoes shining wipe surface soft clean cloth brush remove dust machine wash use drier store direct sunlight,not found,1499.0,1499.0,Flats,Footwear,Shoes,0.0,White,Unknown,Unknown,Unknown,Casual,3,82,8,0,0,0,0,1,1,0,0,0,0,1,0,0,0,7.313220387090301,0.0
1de89f6b-435d-4738-abe9-8165512844ad,United Colors of Benetton,United Colors of Benetton Men Graphic Printed Purple Tshirts,composition purple round neck shirt made 52 polyester 48 cotton short sleeves graphic print front fitting comfort wash care delicate machine wash 30 degrees using mild detergent dry clean tumble dry wring scrub bleach dry flat shade warm iron iron directly print embroidery spread word safe living style purple shirt united colors benetton fabric keeps fresh comfortable day short sleeves contour well toned arms perfectly team jeans lifestyle sportswear cool casual look model statistics model wears size shirts height shoulders 18,not found,1199.0,1199.0,Tshirts,Apparel,Topwear,0.0,Purple,Synthetic,Regular Fit,Round Neck,Unknown,24,700,32,0,0,1,0,0,1,0,0,0,0,1,0,0,0,7.090076835776092,0.0
fbfaeeda-3e75-4c6b-9148-42a9489d9d9a,Nike,Nike Women Trainng short sleeve tshirt Purple Tshirts,compositionpurple training shirt made 57 cotton 39 polyester spandex round ribbed neckline short sleeves nike swoosh left sleeve graphic print frontfittingcomfortwash caremachine wash warm 30 degrees like coloursdo bleachtumble dry lowwarm iron iron designdo dry cleanburn unwanted calories utmost comfort ease nike training shirt cotton wicks sweat away keeps fresh comfortable fitness training sessions team training pants training shoes complete benefit sports sessions simply wear jeans sports shoes flaunt sporty attitude casual day friends,not found,995.0,995.0,Tshirts,Apparel,Topwear,1.0,Purple,Cotton,Regular Fit,Round Neck,Unknown,18,489,32,0,0,0,0,1,0,0,0,0,1,1,0,0,0,6.903747257584598,0.2
df074744-08b6-4263-ba07-ac75a2d24bba,Nike,Nike Women Trainng short sleeve tshirt Orange Tshirts,compositionorange training shirt made 57 cotton 39 polyester spandex round ribbed neckline short sleeves nike swoosh left sleeve graphic print frontfittingcomfortwash caremachine wash warm 30 degrees like coloursdo bleachtumble dry lowwarm iron iron designdo dry cleanburn unwanted calories utmost comfort ease nike training shirt cotton wicks sweat away keeps fresh comfortable fitness training sessions team training pants training shoes complete benefit sports sessions simply wear jeans sports shoes flaunt sporty attitude casual day friends,not found,995.0,995.0,Tshirts,Apparel,Topwear,1.0,Orange,Unknown,Unknown,Unknown,Unknown,18,488,32,0,0,0,0,1,1,0,0,0,0,1,0,0,0,6.903747257584598,0.2
d428ed2a-c15c-4f93-b655-5243f6e3d936,Puma,Puma Men Motorsport Navy Blue Shirts,composition navy blue half sleeved shirt made 100 cotton full length buttoned placket pocket left chest embroidered band logo curved hemline fitting regular wash care gentle machine wash lukewarm water 40 degrees bleach tumble dry low temperature warm iron dry clean puma takes fashionable twist shirts perfectly suited men casual heart like chill group take stroll along park girlfriend perfectly comfortable cotton shirt perfect pair denims sneakers complete killer look model statistics model wears size shirts height shoulders 19,not found,1999.0,1999.0,Shirts,Apparel,Topwear,0.0,Navy Blue,Unknown,Regular Fit,Unknown,Unknown,20,540,20,0,0,1,0,0,1,0,0,0,0,1,0,0,0,7.600902459542082,0.0
44223bae-090b-433a-a7c3-b44ac6f56e91,Nike,Nike Women Trainng sports bra Purple Tops,compositionpurple bra made dri fit polyester fabric mesh panels bust bridge back adjustable elasticated straps ribbing along bust line printed nike swoosh logo left bust fittingcomfortwash caremachine wash cold 30 degrees like coloursdo bleachtumble dry lowremove immediately allow lay wetcool iron iron designdo dry cleanburn unwanted calories utmost comfort ease nike training sports bra dri fit engineered fabric wicks sweat away keeps fresh comfortable fitness training sessions ribbing along bust line offers ample support breasts team training pants training shoes complete benefit sports sessions,not found,1495.0,1495.0,Tops,Apparel,Topwear,1.0,Purple,Blended,Unknown,Shoulder Straps,Casual,18,491,28,0,0,0,0,1,0,0,0,0,1,1,0,0,0,7.310550158534422,0.2
528773b8-d5fc-4017-9846-6cb2e64ace8a,Nike,Nike Women Trainng sports bra Orange Tops,compositionorange bra made dri fit polyester fabric mesh panels bust bridge back adjustable elasticated straps ribbing along bust line printed nike swoosh logo left bust fittingcomfortwash caremachine wash cold 30 degrees like coloursdo bleachtumble dry lowremove immediately allow lay wetcool iron iron designdo dry cleanburn unwanted calories utmost comfort ease nike training sports bra dri fit engineered fabric wicks sweat away keeps fresh comfortable fitness training sessions ribbing along bust line offers ample support breasts team training pants training shoes complete benefit sports sessions,not found,1495.0,1495.0,Tops,Apparel,Topwear,1.0,Orange,Blended,Unknown,Shoulder Straps,Casual,18,490,28,0,0,0,0,1,0,0,0,0,1,1,0,0,0,7.310550158534422,0.2
d3d6b146-abbc-44f4-902d-70dffe5758cc,Flying Machine,Flying Machine Women Lowrise Black Jeans,composition black washed denim jeggings made 76 cotton 20 polyester spandex two insert pockets front side two patch pockets back thread detailing brand patch appliqued waistband back metal zipper button closure fit low rise wash care machine wash cold water tumble dry turn inside drying dry direct sunlight use warm iron iron print denim person black jeggings flying machine delight low rise great skinny fit might want take pull perfect companion shirts sexy tops model statistics model wears trousers length 39 height rdquo waist 26 rdquo hips ndash 36 rdquo,not found,1099.0,549.0,Jeans,Apparel,Bottomwear,0.0,Black,Unknown,Skinny Fit,Unknown,Casual,9,272,15,0,0,0,0,1,1,0,0,0,0,1,0,0,0,7.003065458786462,0.0
5177ab85-7b6a-411d-9a4e-020d09f0678e,United Colors of Benetton,United Colors of Benetton Women Printed Tunic Black Tops,composition black full sleeve tunic top made 65 polyester 35 viscose boat neck print across front fitting comfort wash care delicate machine wash 30 degrees using mild detergent dry clean tumble dry wring scrub bleach dry flat shade warm iron iron directly print embroidery heightened style tunic top united colors benetton exudes perfect warm winter days top moon surface print designed never compromise style comfort team slim fit jeans stilettos long earnings cool chic look model statistics model wears size shirts height chest 33,not found,1599.0,1599.0,Tops,Apparel,Topwear,0.0,Black,Blended,Unknown,Boat Neck,Casual,24,746,28,0,0,0,0,1,1,0,0,0,0,1,0,0,0,7.3777589082278725,0.0
605eca00-3b7a-4aaf-a053-3b68e3bb1b03,Inkfruit,Inkfruit Men Too Drunk Brown Tshirts,compositionchocolate brown round neck shirt made 100 cotton short sleeves graphic print frontfittingcomfortwash carehand wash separately cool water 30 degrees scrub bleach turn inside dry flat shade warm iron reversedo iron printperfect weekends bar friends inkruit shirt oozes style exudes fun vibe focus print front sure set weekend mood soaring cotton fabric keeps fresh comfortable day team jeans sports shoes shorts sandals unparalleled cool model statisticsthe model wears size shirtsheight 11 shoulders 18,not found,499.0,499.0,Tshirts,Apparel,Topwear,1.0,Brown,Cotton,Regular Fit,Round Neck,Unknown,12,334,32,0,0,1,0,0,1,0,0,0,0,1,0,0,0,6.214608098422191,0.2
559de2a1-f0ad-4922-90b1-ea1c6b29b819,Flying Machine,Flying Machine Men HS True Blue Tshirts,compositionblue round neck shirt made 100 cotton ribbed neckline tape detailing inseam collar light brown thread detailing shoulder behind collar short sleeves distressed look branding right sleeve flock print frontfittingregularwash caremachine wash colddo tumble dryturn inside dryinguse warm irondo iron printupgrade cool quotient blue shirt resident earth collection flying machine distressed look branding right sleeve flock print chest adds dash urban style cotton fabric keeps fresh day team jeans canvas shoes really laidback look model statisticsthe model wears size shirtsheight shoulders 19,not found,799.0,799.0,Tshirts,Apparel,Topwear,1.0,Blue,Cotton,Regular Fit,Round Neck,Unknown,9,243,32,0,0,1,0,0,1,0,0,0,0,1,0,0,0,6.684611727667927,0.2
4166a26d-ba71-4b24-bd39-21fac22d3e9c,Flying Machine,Flying Machine Women RN Blue Tops,compositionlong sleeved denim shirt tunic made 100 cotton buttoned placket extends till beyond waist insert pockets front sides belted waistfittingregularwash caremachine wash cold waterdo tumble dryturn inside dryingdon dry direct sunlightuse warm irondo use iron print embroiderystylish hilt denim tunic top flying machine designed never compromise comfort looks long sleeves add style quotient cotton fabric keeps fresh comfortable day long team jeans sports shoes flaunt fashion statement style model statisticsthe model wears size shirtsheight chest 33,not found,999.0,499.0,Tops,Apparel,Topwear,1.0,Navy Blue,Blended,Unknown,Shirt Collar,Casual,9,279,28,0,0,0,0,1,1,0,0,0,0,1,0,0,0,6.907755278982137,0.2
20b59e60-865a-4d1e-a365-a399dca2a73e,SCULLERS,Scullers Men Stripes Blue Sweaters,compositionwhite navy blue striped neck pullover made acrylic polyester blend ribbed neckline cuffs appliqu chestfittingregularwash carehand wash cold waterdo machine washwash dark colours separatelyuse mild detergentdo bleachdo wringdo tumble dryflat dry shademild irondo iron print embellishment embroiderywinter back step celebrate winter chill warmth pullover scullers put round neck shirt vest pair jeans sports shoes warm touch enjoy steaming hot street food cold model statisticsthe model wears size pulloversheight shoulders 18,not found,1599.0,1599.0,Sweaters,Apparel,Topwear,1.0,Blue,Unknown,Unknown,Unknown,Unknown,23,669,25,0,0,1,0,0,1,0,0,0,0,1,0,0,0,7.3777589082278725,0.2
0ee59847-7414-471f-8b1a-f1299ab5c86a,Wrangler,Wrangler Men Cream Mark Your Territory T-shirt,compositioncream round neck shirt made 100 cotton short sleeves brand badge left sleeve graphic print front fittingcomfortwash careonly hand wash cold water using mild detergentwash dark colours separatelydo bleach wring tumble dryflat dry shademild iron iron print embellishment embroiderydon wrangler flaunt territory much elan white shirt graphic front exudes energy leader cotton fabric keeps fresh comfortable day team jeans sports shoes unparalleled cool model statisticsthe model wears size shirtsheight shoulders 18,not found,1095.0,1095.0,Tshirts,Apparel,Topwear,1.0,Cream,Cotton,Regular Fit,Round Neck,Casual,27,789,32,0,0,1,0,0,1,0,0,0,0,1,0,0,0,6.999422467507961,0.2
73c84fb9-f129-41eb-a64c-85430de7d1c1,LOCOMOTIVE,Locomotive Men Stripes Blue Shirts,composition full sleeves shirt cobalt blue white black stripes made 100 cotton brand badge embroidered left chest snap button elbow full length buttoned placket curved hemline fitting regular wash care gentle machine wash lukewarm water 40 degrees wash dark colours separately bleach tumble dry normal line dry warm iron bored wearing shirts try striped casual shirt locomotive weekend parties eye catching stripes make popular guy party ease look ruggedly handsome teaming jeans smart shoes model statistics model wears size shirts height shoulders 19,not found,1039.0,415.0,Shirts,Apparel,Topwear,0.0,Blue,Cotton,Slim Fit,Unknown,Unknown,15,368,20,0,0,1,0,0,1,0,0,0,0,1,0,0,0,6.946975992135418,0.0
24b9c576-d161-4518-a4b9-6072624eaf7d,Nike,Nike Men Hell With White Tshirts,compositionwhite round neck shirt made 100 cotton ribbed neckline grey fabric tape inseam short sleeves graphic print frontfittingcomfortwash caremachine wash cold 30 degrees like coloursdo bleachtumble dry lowremove immediately allow lay wetcool iron iron designdo dry cleandefy laws gravity fly high making winning goals winning baskets stopping precious runs team season white shirt nike team sport wear trousers shorts appropriate sports shoes field jeans suede shoes fab cool look,not found,995.0,995.0,Tshirts,Apparel,Topwear,1.0,White,Synthetic,Regular Fit,Round Neck,Unknown,18,449,32,0,0,1,0,0,0,0,0,0,1,1,0,0,0,6.903747257584598,0.2
6803438e-82f0-4d70-8d90-703dcdda88c6,Inkfruit,Inkfruit Men Let Me Skate White Tshirts,compositionwhite round neck shirt made 100 cotton short sleeves graphic print frontfittingcomfortwash carehand wash separately cool water 30 degrees scrub bleach turn inside dry flat shade warm iron reversedo iron printsky limit love skate care world simply fuel passion feet wheels inkfruit shirt sporty graphic print keeps style high cotton fabric keeps fresh comfortable day team jeans sports shoes shorts sandals unparalleled cool model statisticsthe model wears size shirtsheight 11 shoulders 18,not found,499.0,499.0,Tshirts,Apparel,Topwear,1.0,White,Cotton,Regular Fit,Round Neck,Unknown,12,330,32,0,0,1,0,0,1,0,0,0,0,1,0,0,0,6.214608098422191,0.2
23f52f11-1bf6-4f72-b277-77043b40694b,SCULLERS,Scullers Men Check Blue Shirts,compositionblue purple plaid checked full sleeves shirt hint white made 100 cotton 100 cotton lining full length buttoned placket mid sleeve button brand embroidery right shoulder shoulder panels fabric two pockets chest brand tab right pocketfittingslimwash careonly hand wash cold water using mild detergentdo wring bleachflat dry shadewarm ironchecks add immense style casual look scullers brings life cynosure eyes stylish shirt fabric keeps fresh comfortable day pair formal pants denims corduroys black footwear stylish formal casual looks model statisticsthe model wears size shirtsheight shoulders 18,not found,2049.0,2049.0,Shirts,Apparel,Topwear,1.0,Blue,Cotton,Regular Fit,Unknown,Unknown,23,655,20,0,0,1,0,0,1,0,0,0,0,1,0,0,0,7.6255950721324535,0.2
ea5112bf-6b0e-4ecf-81e4-6fa5d5c19671,John Miller,John Miller Men White Striped Blue Shirt,composition white full sleeves shirt dark blue stripes made cotton polyester blend patch pocket left chest full length buttoned placket curved hemline fitting slim wash care machine hand wash 40 wash dark colours separately bleach tumble dry normal hot iron formal clothes boring make weekdays fun wearing formal shirt john miller shirt looks fresh crisp keep cool day long pair well fitting formal trousers pair leather shoes take office storm model statistics model wears size shirts height shoulders 18,not found,1099.0,1099.0,Shirts,Apparel,Topwear,1.0,Blue,Unknown,Slim Fit,Unknown,Semiformal,14,366,20,0,0,1,0,0,0,0,1,0,0,1,0,0,0,7.003065458786462,0.2
6fcb2aae-e55a-410f-afaa-d5f9c3e42a89,LOCOMOTIVE,Locomotive Men Stripes Green Shirts,composition full sleeves shirt white green navy blue stripes made 100 cotton brand badge embroidered left chest snap button elbow full length buttoned placket curved hemline fitting regular wash care gentle machine wash lukewarm water 40 degrees wash dark colours separately bleach tumble dry normal line dry warm iron bored wearing shirts try striped casual shirt locomotive weekend parties eye catching stripes make popular guy party ease look ruggedly handsome teaming jeans smart shoes model statistics model wears size shirts height shoulders 19,not found,1039.0,415.0,Shirts,Apparel,Topwear,0.0,Green,Cotton,Slim Fit,Unknown,Unknown,15,369,20,0,0,1,0,0,1,0,0,0,0,1,0,0,0,6.946975992135418,0.0
92fd7deb-c564-4301-8149-5bb2a4c3793f,ESPRIT,Esprit Women Houston Funky Green Green Watch,taking traditional designs giving modern twist makes esprit watches timeless timepieces classic houston analog wrist watch esprit exception contemporary trendy rsquo affordable timepiece exquisite design highlights individuality case diameter 22 mm case thickness mm dial shape rectangle plastic case fixed bezel crystal embellishments added durability style comfort plastic strap fancy clasp green dial brand name running across 11 rsquo clock marking silver miyota quartz movement time display screw reset time water resistance 30 meters allowing use even washing hands mild rain,not found,3995.0,3995.0,Watches,Accessories,Watches,0.0,Green,Unknown,Unknown,Unknown,Unknown,7,182,34,0,0,0,0,1,1,0,0,0,0,0,0,0,1,8.293049139768444,0.0
561e762b-c3be-4431-9ed6-759f0fd40976,Inkfruit,Inkfruit Women Mementos Purple Tshirts,compositionpurple round neck shirt made 100 cotton short sleeves graphic print frontfittingcomfortwash carehand wash separately cool water 30 degrees scrub bleach turn inside dry flat shade warm iron reversedo iron printif travel freak one loves hoard souvenaires world inkfruit shirt must wardrobe graphic print exudes fun vibe cotton fabric keeps fresh comfortable day team jeans sports shoes shorts flip flops unparalleled cool model statisticsthe model wears size shirts height chest 33,not found,499.0,499.0,Tshirts,Apparel,Topwear,1.0,Purple,Cotton,Regular Fit,Round Neck,Unknown,12,338,32,0,0,0,0,1,1,0,0,0,0,1,0,0,0,6.214608098422191,0.2
cec7ddb9-4a5f-4195-8687-f85bac2abba0,Wrangler,Wrangler Men Falcon Print Red T-Shirts,compositionred round neck shirt made 100 cotton short sleeves brand badge left hem graphic print front fittingcomfortwash careonly hand wash cold water using mild detergentwash dark colours separatelydo bleach wring tumble dryflat dry shademild iron iron print embellishment embroiderywear brand tee flaunt eagle strength style red shirt wrangler short sleeves sit snugly around well toned arms cotton fabric keeps fresh comfortable day team jeans brown suede shoes shorts sandals unparalleled cool model statisticsthe model wears size shirtsheight shoulders 18,not found,895.0,895.0,Tshirts,Apparel,Topwear,1.0,Red,Cotton,Regular Fit,Round Neck,Unknown,27,799,32,0,0,1,0,0,1,0,0,0,0,1,0,0,0,6.79794041297493,0.2
28e228bc-aa7e-42ed-b32b-da0483f55cfe,Doodle,Doodle Boy Mummy daddy me Yellow Tshirts,composition yellow round neck shirt made 100 cotton short sleeves ribbed neckline fabric tape inseam stitch detailing sleeve shirt hems brand collection badge left waist graphic print front fitting regular wash care machine wash cold water like colours delicate cycle bleach tumble dry low lay flat dry warm iron needed iron print little boy already begun creating niche identity yellow shirt bee born collection doodle definitely belongs wardrobe graphic print adds element sweetness tee fabric keeps fresh comfortable day team shorts sneakers comfy look,not found,249.0,249.0,Tshirts,Apparel,Topwear,1.0,Yellow,Cotton,Regular Fit,Round Neck,Unknown,6,127,32,0,0,1,0,0,1,0,0,0,0,1,0,0,0,5.521460917862246,0.2
a165f536-3fc4-4c8d-bded-5ed49b75fbf2,Doodle,Doodle Girl Be Born Pink Tops,composition pink top made 100 cotton round neck pleated magyar sleeves flap metallic eyelets left shoulder graphic print front fitting regular wash care machine wash cold water like colours delicate cycle bleach tumble dry low lay flat dry warm iron needed iron print let little princess dance away glory cute top bee born collection doodle graphic print adds element sweetness flaunts little playmates cotton fabric keeps fresh comfortable day pair top shorts skirts sandals complete look,not found,249.0,249.0,Tops,Apparel,Topwear,1.0,Pink,Blended,Unknown,Round Neck,Casual,6,134,28,0,0,0,0,1,1,0,0,0,0,1,0,0,0,5.521460917862246,0.2
17dd9b20-948f-43b3-9f67-6596bf78c2a0,Flying Machine,Flying Machine Men FS Solid Brown Shirts,compositionbrown shirt made 100 cotton rugged look long sleeves buttoned placket two patch pockets chest buttoned flaps buttoned placket chest appliqued elbow patches appliqued brand seal right left sleeves curved hemline fittingregularwash caremachine wash colddo tumble dryturn inside dryingdon dry direct sunlightuse warm irondo iron printupgrade cool quotient rugged shirt flying machine cotton fabric keeps fresh day hang friends double patch pocket thread detailing adds touch style team jeans chinos slip shoes laidback look model statisticsthe model wears size shirtsheight shoulders 19,not found,1499.0,1499.0,Shirts,Apparel,Topwear,1.0,Brown,Cotton,Regular Fit,Unknown,Unknown,9,231,20,0,0,1,0,0,1,0,0,0,0,1,0,0,0,7.313220387090301,0.2
8b706dcf-6e38-4a60-ab0d-1134bd0e4c0d,Flying Machine,Flying Machine Men Ydc Green Shirts,compositionnavy blue khakhi green black plaid check shirt black accents made 100 cotton short sleeves buttoned flaps buttoned flaps shoulders two patch pockets chest buttoned flaps embroidered branding right chest pocket curved hemline fittingregularwash caremachine wash colddo tumble dryturn inside dryingdon dry direct sunlightuse warm irondo iron printupgrade cool quotient checked shirt flying machine cotton fabric keeps fresh day hang friends double patch pocket adds touch style team jeans chinos slip shoes laidback look model statisticsthe model wears size shirtsheight shoulders 19,not found,1099.0,1099.0,Shirts,Apparel,Topwear,1.0,Navy Blue,Cotton,Regular Fit,Unknown,Unknown,9,257,20,0,0,1,0,0,1,0,0,0,0,1,0,0,0,7.003065458786462,0.2
6040e0fd-dbdd-45ce-9600-01581ff47014,ESPRIT,Esprit Women Cool Chic Night Steel Watch,taking traditional designs giving modern twist makes esprit watches timeless timepieces classic cool chic analog wrist watch esprit exception contemporary trendy rsquo affordable timepiece exquisite design highlights individuality case diameter 24 mmcase thickness mmdial shape roundmetallic case fixed bezel added durability style comfort leather strap metallic interlinks tang claspsilver dial embellishments marking 12 rsquo clock brand name rsquo clock markingquartz movement time displayscrew reset time alarm set timersolid case back made stainless steel enhanced durabilitywater resistant allowing use even swimming,not found,5495.0,5495.0,Watches,Accessories,Watches,0.0,Steel,Unknown,Unknown,Unknown,Unknown,7,178,34,0,0,0,0,1,1,0,0,0,0,0,0,0,1,8.611775833902186,0.0
7ed4d88b-0ba5-490e-8125-9b4a48e0ee14,Flying Machine,Flying Machine Women HS Blue Shirt,compositionaqua blue plaid check shirt made 100 cotton short sleeves buttoned placket patch pockets front buttoned flaps curved hemlinefittingregularwash caremachine wash cold waterdo tumble dryturn inside dryingdon dry direct sunlightuse warm irondo use iron print embroiderystylish hilt checked shirt flying machine designed never compromise comfort looks patch pockets adds style quotient cotton fabric keeps fresh comfortable day long team jeans sports shoes flaunt fashion statement style model statisticsthe model wears size shirtsheight chest 33,not found,899.0,449.0,Shirts,Apparel,Topwear,1.0,Blue,Cotton,Regular Fit,Unknown,Unknown,9,267,20,0,0,0,0,1,1,0,0,0,0,1,0,0,0,6.802394763324311,0.2
15095944-e299-43ce-98e4-87035e87c3ef,Carrera,Carrera Men Dial Green Numbers Black Watch,carrera watch industry five decades proven masters art creating high quality timepieces new range carrera watches fresh take classic drivers rsquo racers rsquo watch models perfect urban wear case diameter 40 mmcase thickness 12 mmdial shape octagonstainless steel casesteel strap black patching brand inscription inner side enhanced durability comfort styletang clasp brand inscription fixed stainless steel bezel added durability styleblack busy dial metallic numbers roman metallic handsinbuilt tachymeter measure speed distancechronograph easy reading timemetallic crown adjust time date daywater resistant 100 meters making suitable scuba diving,not found,9950.0,9950.0,Watches,Accessories,Watches,0.0,Black,Unknown,Unknown,Unknown,Unknown,2,26,34,0,0,1,0,0,1,0,0,0,0,0,0,0,1,9.205428327615163,0.0
a6ab3b77-d519-43a8-8216-992f274fee91,Flying Machine,Flying Machine Men FS Solid Grey Shirts,compositiongrey shirt made 100 cotton rugged look long sleeves buttoned placket two patch pockets chest buttoned flaps buttoned placket chest appliqued elbow patches appliqued brand seal right left sleeves curved hemline fittingregularwash caremachine wash colddo tumble dryturn inside dryingdon dry direct sunlightuse warm irondo iron printupgrade cool quotient rugged shirt flying machine cotton fabric keeps fresh day hang friends double patch pocket thread detailing adds touch style team jeans chinos slip shoes laidback look model statisticsthe model wears size shirtsheight shoulders 19,not found,1499.0,1499.0,Shirts,Apparel,Topwear,1.0,Grey,Cotton,Regular Fit,Unknown,Unknown,9,232,20,0,0,1,0,0,1,0,0,0,0,1,0,0,0,7.313220387090301,0.2
e2828f4d-91ca-4ba3-b601-6c1f07a157ee,Flying Machine,Flying Machine Men Ydc Black Shirts,compositionbrick red black plaid check shirt white grey accents made 100 cotton long sleeves buttoned placket buttoned placket shoulders two patch pockets chest buttoned flaps embroidered branding right chest pocket curved hemline fittingregularwash caremachine wash colddo tumble dryturn inside dryingdon dry direct sunlightuse warm irondo iron printupgrade cool quotient checked shirt flying machine cotton fabric keeps fresh day hang friends double patch pocket adds touch style team jeans chinos slip shoes laidback look model statisticsthe model wears size shirtsheight shoulders 19,not found,1199.0,1199.0,Shirts,Apparel,Topwear,1.0,Black,Cotton,Regular Fit,Unknown,Unknown,9,255,20,0,0,1,0,0,1,0,0,0,0,1,0,0,0,7.090076835776092,0.2
6afe049c-5a5b-4f65-ac9d-fc12b323c936,Puma,Puma Men 917 Lo Feuer Black Casual Shoes,absolutely stylish comfortable different puma 917 lo feuerwerk sneakers great urban wear inspired german reggae dance hall culture magazine riddim shoes look great teamed jeans tees upper printed canvas uppers protection comfort style lace ups snug customised fit extra pair laces provided different look brand name printed tongue embroidered behind collar rubber toe guard better protection midsole cushioned footbed day comfort eva midsole better shock absorption outsole durable rubber outsole check pattern suction grooves better grip flex grooves better flexibility feet,not found,2499.0,2499.0,Casual Shoes,Footwear,Shoes,0.0,Black,Unknown,Unknown,Unknown,Unknown,20,501,5,0,0,1,0,0,1,0,0,0,0,1,0,0,0,7.824046010856292,0.0
140d8a4f-5ff7-419d-8b7c-de7e368bab91,Flying Machine,Flying Machine Men Mauvemist Pink Tshirts,compositionmauve round neck shirt made 100 cotton ribbed neckline tape detailing inseam collar tape detailing shoulders distressed look brand seal back collar distressed look print frontfittingregularwash caremachine wash colddo tumble dryturn inside dryinguse warm irondo iron printupgrade cool quotient mauve shirt resident earth collection flying machine distressed print chest words looking wrold borders limits adds dash urban style coupled environmental consciousness team jeans canvas shoes really laidback look model statisticsthe model wears size shirtsheight shoulders 19,not found,799.0,799.0,Tshirts,Apparel,Topwear,1.0,Pink,Cotton,Regular Fit,Round Neck,Unknown,9,244,32,0,0,1,0,0,1,0,0,0,0,1,0,0,0,6.684611727667927,0.2
4ad808ea-e7bd-449b-a362-e3d96cb618cc,Reebok,Reebok Unisex Adventure Sports Grey Sandals,float comfort drive range floaters reebok comfortable yet sturdy sandals great stroll park walk trek trail upper synthetic upper maximum style upper forefoot ankle straps coupled velcro fasteners providing snug customized fit embossed logo ankle strap style midsole textured footbed soft massage feel day comfort outsole tpr outsole multi directional pattern greater traction flex grooves natural movement feet lugs provide greater durability shoe care machine wash remove dust dirt damp clean cloth store direct sunlight,not found,1499.0,1499.0,Sandals,Footwear,Sandal,0.0,Grey,Unknown,Unknown,Unknown,Unknown,21,627,18,0,0,0,1,0,1,0,0,0,0,1,0,0,0,7.313220387090301,0.0
5c97f99e-e40f-4f7f-9051-2a5c11eaa4b6,Puma,Puma Men Mns Body Train Black Tshirts,composition black round neck short sleeved shirt made 100 cotton softly ribbed neckline fabric tape detailing inseam graphic print front fitting regular wash care gentle machine wash like colours cool water 30 degrees bleach tumble dry warm iron dry clean looking hep comes easy black body train shirt puma smart graphic pattern fabulous puma shoes front makes shirt absolutely irresistible team jeans shorts perfect look model statistics model wears size shirts height shoulder 18,not found,599.0,599.0,Tshirts,Apparel,Topwear,0.0,Black,Synthetic,Regular Fit,Round Neck,Unknown,20,539,32,0,0,1,0,0,1,0,0,0,0,1,0,0,0,6.396929655216146,0.0
f4773501-da28-4d36-9c2c-084b53699385,Clarks,Clarks Men Unstructured Leather Brown Sandals,two bar unstructured leather sandal clarks sporty trail inspired look lightweight flexible heavily breathable rsquo perfect addition wardrobe casual footwear uppertwo leather straps velcro adjustment closures absolute customizable comfort offer easy wear removalperforated lining cushioned footbed mesh panels sides straps absolute ventilationhaul loop hang onto backpack trekkingoutsoledurable flexible rubber outsole curved mid arch periphery ergonomic comforttextured grooved lugs strategically placed high wear areas durabilitygrooves along outsole easy air movement offering perfect tractioncareclean leather leather brushdo machine wash store direct sunlight,not found,3999.0,3999.0,Sandals,Footwear,Sandal,0.0,Brown,Unknown,Unknown,Unknown,Unknown,3,76,18,0,0,1,0,0,1,0,0,0,0,0,1,0,0,8.294049640102028,0.0
63c918e8-f918-469c-a491-77ebd2af1cfe,Flying Machine,Flying Machine Men Mauvemist Purple Tshirts,compositionmauve round neck shirt made 100 cotton ribbed neckline tape detailing inseam collar black thread detailing shoulder behind collar short sleeves vented hems distressed look print frontfittingregularwash caremachine wash colddo tumble dryturn inside dryinguse warm irondo iron printupgrade cool quotient mauve shirt resident earth collection flying machine distressed print chest tiger adds dash urban style coupled environmental consciousness cotton fabric keeps fresh day team jeans canvas shoes really laidback look model statisticsthe model wears size shirtsheight shoulders 19,not found,699.0,699.0,Tshirts,Apparel,Topwear,1.0,Pink,Cotton,Regular Fit,Round Neck,Unknown,9,245,32,0,0,1,0,0,1,0,0,0,0,1,0,0,0,6.551080335043404,0.2
d216833b-0268-40d8-976f-21ae6de3d6fd,Clarks,Clarks Men Unstructured Leather Black Sandals,two bar unstructured leather sandal clarks sporty trail inspired look lightweight flexible heavily breathable rsquo perfect addition wardrobe casual footwear uppertwo leather straps velcro adjustment closures absolute customizable comfort offer easy wear removalperforated lining cushioned footbed mesh panels sides straps absolute ventilationhaul loop hang onto backpack trekkingoutsoledurable flexible rubber outsole curved mid arch periphery ergonomic comforttextured grooved lugs strategically placed high wear areas durabilitygrooves along outsole easy air movement offering perfect tractioncareclean leather leather brushdo machine wash store direct sunlight,not found,3999.0,3999.0,Sandals,Footwear,Sandal,0.0,Black,Unknown,Unknown,Unknown,Unknown,3,75,18,0,0,1,0,0,1,0,0,0,0,1,0,0,0,8.294049640102028,0.0
4e5c805c-130e-467f-a5e1-e32ac2cb6901,ADIDAS,ADIDAS Men Nba Celtics Black Caps,composition black cap made 100 cotton embroidered eyelets crown embroidered team name printed logo front crown brand name logo embroidered side crown team logo embroidered back adjustable back strap green visor adidas patented stripes white fitting comfort wash care machine wash cold water hand wash separately tumble dry use softeners bleach cool iron iron design dry clean time cheer favourite nba team boston celtics black cap adidas pledge allegiance basketball team wear cheer matches dribbling court looks great offers protection sun well team casual clothes look sporty,not found,799.0,799.0,Caps,Accessories,Headwear,1.0,Black,Unknown,Unknown,Unknown,Casual,0,1,4,0,0,1,0,0,1,0,0,0,0,1,0,0,0,6.684611727667927,0.2
d1e2baf8-131d-4b8c-b82e-c5dda02ff1b9,Nike,Nike Men As Woven Shor White Shorts,composition white shorts made 100 polyester built boxers elastic waist drawcord fitting comfort wash care machine wash cold 30 degrees like colours bleach tumble dry low remove immediately allow lay wet cool iron iron design dry clean built breathability zero distraction fit athletes demands focus nike running shorts come front back color block design including hi vis features night workouts high performance shorts feature supportive two one cut built fabric rapidly moves sweat away body,not found,995.0,995.0,Shorts,Apparel,Bottomwear,1.0,White,Unknown,Unknown,Unknown,Unknown,18,438,21,0,0,1,0,0,0,0,0,0,1,0,1,0,0,6.903747257584598,0.2
24044c17-3041-4eef-bd61-8fd3585c4774,Wrangler,Wrangler Men Falcon Print Blue T-Shirts,compositionblue round neck shirt made 100 cotton short sleeves brand badge left hem graphic print front fittingcomfortwash careonly hand wash cold water using mild detergentwash dark colours separatelydo bleach wring tumble dryflat dry shademild iron iron print embellishment embroiderywear brand tee flaunt eagle strength style blue shirt wrangler short sleeves sit snugly around well toned arms cotton fabric keeps fresh comfortable day team jeans brown suede shoes shorts sandals unparalleled cool model statisticsthe model wears size shirtsheight shoulders 18,not found,895.0,895.0,Tshirts,Apparel,Topwear,1.0,Blue,Cotton,Regular Fit,Round Neck,Unknown,27,798,32,0,0,1,0,0,1,0,0,0,0,1,0,0,0,6.79794041297493,0.2
82285af0-f411-4bb7-a68a-a76850fa0cff,Wrangler,Wrangler Men American Photo Print Beige T-shirt,compositionbeige round neck shirt made 100 cotton short sleeves stitch detailing shoulder panels graphic print front fittingcomfortwash careonly hand wash cold water using mild detergentwash dark colours separatelydo bleach wring tumble dryflat dry shademild iron iron print embellishment embroideryflaunt chilled attitude style beige shirt wrangler water colour paint styled print front exudes retro energy style team jeans sports shoes unparalleled cool model statisticsthe model wears size shirtsheight shoulders 18,not found,1095.0,1095.0,Tshirts,Apparel,Topwear,1.0,Beige,Cotton,Regular Fit,Round Neck,Casual,27,775,32,0,0,1,0,0,1,0,0,0,0,1,0,0,0,6.999422467507961,0.2
45ff0e6f-91f9-4e12-a647-d526a3f29d8e,United Colors of Benetton,United Colors of Benetton Women Applique Work Purple T-shirt,composition lavender neck shirt made 100 cotton short sleeves appliqu work left chest fitting comfort wash care delicate machine wash 30 degrees using mild detergent dry clean tumble dry wring scrub bleach dry flat shade warm iron iron directly print embroidery flaunt feminity style lavender shirt united colors benetton appliqu roses left chest defines feminine side much elan team jeans skirts sandals available wide collection myntra chic look model statistics model wears size shirts height chest 33,not found,1299.0,1299.0,Tshirts,Apparel,Topwear,0.0,Purple,Cotton,Regular Fit,V-Neck,Casual,24,736,32,0,0,0,0,1,1,0,0,0,0,1,0,0,0,7.170119543449628,0.0
92405b02-4b77-4655-b198-8fa4fbd10cdd,Doodle,Doodle Boy Grand Prix Navy Blue Shirt,composition navy blue shirt made 100 cotton short sleeves fold hems tipped collar checked tape inseam front buttoned placket checked inner lining pocket left chest checked lining graphic print right chest back fitting regular wash care machine wash cold water like colours delicate cycle bleach tumble dry low lay flat dry warm iron needed iron print encourage motor sport spirit little boy grand prix shirt doodle checks add hint smartness shirt fabric keeps fresh comfortable day team trousers sneakers smart look,not found,679.0,679.0,Shirts,Apparel,Topwear,1.0,Blue,Cotton,Regular Fit,Unknown,Casual,6,125,20,0,0,1,0,0,1,0,0,0,0,1,0,0,0,6.522092798170152,0.2
4319d230-bc65-4750-8d32-45424becf848,Carrera,Carrera Men Sqaure dial strap Black Watches,carrera watch industry five decades proven masters art creating high quality timepieces new range carrera watches fresh take classic drivers rsquo racers rsquo watch models perfect urban wear case diameter 39 mm case thickness 9mm dial shape square stainless steel case leather strap tang clasp brand inscription fixed stainless steel bezel added durability style black busy dial metallic numbers three sub dials stopwatch reading chronograph easy reading time metallic crown adjust time date day water resistant 100 meters making suitable scuba diving,not found,8950.0,8950.0,Watches,Accessories,Watches,0.0,Black,Unknown,Unknown,Unknown,Unknown,2,39,34,0,0,1,0,0,1,0,0,0,0,0,0,0,1,9.099520536870939,0.0
5af9b9fd-7908-4c4f-a4d0-0d6b2bdc71a8,SCULLERS,Scullers Men Green Check Shirt,composition green blue plaid checked full sleeves shirt black accents made 100 cotton 100 cotton lining full length buttoned placket mid sleeve button flap brand embroidery right shoulder shoulder panels fabric two pockets chest brand tab right pocket wash care hand wash cold water using mild detergent wring bleach flat dry shade warm iron checks add immense style casual look scullers brings life cynosure eyes stylish shirt fabric keeps fresh comfortable day pair formal pants denims corduroys black footwear stylish formal casual looks size fitslim fitthe model height shoulder 18 wearing size 40,not found,1999.0,1999.0,Shirts,Apparel,Topwear,1.0,Green,Cotton,Slim Fit,Unknown,Casual,23,664,20,0,0,1,0,0,1,0,0,0,0,1,0,0,0,7.600902459542082,0.2
426785d9-a0f0-4619-b55e-2a77658e45c5,Wrangler,Wrangler Men Blue American Photo Print T-shirt,compositionblue round neck shirt made 100 cotton short sleeves stitch detailing shoulder panels graphic print front fittingcomfortwash careonly hand wash cold water using mild detergentwash dark colours separatelydo bleach wring tumble dryflat dry shademild iron iron print embellishment embroideryflaunt chilled attitude style blue shirt wrangler water colour paint styled print front exudes retro energy style team jeans sports shoes unparalleled cool model statisticsthe model wears size shirtsheight shoulders 18,not found,1095.0,1095.0,Tshirts,Apparel,Topwear,1.0,Blue,Cotton,Regular Fit,Round Neck,Casual,27,780,32,0,0,1,0,0,1,0,0,0,0,1,0,0,0,6.999422467507961,0.2
323c6497-3daf-4715-a46a-332b2b37e8da,SCULLERS,Scullers Men Blue Check Shirt,composition blue purple plaid checked full sleeves shirt hint white made 100 cotton 100 cotton lining full length buttoned placket mid sleeve button brand embroidery right shoulder shoulder panels fabric two pockets chest brand tab right pocket wash care hand wash cold water using mild detergent wring bleach flat dry shade warm iron checks add immense style casual look scullers brings life cynosure eyes stylish shirt fabric keeps fresh comfortable day pair formal pants denims corduroys black footwear stylish formal casual looks size fitslim fitthe model height shoulder 18 wearing size 40,not found,1999.0,1999.0,Shirts,Apparel,Topwear,1.0,Blue,Cotton,Slim Fit,Unknown,Casual,23,652,20,0,0,1,0,0,1,0,0,0,0,1,0,0,0,7.600902459542082,0.2
fc6066a8-f990-4297-824c-6aca3e352926,SCULLERS,Scullers Men Stripes Black Sweaters,compositionblack neck pullover green grey cream stripes made acrylic wool blend ribbed neckline cuffs metallic appliqu chestfittingregularwash careonly hand wash cold water using mild detergentwash dark colours separatelydo bleach wring tumble dryflat dry shademild irondo iron print embellishment embroiderywinter back step celebrate winter chill warmth pullover scullers put round neck shirt vest pair jeans sports shoes warm touch enjoy steaming hot street food cold model statisticsthe model wears size pulloversheight shoulders 18,not found,1599.0,1599.0,Sweaters,Apparel,Topwear,1.0,Black,Unknown,Unknown,Unknown,Unknown,23,668,25,0,0,1,0,0,1,0,0,0,0,1,0,0,0,7.3777589082278725,0.2
29a7bb5b-f655-47f2-ac42-536b452301fb,Puma,Puma Men Slick Gents 3 Black Watches,stylish comfortable motorsport inspired wrist watch puma designed plastic case pu strap thereby giving sleek look perfect accessory urban trend setters watch great everyday casual wear case diameter 40 mmcase thickness 12 mmdial shape roundwarranty yearsplastic case fixed bezel added durability style comfort pu straps tang clasp comfort stylewhite dial cat logo rsquo clock marking12 clock written boldlysmaller markings showing hours minutes seconds nano secondsquartz movement time display screw reset time solid case back made stainless steel enhanced durabilitywater resistant 50 meters,not found,3995.0,3995.0,Watches,Accessories,Watches,0.0,Black,Unknown,Unknown,Unknown,Unknown,20,551,34,0,0,1,0,0,1,0,0,0,0,0,0,0,1,8.293049139768444,0.0
fb859a79-6b76-4061-ba92-bfc77152a1b1,Murcia,Murcia Women Lambretta Grey Handbags,want make style statement effortlessly lambretta grey shoulder bag murcia come handy look trendy chic pair casual outfits go mall multiplex even college bag large enough accommodate essentials plus attractive get appreciative glances day long made leather enhanced durability styleone roomy zippered compartment one inner zippered compartmenttwo handles buckles ease carrying extra comfort stylemetal loops hold handles added style durabilitybranded zippers sliders easy use durabilitymetallic legs bottom make bag stand straight set downbag carerub surface dry clean cloth remove dust dirtuse mild leather cleaner,na,1495.0,1495.0,Handbags,Accessories,Bags,1.0,Grey,Unknown,Unknown,Unknown,Casual,16,405,12,0,0,0,0,1,1,0,0,0,0,0,0,0,1,7.310550158534422,0.2
ffba1319-630d-47a4-8d12-1093d85bc77e,Murcia,Murcia Women Hddcs Brown Handbags,want make style statement effortlessly brown shoulder bag murcia come handy look trendy chic pair casual outfits go mall multiplex even college bag large enough accommodate essentials plus attractive get appreciative glances day long made synthetic leather enhanced durability styletwo roomy zippered compartments small zippered pouch one compartment one zippered compartment backtwo padded short handles ease carrying extra comfortmetal loops hold handles added stylebuckle detailing either side stylebranded zippers sliders easy use durabilitybag carerub surface dry clean cloth remove dust dirt use mild leather cleaner,na,1350.0,1350.0,Handbags,Accessories,Bags,1.0,Brown,Unknown,Unknown,Unknown,Casual,16,391,12,0,0,0,0,1,1,0,0,0,0,0,0,0,1,7.208600337960199,0.2
41b23d53-a8bf-47a8-ba15-73dc6aa67882,Puma,Puma Men Slick Gents 3HD Black Watches,stylish comfortable motorsport inspired wrist watch puma designed plastic case pu strap thereby giving sleek look perfect accessory urban trend setters watch great everyday casual wear case diameter 40 mmcase thickness 12 mmdial shape roundwarranty yearsplastic case fixed bezel added durability style comfort pu straps tang clasp comfort styleblack dial cat logo rsquo clock marking12 clock written boldlysmaller markings showing hours minutes seconds nano secondsquartz movement time display screw reset time solid case back made stainless steel enhanced durabilitywater resistant 50 meters,not found,3995.0,3995.0,Watches,Accessories,Watches,0.0,Black,Unknown,Unknown,Unknown,Unknown,20,552,34,0,0,1,0,0,1,0,0,0,0,0,0,0,1,8.293049139768444,0.0
2ff4b064-bd75-44a4-bbfd-1b7371a57315,Puma,Puma Men Slick 3HD Yellow Black Watches,stylish comfortable motorsport inspired wrist watch puma designed plastic case pu strap thereby giving sleek look perfect accessory urban trend setters watch great everyday casual wear case diameter 40 mmcase thickness 12 mmdial shape roundwarranty yearsplastic case fixed bezel added durability style comfort pu straps tang clasp comfort styleblack dial cat logo rsquo clock marking12 clock written boldlysmaller markings showing hours minutes seconds nano secondsquartz movement time display screw reset time solid case back made stainless steel enhanced durabilitywater resistant 50 meters,not found,3995.0,3995.0,Watches,Accessories,Watches,0.0,Black,Unknown,Unknown,Unknown,Unknown,20,550,34,0,0,1,0,0,1,0,0,0,0,0,0,0,1,8.293049139768444,0.0
a12b168b-271a-43e9-8585-f5175a15672c,Doodle,Doodle Boy Little Boy Green Tshirts,composition green round neck shirt made 100 cotton short sleeves ribbed neckline fabric tape inseam stitch detailing sleeve shirt hems brand collection badge left waist graphic print front fitting regular wash care machine wash cold water like colours delicate cycle bleach tumble dry low lay flat dry warm iron needed iron print little boy apple everyone eye green shirt bee born collection doodle definitely belongs wardrobe graphic print adds element sweetness tee fabric keeps fresh comfortable day team shorts sneakers comfy look,not found,249.0,249.0,Tshirts,Apparel,Topwear,1.0,Green,Cotton,Regular Fit,Round Neck,Unknown,6,126,32,0,0,1,0,0,1,0,0,0,0,1,0,0,0,5.521460917862246,0.2
7ff37acd-93dc-449f-9e02-3186aee55c50,Flying Machine,Flying Machine Men FS Red Shirts,compositionwhite blue plaid check shirt red accents made 100 cotton tape detailing inseam collar long sleeves buttoned flaps two patch pockets chest buttoned flaps embroidered brand logo left chest pocket curved hemline fittingregularwash caremachine wash colddo tumble dryturn inside dryingdon dry direct sunlightuse warm irondo iron printupgrade cool quotient checked shirt flying machine cotton fabric keeps fresh day hang friends double patch pocket adds touch style team jeans chinos slip shoes laidback look model statisticsthe model wears size shirtsheight shoulders 19,not found,1399.0,1399.0,Shirts,Apparel,Topwear,1.0,Red,Cotton,Regular Fit,Unknown,Unknown,9,230,20,0,0,1,0,0,1,0,0,0,0,1,0,0,0,7.24422751560335,0.2
79fda1b4-de90-4d00-b9ad-033763221195,Flying Machine,Flying Machine Men Ydc Grey Shirts,compositionwhite grey plaid check shirt black yellow accents made 100 cotton long sleeves buttoned placket buttoned flaps shoulders two patch pockets chest buttoned placket embroidered brand logo left chest pocket curved hemline fittingregularwash caremachine wash colddo tumble dryturn inside dryingdon dry direct sunlightuse warm irondo iron printupgrade cool quotient checked shirt flying machine cotton fabric keeps fresh day hang friends double patch pocket adds touch style team jeans chinos slip shoes laidback look model statisticsthe model wears size shirtsheight shoulders 19,not found,1499.0,1499.0,Shirts,Apparel,Topwear,1.0,Grey,Cotton,Regular Fit,Unknown,Unknown,9,258,20,0,0,1,0,0,1,0,0,0,0,1,0,0,0,7.313220387090301,0.2
1fd08021-1d6b-488b-95ef-27a60a76e615,Murcia,Murcia Women Hddcs Green Handbags,want make style statement effortlessly green shoulder bag murcia come handy look trendy chic pair casual outfits go mall multiplex even college bag large enough accommodate essentials plus attractive get appreciative glances day long made synthetic leather enhanced durability styletwo roomy zippered compartments small zippered pouch one compartment one zippered compartment backtwo padded short handles ease carrying extra comfortmetal loops hold handles added stylebuckle detailing either side stylebranded zippers sliders easy use durabilitybag carerub surface dry clean cloth remove dust dirtuse mild leather cleaner,na,1350.0,1350.0,Handbags,Accessories,Bags,1.0,Green,Unknown,Unknown,Unknown,Casual,16,392,12,0,0,0,0,1,1,0,0,0,0,0,0,0,1,7.208600337960199,0.2
6b8182e8-78c6-4ebd-a048-a4a5e6f4d413,SCULLERS,Scullers Women Solid Purple Leggings,compositionpurple slacks made polyester lycra blend elasticated waist reinforced stitching along crotch areafittingslimwash careonly hand wash cold water using mild detergentdo wring bleachflat dry shadereturn holistic living style slacks scullers designed comfort sweat absorbent fabric slacks allow concentrate task hand much ease fabric allows stretch ease reinforced tear points ensure slacks last longer flat seams around waist sides prevent irritation pair ethnic kurti comfortable flip flops absolute comfort model statisticsthe model wears slacks length 39 height waist 25 hips 35,not found,599.0,599.0,Leggings,Apparel,Bottomwear,1.0,Purple,Unknown,Unknown,Unknown,Unknown,23,682,17,0,0,0,0,1,0,1,0,0,0,1,0,0,0,6.396929655216146,0.2
501c7f13-a328-4500-b5d4-160cd0e6a803,United Colors of Benetton,United Colors of Benetton Women Printed Purple Tshirts,composition lavender round neck shirt made 100 cotton short sleeves graphic print front fitting comfort wash care delicate machine wash 30 degrees using mild detergent dry clean tumble dry wring scrub bleach dry flat shade warm iron iron directly print embroidery flaunt feminine side style lavender shirt united colors benetton clean cuts neat finish top looks great jeans shorts skirts sandals available wide collection myntra model statistics model wears size shirts height chest 33,not found,899.0,899.0,Tshirts,Apparel,Topwear,0.0,Purple,Cotton,Regular Fit,Boat Neck,Unknown,24,745,32,0,0,0,0,1,1,0,0,0,0,1,0,0,0,6.802394763324311,0.0
14ce548a-76d4-485e-bf78-14c7719c44d6,SCULLERS,Scullers Women Solid Black Leggings,compositionblack slacks made polyester lycra blend elasticated waist reinforced stitching along crotch areafittingslimwash careonly hand wash cold water using mild detergentdo wring bleachflat dry shadereturn holistic living style slacks scullers designed comfort sweat absorbent fabric slacks allow concentrate task hand much ease fabric allows stretch ease reinforced tear points ensure slacks last longer flat seams around waist sides prevent irritation pair ethnic kurti comfortable flip flops absolute comfort model statisticsthe model wears slacks length 39 height waist 25 hips 35,not found,599.0,599.0,Leggings,Apparel,Bottomwear,1.0,Black,Unknown,Unknown,Unknown,Unknown,23,678,17,0,0,0,0,1,0,1,0,0,0,1,0,0,0,6.396929655216146,0.2
2e467cd2-3941-43b2-ad55-f3d4100ec7d8,Nike,Nike Men As Ss Trainin Blue T-Shirts,compositionblue shirt made 100 polyester dri fit fabric round neck short raglan sleeves black panel front diagonal grey mesh panel blue panel towards hemline mesh panels sides printed seal upper back neck printed swoosh logo upper right chest fittingregularwash caremachine wash cold like coloursdo bleach tumble dry lowcool iron onlydo dry cleando iron print embroiderytake training next level blue shirt nike mesh dri fit fabric pulls sweat away skin help keep cool comfortable sporty design raglan sleeves gives added edge team track pants performance shoes train longer better,not found,1495.0,1495.0,Tshirts,Apparel,Topwear,1.0,Blue,Synthetic,Regular Fit,Round Neck,Unknown,18,437,32,0,0,1,0,0,0,0,0,0,1,1,0,0,0,7.310550158534422,0.2
876bb881-a3e7-47c6-a81c-c112f9236cd9,Murcia,Murcia Women Lambretta Green Black Handbags,want make style statement effortlessly black green shoulder bag murcia come handy look trendy chic pair casual outfits go mall multiplex even college bag large enough accommodate essentials plus attractive get appreciative glances day long made leather enhanced durability styleone roomy zippered compartment one inner zippered compartmenttwo green handles buckles ease carrying extra comfort stylemetal loops hold handles added style durabilitybranded zippers sliders easy use durabilitymetallic legs bottom make bag stand straight set downbag carerub surface dry clean cloth remove dust dirtuse mild leather cleaner,na,1495.0,1495.0,Handbags,Accessories,Bags,1.0,Black,Unknown,Unknown,Unknown,Casual,16,404,12,0,0,0,0,1,1,0,0,0,0,0,0,0,1,7.310550158534422,0.2
41925553-4362-4d19-a7f7-638e7a8a1982,Flying Machine,Flying Machine Women RN HS White Tshirts,compositionwhite round neck shirt made 100 cotton mega sleeves graphic print frontfittingregularwash caremachine wash cold waterdo tumble dryturn inside dryingdon dry direct sunlightuse warm irondo use iron print embroiderystylish hilt cotton shirt flying machine designed never compromise comfort looks photographic print dancing girl victoiran attire adds style quotient fabric keeps fresh comfortable day team shirt jeans sports shoes flaunt fashion statement style model statisticsthe model wears size shirtsheight chest 33,not found,499.0,249.0,Tshirts,Apparel,Topwear,1.0,White,Cotton,Regular Fit,Round Neck,Unknown,9,284,32,0,0,0,0,1,1,0,0,0,0,1,0,0,0,6.214608098422191,0.2
6a537250-5e2e-437c-953f-d1e9c0e84203,Puma,Puma Men Heroes Party Graphic Blue Tshirts,composition blue round neck short sleeved shirt made 100 cotton graphic print lettering front brand name logo back neck fitting regular wash care gentle machine wash lukewarm water 40 degrees bleach tumble dry low temperature warm iron dry clean blue shirt puma made girls oodles attitude let confidence shine smart shirt jeans shorts chic sneakers canvas shoes star arrived model statistic model wears size shirts height chest 32 waist 28,not found,899.0,899.0,Tshirts,Apparel,Topwear,1.0,Blue,Synthetic,Regular Fit,Round Neck,Unknown,20,530,32,0,0,1,0,0,1,0,0,0,0,1,0,0,0,6.802394763324311,0.2
8c9322dd-fbec-452b-863f-fda9cfb576a5,Doodle,Doodle Girl Little Princess White Tops,composition white sleeveless top round neck made 100 cotton graphic print running right hem back left chest bow right hem patch loop back fitting regular wash care machine wash cold water like colours delicate cycle bleach tumble dry low lay flat dry warm iron needed iron print let little princess enjoy play time style stylish top doodle graphic print adds element sweetness cotton fabric keeps fresh comfortable day pair top shorts skirts sandals complete look,not found,429.0,429.0,Tops,Apparel,Topwear,1.0,White,Blended,Unknown,Round Neck,Casual,6,142,28,0,0,0,0,1,1,0,0,0,0,1,0,0,0,6.063785208687608,0.2
d9514403-59a7-4567-8c94-d968a51b8afd,Flying Machine,Flying Machine Men Ydc Aqua Green Shirts,compositionaqua blue white plaid shirt black grey accents made 100 cotton full sleeves buttoned placket white stitch detailing buttoned placket two patch pockets chest embroidered brand logo left chest pocket curved hemlinefittingregularwash caremachine wash colddo tumble dryturn inside dryingdon dry direct sunlightuse warm irondo iron printupgrade cool quotient checked shirt flying machine cotton fabric keeps fresh day hang friends double patch pocket adds touch style team jeans chinos slip shoes laidback look model statisticsthe model wears size shirtsheight shoulders 19,not found,1499.0,1499.0,Shirts,Apparel,Topwear,1.0,Blue,Cotton,Regular Fit,Unknown,Unknown,9,254,20,0,0,1,0,0,1,0,0,0,0,1,0,0,0,7.313220387090301,0.2
3cb6e0ff-50e0-4920-a521-7bfba50c16f9,Nike,Nike Unisex Tennis Red Caps,compositionred cap made dri fit fabric mesh fabric panels black stiff lining along cap visor hem adjustable velcro back strap nike swoosh logo embroidered front dri fit printed left visorfittingregularwash caremachine wash cold water hand wash separatelydo use softeners bleachtumble dry lowcool irondo iron designdo dry cleandon smart look ease red tennis cap nike made dri fit fabric cap ensures head absolutely sweat free day long black piping along edges classy nike swoosh symbol motivates nike cap ideal choice cool sportswear accessory classy leisurewear option folks,not found,895.0,895.0,Caps,Accessories,Headwear,1.0,Red,Unknown,Unknown,Unknown,Unknown,18,466,4,0,0,0,1,0,0,0,0,0,1,1,0,0,0,6.79794041297493,0.2
fe271c52-99e3-4746-b979-5a32b5451c80,Inkfruit,Inkfruit Men Havy Metal Brown Tshirts,compositionbrown round neck shirt made 100 cotton short sleeves graphic print frontfittingcomfortwash carehand wash separately cool water 30 degrees scrub bleach turn inside dry flat shade warm iron reversedo iron printlet hair pull attitude rock beats heavy metal music inkfruit shirt funky graphic print keeps style high cotton fabric keeps fresh comfortable day team jeans sports shoes shorts sandals unparalleled cool model statisticsthe model wears size shirtsheight 11 shoulders 18,not found,499.0,499.0,Tshirts,Apparel,Topwear,1.0,Brown,Cotton,Regular Fit,Round Neck,Unknown,12,329,32,0,0,1,0,0,1,0,0,0,0,1,0,0,0,6.214608098422191,0.2
cc82da12-7e0a-4f04-9e95-c7a4b6b47421,Doodle,Doodle Girl Little Princess Pink Tops,composition pink sleeveless top round neck made 100 cotton graphic print running right hem back left chest bow right hem patch loop back fitting regular wash care machine wash cold water like colours delicate cycle bleach tumble dry low lay flat dry warm iron needed iron print let little princess enjoy play time style stylish top doodle graphic print adds element sweetness cotton fabric keeps fresh comfortable day pair top shorts skirts sandals complete look,not found,429.0,429.0,Tops,Apparel,Topwear,1.0,Pink,Blended,Unknown,Square Neck,Casual,6,141,28,0,0,0,0,1,1,0,0,0,0,1,0,0,0,6.063785208687608,0.2
b46c6b99-6033-4a48-9736-dac223208716,Doodle,Doodle Boy Casual White Tshirts,compositionwhite round neck short sleeved shirt made 100 cotton ribbed neckline fabric tape detailing inseam graphic print front lettering brand tab appliqued sidefittingregularwash caregentle machine wash cool water 30 degrees like coloursdo bleachtumble dry low temperature lay flat drywarm irondo iron printthis white shirt doodle made specially adorable little boy graphic print front text cheeky monkey seems apt notice much cheeky little monkey really team cute tee jeans denim shorts shower love precious darling,not found,249.0,249.0,Tshirts,Apparel,Topwear,1.0,White,Cotton,Regular Fit,Round Neck,Unknown,6,120,32,0,0,1,0,0,1,0,0,0,0,1,0,0,0,5.521460917862246,0.2
9188a4d4-82c8-4841-8f9e-bcb28056f466,Flying Machine,Flying Machine Men SS Yellow Shirts,compositionyello blue checked shirt made 100 cotton short sleeves white stitch detailing blue checked panel inseam collar buttoned placket two patch pockets chest embroidered brand logo left chest pocket curved hemlinefittingregularwash caremachine wash colddo tumble dryturn inside dryingdont dry direct sunlightuse warm irondo iron printupgrade cool quotient checked shirt flying machine cotton fabric keeps fresh day hang friends double patch pocket adds touch style team jeans chinos slip shoes laidback look model statisticsthe model wears size shirtsheight shoulders 19,not found,1299.0,1299.0,Shirts,Apparel,Topwear,1.0,Yellow,Cotton,Regular Fit,Unknown,Unknown,9,250,20,0,0,1,0,0,1,0,0,0,0,1,0,0,0,7.170119543449628,0.2
6f0f9792-3652-433f-835d-b1e635d54302,Wrangler,Wrangler Men Grey Glow In Dark T-shirt,compositiondark grey round neck shirt made 100 cotton short sleeves glow print front fittingcomfortwash careonly hand wash cold water using mild detergentwash dark colours separatelydo bleach wring tumble dryflat dry shademild iron iron print embellishment embroideryflaunt wild side style dark grey shirt wrangler expose graphic print front sunlight minutes watch glow dark pride team jeans sports shoes unparalleled cool model statisticsthe model wears size shirtsheight shoulders 18,not found,945.0,945.0,Tshirts,Apparel,Topwear,1.0,Grey,Cotton,Regular Fit,Round Neck,Casual,27,809,32,0,0,1,0,0,1,0,0,0,0,1,0,0,0,6.852242569051878,0.2
01eab371-400c-471f-b415-ad3130020df1,Flying Machine,Flying Machine Women RN HS Yellow Tshirts,compositionpeach round neck sleeveless shirt made 100 cotton rolled armholes graphic print frontfittingregularwash caremachine wash cold waterdo tumble dryturn inside dryingdon dry direct sunlightuse warm irondo use iron print embroiderystylish hilt cotton shirt flying machine designed never compromise comfort looks print environment friendly message adds style quotient fabric keeps fresh comfortable day team shirt jeans sports shoes flaunt fashion statement style model statisticsthe model wears size shirtsheight chest 33,not found,499.0,249.0,Tshirts,Apparel,Topwear,1.0,Yellow,Cotton,Regular Fit,Round Neck,Unknown,9,285,32,0,0,0,0,1,1,0,0,0,0,1,0,0,0,6.214608098422191,0.2
9e228478-883b-48ac-aea6-674d45101b8e,Doodle,Doodle Boy Army  Green Shorts,composition army print pants made 100 cotton zippered button closure waist elasticated back loops waist two buttoned flap pockets right leg one flap button left leg graphic print two mock flap pockets back fitting boot cut wash care machine wash cold water like colours delicate cycle bleach tumble dry low lay flat dry warm iron needed iron print dress little boy pant hand toy machine gun smear cheeks black green skin paint watch turn saviour land behind trees garden smart army print pants doodle team white shirt sandals play,not found,949.0,949.0,Shorts,Apparel,Bottomwear,1.0,Green,Cotton,Unknown,Unknown,Unknown,6,116,21,1,0,0,0,0,1,0,0,0,0,1,0,0,0,6.856461984594587,0.2
b6399e75-2a66-4a46-81a5-2796b12f8cca,Flying Machine,Flying Machine Women RN HS White T-shirt,compositionwhite round neck shirt made 100 cotton mega sleeves graphic print frontfittingregularwash caremachine wash cold waterdo tumble dryturn inside dryingdon dry direct sunlightuse warm irondo use iron print embroiderystylish hilt cotton shirt flying machine designed never compromise comfort looks photographic print girl victoiran attire adds style quotient fabric keeps fresh comfortable day team shirt jeans sports shoes flaunt fashion statement style model statisticsthe model wears size shirtsheight chest 33,not found,499.0,249.0,Tshirts,Apparel,Topwear,1.0,White,Cotton,Regular Fit,Round Neck,Casual,9,283,32,0,0,0,0,1,1,0,0,0,0,1,0,0,0,6.214608098422191,0.2
d55fc647-d151-4845-a3e3-b79269ff67f0,Carrera,Carrera Men Steel dial Silver Watches,carrera watch industry five decades proven master creating high quality timepieces new ranges carrera watches fresh take classic drivers rsquo racers rsquo watch models perfect urban wear case diameter 39 mm case thickness mm dial shape rectangle stainless steel case stainless steel strap butterfly clasp brand inscription fixed stainless steel bezel added durability style black busy dial metallic numbers chronograph easy reading time metallic crown adjust time date day fluorescence easy visibility low light conditions water resistant 100 meters making suitable use swimming,not found,5950.0,5950.0,Watches,Accessories,Watches,0.0,Silver,Unknown,Unknown,Unknown,Unknown,2,40,34,0,0,1,0,0,1,0,0,0,0,0,0,0,1,8.691314551644853,0.0
059914a5-918a-41b5-bc9c-3def4ebf6ebd,Puma,Puma Men Social Sport Black Tshirts,composition black round neck short sleeved shirt made 100 cotton softly ribbed neckline fabric tape detailing inseam brand logo rubber print left sleeve graphic print front fitting regular wash care gentle machine wash like colours cool water 30 degrees bleach tumble dry warm iron dry clean puma show sports breathe eat sleep bowling addicts shirt social sport tee puma pair denims sneakers sporty look model statistics model wears size shirts height shoulder 18,not found,899.0,899.0,Tshirts,Apparel,Topwear,0.0,Black,Synthetic,Regular Fit,Round Neck,Unknown,20,553,32,0,0,1,0,0,1,0,0,0,0,1,0,0,0,6.802394763324311,0.0
4bd033e0-c38a-47d5-a0be-3c8f32057a78,Murcia,Murcia Women SLB Bag Purple Handbags,want make style statement effortlessly purple shoulder bag murcia come handy look trendy chic pair casual outfits go mall multiplex even college bag large enough accommodate essentials plus attractive get appreciative glances day long made leather enhanced durability styletwo roomy zippered compartments small zippered pouch one compartment one zide zippered pouch stylish slidertwo adjustable handles running leather loop ease carrying extra comfortmetal loops hold handles added stylebranded zippers sliders easy use durabilitybag carerub surface dry clean cloth remove dust dirtuse mild leather cleaner,na,1250.0,1250.0,Handbags,Accessories,Bags,1.0,Purple,Unknown,Unknown,Unknown,Casual,16,421,12,0,0,0,0,1,1,0,0,0,0,0,0,0,1,7.1316985104669115,0.2
f969acba-36b3-4a88-aa34-efce3673464d,Murcia,Murcia Women SLB Bag Green Handbags,want make style statement effortlessly green shoulder bag murcia come handy look trendy chic pair casual outfits go mall multiplex even college bag large enough accommodate essentials plus attractive get appreciative glances day long made leather enhanced durability styletwo roomy zippered compartments small zippered pouch one compartment one zide zippered pouch stylish slidertwo adjustable handles running leather loop ease carrying extra comfortmetal loops hold handles added stylebranded zippers sliders easy use durabilitybag carerub surface dry clean cloth remove dust dirtuse mild leather cleaner,na,1250.0,1250.0,Handbags,Accessories,Bags,1.0,Green,Unknown,Unknown,Unknown,Casual,16,420,12,0,0,0,0,1,1,0,0,0,0,0,0,0,1,7.1316985104669115,0.2
fc0eb243-9775-467e-b26e-7650ef6ddf47,Murcia,Murcia Women Lambretta Black Green Handbags,want make style statement effortlessly black shoulder bag murcia come handy look trendy chic pair casual outfits go mall multiplex even college bag large enough accommodate essentials plus attractive get appreciative glances day long made leather enhanced durability styleone roomy zippered compartment one inner zippered compartmenttwo handles buckles ease carrying extra comfort stylemetal loops hold handles added style durabilitybranded zippers sliders easy use durabilitymetallic legs bottom make bag stand straight set downbag carerub surface dry clean cloth remove dust dirtuse mild leather cleaner,na,1495.0,1495.0,Handbags,Accessories,Bags,1.0,Black,Unknown,Unknown,Unknown,Casual,16,403,12,0,0,0,0,1,1,0,0,0,0,0,0,0,1,7.310550158534422,0.2
97a98d37-3f24-4edf-afd7-d9031f46a9c0,Flying Machine,Flying Machine Men Gloden Haze Yellow Tshirts,compositionlight yellow round neck shirt made 100 cotton ribbed neckline short sleeves contrast coloured stitch detailing shoulder panels back neck appliqued brand tab towards left hem distressed look graphic print frontfittingregularwash caremachine wash colddo tumble dryturn inside dryinguse warm irondo iron printgear hit dance floor celebrate latest factory price sales buy light kitty style shirt flying machine team shirt jeans sports shoes flaunt fashion statement style model statisticsthe model wears size shirtsheight shoulders 19,not found,799.0,799.0,Tshirts,Apparel,Topwear,1.0,Yellow,Cotton,Regular Fit,Round Neck,Unknown,9,234,32,0,0,1,0,0,1,0,0,0,0,1,0,0,0,6.684611727667927,0.2
0222358d-34e7-4c65-bfe7-28a054339aa9,Wrangler,Wrangler Men Glow in Dark Teal T-shirt,compositionteal round neck shirt made 100 cotton short sleeves glow print front fittingcomfortwash careonly hand wash cold water using mild detergentwash dark colours separatelydo bleach wring tumble dryflat dry shademild iron iron print embellishment embroideryflaunt wild side style teal shirt wrangler expose graphic print front sunlight minutes watch glow dark pride team jeans sports shoes unparalleled cool model statisticsthe model wears size shirtsheight shoulders 18,not found,945.0,945.0,Tshirts,Apparel,Topwear,1.0,Teal,Cotton,Regular Fit,Round Neck,Unknown,27,807,32,0,0,1,0,0,1,0,0,0,0,1,0,0,0,6.852242569051878,0.2
8af38ad9-f833-4cd7-8c4c-7f2da635d3a3,Jealous 21,Jealous 21 Women Solid Pink Tops,compositionmagenta round neck top made polyester viscose blend fabric frilly neckline frilled short sleeves band three roses colour neck left coupled elasticated hemlinefittingcomfortwash careonly hand wash cold water using mild detergentwash dark colours separatelydo bleach wring tumble dryflat dry shademild irondo iron print embellishment embroiderydesigned casual feminine look frilly top jealous 21 looks stylish puffed sleeves mock roses team jeans skirts ballerina flats floaters cool casual look model statisticsthe model wears size topsheight chest 33 waist 25,not found,899.0,899.0,Tops,Apparel,Topwear,1.0,Pink,Blended,Unknown,Square Neck,Casual,13,347,28,0,0,0,0,1,1,0,0,0,0,1,0,0,0,6.802394763324311,0.2
be4556b9-be50-4d98-89e5-11c84fca1e80,SCULLERS,Scullers Men Stripes Purple Sweaters,composition black full sleeves pullover horizontal white stripes made 80 acrylic 20 wool neck ribbed neckline cuff hem brand badge appliqued left chest fitting regular wash care delicate machine hand wash cold water 30 mild detergent wash dark colours separately bleach wring flat dry shade iron print black pullover scullers perfect answer chilly days left shivering cold warm soft incredibly stylish ward cold also add touch class outfits team best denims corduroys get going model statistics model wears size shirts height shoulders 18,not found,1599.0,1599.0,Sweaters,Apparel,Topwear,1.0,Purple,Unknown,Unknown,Unknown,Unknown,23,672,25,0,0,1,0,0,1,0,0,0,0,1,0,0,0,7.3777589082278725,0.2
e66a2d9e-6092-4cef-a472-ad75aac602a2,Inkfruit,Inkfruit Men Boyz Navy Blue Tshirts,compositionnavy blue round neck shirt made 100 cotton short sleeves graphic print frontfittingcomfortwash carehand wash separately cool water 30 degrees scrub bleach turn inside dry flat shade warm iron reversedo iron printflaunt dancer stylish shirt inkfruit funky graphic print keeps style high cotton fabric keeps fresh comfortable day team jeans sports shoes shorts sandals unparalleled cool model statisticsthe model wears size shirtsheight 11 shoulders 18,not found,499.0,499.0,Tshirts,Apparel,Topwear,1.0,Navy Blue,Cotton,Regular Fit,Round Neck,Unknown,12,327,32,0,0,1,0,0,1,0,0,0,0,1,0,0,0,6.214608098422191,0.2
e6091409-66d0-478e-af66-3fd7d458be1a,Jealous 21,Jealous 21 Women Solid Black Tops,compositionblack round neck top made polyester viscose blend fabric frilly neckline frilled short sleeves band three roses colour neck left coupled elasticated hemlinefittingcomfortwash careonly hand wash cold water using mild detergentwash dark colours separatelydo bleach wring tumble dryflat dry shademild irondo iron print embellishment embroiderydesigned casual feminine look frilly top jealous 21 looks stylish puffed sleeves mock roses team jeans skirts ballerina flats floaters cool casual look model statisticsthe model wears size topsheight chest 33 waist 25,not found,899.0,899.0,Tops,Apparel,Topwear,1.0,Black,Blended,Unknown,Scoop Neck,Casual,13,346,28,0,0,0,0,1,1,0,0,0,0,1,0,0,0,6.802394763324311,0.2
261d873b-f750-4bdd-b86f-c3378e898126,Inkfruit,Inkfruit Men Respest Me Black Tshirts,compositionblack round neck shirt made 100 cotton short sleeves graphic print frontfittingcomfortwash carehand wash separately cool water 30 degrees scrub bleach turn inside dry flat shade warm iron reversedo iron printcommand respect taht deserve wherever go inkruit shirt stylish graphic print front oozes power style cotton fabric keeps fresh comfortable day team jeans sports shoes shorts sandals unparalleled cool model statisticsthe model wears size shirtsheight 11 shoulders 18,not found,499.0,499.0,Tshirts,Apparel,Topwear,1.0,Black,Cotton,Regular Fit,Round Neck,Unknown,12,332,32,0,0,1,0,0,1,0,0,0,0,1,0,0,0,6.214608098422191,0.2
6d2d6ac3-773d-49f1-8fe8-d6a2ae369dd8,Carlton London,Carlton London Men Formal Brown Formal Shoes,perfect semi formal occasions pair leather shoes carlton london designed man loves experiment upperleather upper perforations enhanced durability stylereinforced fabric detailing around central lacing added durabilityreinforced heel panel enhanced durabilitylaces ups snug fitstitch detailing stylemidsoletpu midsole durability comfortmildly cushioned footbed protectionoutsoletpu outsole enhanced durability comfortdecoupled raised heel back panel made durable rubber grip supportshoe carewipe surface soft clean cloth remove dustuse leather conditioner brush restore shoe shinestore away sunlight,not found,3495.0,3495.0,Formal Shoes,Footwear,Shoes,0.0,Brown,Unknown,Unknown,Unknown,Unknown,1,11,10,0,0,1,0,0,0,0,1,0,0,1,0,0,0,8.159374736775426,0.0
518e2fd0-3d0d-4fe7-a316-e0c4882309dd,Wrangler,Wrangler Men White Celebrate Indigo T-shirt,compositionwhite round neck shirt made 100 cotton short sleeves branding left sleeve graphic print chest fittingcomfortwash careonly hand wash cold water using mild detergentwash dark colours separatelydo bleach wring tumble dryflat dry shademild iron iron print embellishment embroiderycelebrate life style white shirt wrangler short sleeves sit snugly around well toned arms cotton fabric keeps fresh comfortable day team jeans suede shoes shorts sandals unparalleled cool model statisticsthe model wears size shirtsheight shoulders 18,not found,845.0,845.0,Tshirts,Apparel,Topwear,1.0,White,Cotton,Regular Fit,Round Neck,Casual,27,846,32,0,0,1,0,0,1,0,0,0,0,1,0,0,0,6.740519359606223,0.2
1afda83e-311c-47b5-ac97-095e518bb186,Puma,Puma Women Pure Pliancy Gold White Watches,stylish comfortable jewellery wrist watch puma designed sporty detailing feminine avatar perfect accessory urban trend setters watch great way glam casuals case diameter 20 mmcase thickness 10 mmdial shape rectangularwarranty yearsmetal case fixed bezel added durability comfort bezel embedded crystals perimetersynthetic straps metallic coating metal tang clasp comfort stylewhite dial cat logo rsquo clock marking12 clock marked boldlyquartz movement time display screw reset time solid case back made stainless steel enhanced durabilitywater resistant 50 meters,not found,6450.0,6450.0,Watches,Accessories,Watches,0.0,White,Unknown,Unknown,Unknown,Unknown,20,593,34,0,0,0,0,1,1,0,0,0,0,0,0,0,1,8.771990436532242,0.0
70e18c1f-f8cc-4d40-a50c-dcf5732df8ab,Flying Machine,Flying Machine Men HS Green Shirts,compositiongreen checked shirt blue accents made 100 cotton short sleeves white stitch detailing blue checked panel inseam collar buttoned placket two patch pockets chest embroidered brand logo left chest pocket curved hemlinefittingregularwash caremachine wash colddo tumble dryturn inside dryinguse warm irondo iron printupgrade cool quotient checked shirt flying machine cotton fabric keeps fresh day hang friends double patch pocket adds touch style team jeans chinos slip shoes really laidback look model statisticsthe model wears size shirtsheight shoulders 19,not found,1299.0,1299.0,Shirts,Apparel,Topwear,1.0,Green,Cotton,Regular Fit,Unknown,Unknown,9,239,20,0,0,1,0,0,1,0,0,0,0,1,0,0,0,7.170119543449628,0.2
5d736fa3-7833-40e1-b492-ea7c631200df,Indigo Nation,Indigo Nation Men Stripes Purple Shirts,composition purple full sleeves shirt green white stripes made 100 cotton patch pocket left chest full length buttoned placket fitting regular wash care machine hand wash cold water 30 mild detergent wash dark colours separately bleach tumble dry low dry shade warm iron formal clothes boring make weekdays fun wearing formal striped shirt indigo nation vibrantly coloured shirt guarantees appreciative glances cotton fabric gives utmost comfort day long pair well fitting formal trousers pair leather shoes take office storm model statistics model wears size 40 shirts height shoulders 18,not found,1449.0,1449.0,Shirts,Apparel,Topwear,1.0,Purple,Cotton,Regular Fit,Unknown,Unknown,11,320,20,0,0,1,0,0,0,0,1,0,0,1,0,0,0,7.27931883541462,0.2
e9485b8a-69e1-44b4-a858-741d01b14aff,Nike,Nike Men Ftbll/Socc shorts White Shorts,compositionwhite 100 woven polyester shorts engineered dri fit technology built liner mesh gussets crotch area back waistband comfortable elasticated waistband contrast taping along sides embroidered club crest brand logo club lettering waistband fittingcomfortwash caremachine cold separatelydo use softeners bleachremove immediately line drydo irondo dry cleanpart 2010 11 home kit soccer team manchester united polyester shorts designed absolute comfort field mesh gussets offer ample ventilation right places elastic waistband sits snug waist,not found,1695.0,1695.0,Shorts,Apparel,Bottomwear,1.0,White,Polyester,Unknown,Unknown,Unknown,18,447,21,0,0,1,0,0,0,0,0,0,1,0,0,1,0,7.4360278163518485,0.2
d5d8ee53-345f-42ea-82c0-7495a29c37d9,Nike,Nike Men AS FCB Core T Black T-shirts,composition black crew neck shirt made 100 cotton short sleeves fabric tape inseam neckline graphic print metallic tints chest barcelona badge printed left sleeve fitting regular wash care machine wash cold 30 degrees like colours bleach tumble dry low remove immediately allow lay wet cool iron iron design dry clean heart beats barcelona team shirt msut sports collection team shorts soccer cleats ultimate look feel game,not found,1195.0,1195.0,Tshirts,Apparel,Topwear,1.0,Black,Synthetic,Regular Fit,Round Neck,Unknown,18,430,32,0,0,1,0,0,0,0,0,0,1,1,0,0,0,7.086737934510577,0.2
6638eaf4-bd22-4d0e-b90b-e5981e68393e,Flying Machine,Flying Machine Women HS White Tshirts,compositionwhite round neck shirt made 100 cotton mega sleeves graphic print frontfittingregularwash caremachine wash cold waterdo tumble dryturn inside dryingdon dry direct sunlightuse warm irondo use iron print embroiderystylish hilt cotton shirt flying machine designed never compromise comfort looks photographic print rocker girl adds style quotient fabric keeps fresh comfortable day team shirt jeans sports shoes flaunt fashion statement style model statisticsthe model wears size shirtsheight chest 33,not found,499.0,499.0,Tshirts,Apparel,Topwear,1.0,White,Cotton,Regular Fit,Round Neck,Unknown,9,269,32,0,0,0,0,1,1,0,0,0,0,1,0,0,0,6.214608098422191,0.2
0c019e46-99c6-49c2-8e27-07c23c8ac788,SCULLERS,Scullers Men Check Red Shirts,composition half sleeves shirt red blue plaid checks black white accents made 100 cotton buttoned patch pockets chests stud detailing full length buttoned placket curved hemline attached loops fitting comfort wash care machine hand wash cold water 30 mild detergent wash dark colours separately bleach tumble dry low dry shade warm iron thursday want wear something formal casual either try semi formal checked shirt scullers shirt looks fresh crisp keep cool day long pair corduroys relaxed look model statistics model wears size shirts height shoulders 18,not found,2999.0,2999.0,Shirts,Apparel,Topwear,1.0,Red,Cotton,Regular Fit,Unknown,Casual,23,661,20,0,0,1,0,0,1,0,0,0,0,1,0,0,0,8.006367567650246,0.2
aa624beb-4374-49f7-ab5f-bfd6f2ff44cd,SCULLERS,Scullers Men Check Red Shirt,composition half sleeves shirt red blue plaid checks black white accents made 100 cotton buttoned patch pockets chests stud detailing full length buttoned placket curved hemline attached loops fitting comfort wash care machine hand wash cold water 30 mild detergent wash dark colours separately bleach tumble dry low dry shade warm iron thursday want wear something formal casual either try semi formal checked shirt scullers shirt looks fresh crisp keep cool day long pair corduroys relaxed look model statistics model wears size shirts height shoulders 18,not found,2999.0,2999.0,Shirts,Apparel,Topwear,1.0,Red,Cotton,Regular Fit,Unknown,Casual,23,660,20,0,0,1,0,0,1,0,0,0,0,1,0,0,0,8.006367567650246,0.2
3fcdb836-7c7f-4211-8a03-96ddd5c911a2,Urban Yoga,Urban Yoga Unisex Solid Grey Sweatshirts,compositionround neck pullover made 100 cotton felt feel inside fabric tape detailing inside ribbed neckline ribbed cuffsfittingregularwash careonly hand wash cold water using mild detergentdo wring bleachflat dry shadereturn holistic lliving sweatshirt urban yoga designed comfort sweat absorbent cotton stretchable fabric lets move limbs extreme reinforced tear points ensure sweatshirt lasts longer flat seams around collar sides cuffs prevent irritation pair track pants urban yoga comfortable flipflops unparalleled cool model statisticsthe model wears size pulloversheight shoulders 18,not found,1199.0,1199.0,Sweatshirts,Apparel,Topwear,1.0,Grey,Cotton,Unknown,Unknown,Unknown,25,766,26,0,0,0,1,0,0,0,0,0,1,1,0,0,0,7.090076835776092,0.2
edd4d64d-5cab-435f-a5fa-d189f0eb792f,Flying Machine,Flying Machine Men Skinny Jack Blue Jeans,compositionwashed light blue skinny jeans made 98 cotton spandex two insert pockets front side two patch pockets back thread detailing brand patch appliqued waistband back metal zipper button closurefitlow rise skinny fitwash caremachine wash cold waterdo tumble dryturn inside dryingdon dry direct sunlightuse warm irondo iron printif denim person light blue skinny jeans flying machine perfect low rise great skinny fit pair looks trend stays comfortable day team funky shirts canvas shoes great look model statisticsthe model wears jeans length 41 height waist 32,not found,1799.0,1799.0,Jeans,Apparel,Bottomwear,0.0,Blue,Unknown,Skinny Fit,Unknown,Unknown,9,251,15,0,0,1,0,0,1,0,0,0,0,1,0,0,0,7.495541943884256,0.0
d325b4c6-5711-4486-bc0c-dc5544d252e4,Nike,Nike Women Regular Grey Track Pants,compositiongrey track pants made 61 cotton 33 polyester spandex dri fit fabric wide waist band swoosh logo embroidered neon yellow left band neon yellow panel detailing back flared legsfittingcomfortwash caremachine coldwash separately like coloursdo use softenersremove immediatelydo allow lay wetdo bleach cool iron get work outs yoga sessions flattering pair tracks nike wide waistband flared legs flatter body types dri fit fabric wicks sweat away body keeps feeling fresh comfortable day long team tees sports footwear trips gym,not found,1795.0,1795.0,Track Pants,Apparel,Bottomwear,0.0,Grey,Unknown,Unknown,Unknown,Unknown,18,484,29,0,0,0,0,1,0,0,0,0,1,1,0,0,0,7.493317248862145,0.0
155fdc8c-f865-41c7-b57d-a64aad828716,Disney,Disney Unisex Kids Basic Pink Flip Flops,let little child play much glee slip resistant floaters disney soft footbed padded straps make absolute comfort wear upperdurable soft upper straps forefoot ankleextra padding ankle forefoot strapsstraps attached velcro fastenerspull loop attached ankle strap ease wearmidsolesoft foamy footbedfun footbed cheerful disney graphicsoutsolecrab claw like structure around periphery outsole flex grooves along vertebra outsole added gripsmall lugs gripshoe carewipe surface soft clean damp clothdo machine washstore shoes away sunlight,not found,299.0,299.0,Flip Flops,Footwear,Flip Flops,0.0,Pink,Unknown,Unknown,Unknown,Unknown,5,102,9,0,0,0,1,0,1,0,0,0,0,0,0,0,1,5.703782474656201,0.0
5f80d966-b2aa-4736-a860-112ab6c1399a,Doodle,Doodle Boy Casual Red Tshirts,compositionred round neck short sleeved shirt made 100 cotton ribbed neckline fabric tape detailing inseam lettering graphic print front distressed look brand tab appliqued sidefittingregularwash caregentle machine wash cool water 30 degrees like coloursdo bleachtumble dry low temperature lay flat drywarm irondo iron printthis red shirt doodle made specially smart kid text front yes smart look perfect really look super smart team cute tee jeans denim shorts shower love precious darling,not found,249.0,249.0,Tshirts,Apparel,Topwear,1.0,Red,Cotton,Regular Fit,Round Neck,Unknown,6,119,32,0,0,1,0,0,1,0,0,0,0,1,0,0,0,5.521460917862246,0.2
a13947df-62c4-4e72-8eb9-9a9a343bb477,Indigo Nation,Indigo Nation Men Check White Shirts,composition full sleeves shirt white black dark brown checks made 70 polyester 30 cotton patch pocket left chest full length buttoned placket slightly curved hemline fitting regular wash care machine hand wash cold water 30 mild detergent wash dark colours separately bleach tumble dry low dry shade warm iron formal clothes boring make weekdays fun wearing formal checked shirt indigo nation shirt looks fresh crisp keep cool day long pair well fitting formal trousers pair leather shoes take office storm model statistics model wears size 40 shirts height shoulders 18,not found,1199.0,1199.0,Shirts,Apparel,Topwear,1.0,White,Unknown,Regular Fit,Unknown,Unknown,11,304,20,0,0,1,0,0,0,0,1,0,0,1,0,0,0,7.090076835776092,0.2
001b1ca0-2c58-4008-aec3-a1ba1312ff2a,Indigo Nation,Indigo Nation Men Check White Shirt,composition full sleeves shirt white black dark brown checks made 70 polyester 30 cotton patch pocket left chest full length buttoned placket slightly curved hemline fitting regular wash care machine hand wash cold water 30 mild detergent wash dark colours separately bleach tumble dry low dry shade warm iron formal clothes boring make weekdays fun wearing formal checked shirt indigo nation shirt looks fresh crisp keep cool day long pair well fitting formal trousers pair leather shoes take office storm model statistics model wears size 40 shirts height shoulders 18,not found,1499.0,1499.0,Shirts,Apparel,Topwear,1.0,White,Unknown,Regular Fit,Unknown,Formal,11,303,20,0,0,1,0,0,0,0,1,0,0,1,0,0,0,7.313220387090301,0.2
697f2d92-18ba-47ee-926e-4ab14d0ecd37,Palm Tree,Palm Tree Kids Girls Red Saloppette Set,compositionsaloppette setred shirt made 100 cotton ribbed round neck white short mildly pleated sleeves graphic print frontblue denim pinafore made 100 cotton adjutatble metal looped straps chest placket metallic press buttons buttons waist sides two pockets sides backfittingcomfortwash caremachine wash cold inside like colours using mild detergentremove detachable accessories bofore washingdo tumble drywarm iron iron decora great party wear winter cotton saloppette comes combination red shirt blue denim pinafore heightened style mix match set skirts tops suit season,not found,999.0,449.0,Dresses,Apparel,Dress,1.0,Red,Cotton,Unknown,Round Neck,Unknown,19,498,7,0,0,0,0,1,1,0,0,0,0,0,0,1,0,6.907755278982137,0.2
eea31ab1-f4a9-49ca-8f06-0ba3c758ba81,Inkfruit,Inkfruit Men Tea Kwon Do Grey Tshirts,compositiongrey round neck shirt made 100 cotton short sleeves graphic print frontfittingcomfortwash carehand wash separately cool water 30 degrees scrub bleach turn inside dry flat shade warm iron reversedo iron printpower flaunt warrior attitude taekwondo shirt inkfruit sporty graphic print keeps style high cotton fabric keeps fresh comfortable day team jeans sports shoes shorts sandals unparalleled cool model statisticsthe model wears size shirtsheight 11 shoulders 18,not found,499.0,499.0,Tshirts,Apparel,Topwear,1.0,Grey,Cotton,Regular Fit,Round Neck,Unknown,12,333,32,0,0,1,0,0,1,0,0,0,0,1,0,0,0,6.214608098422191,0.2
9ce22c6f-12b4-40d2-95bb-6576193b9ebd,Nike,Nike Men As 7 Sw Temp Grey Shorts,compositiongrey shorts made 86 polyester 14 spandex elastic waist interior drawcord mesh side panel fitting comfort wash care machine wash cold 30 degrees like colours bleach tumble dry low remove immediately allow lay wet cool iron iron design dry clean scorers defenders alike require maximum range motion lead teams victory get plenty nike shorts sweat wicking fabric strategic ventilation shorts keep focused big win,not found,1995.0,1995.0,Shorts,Apparel,Bottomwear,1.0,Grey,Unknown,Unknown,Unknown,Unknown,18,432,21,0,0,1,0,0,0,0,0,0,1,1,0,0,0,7.59890045687141,0.2
8492bb03-34c5-4fb2-a12b-ef8cc9892e5c,Puma,Puma Women Trunk Black Shorts,composition black trunks made 80 nylon 20 elastane shell 100 polyester lining white stripe running sides elasticated waist band white drawstrings inside brand logo embossed left fitting slim wash care gentle machine wash cool water bleach tumble dry iron dry clean comfortable fitted sleek describes swimming trunks puma feel ease every stroke flexible trunks know dry jiffy wonderful swimming session model statistics model wears trousers length 39 height waist 26,not found,1099.0,1099.0,Shorts,Apparel,Bottomwear,1.0,Black,Unknown,Unknown,Unknown,Unknown,20,600,21,0,0,0,0,1,1,0,0,0,0,1,0,0,0,7.003065458786462,0.2
ebfb7a86-a45b-4d39-8162-477859fd0d5d,Inkfruit,Inkfruit Women Flying Advantures Pink Tshirts,compositionpink round neck shirt made 100 cotton short sleeves graphic print frontfittingcomfortwash carehand wash separately cool water 30 degrees scrub bleach turn inside dry flat shade warm iron reversedo iron printdon adventurous garb conquer world style pink shirt inkfruit graphic print exudes fun vibe cotton fabric keeps fresh comfortable day team jeans sports shoes shorts flip flops unparalleled cool model statisticsthe model wears size shirts height chest 33,not found,499.0,499.0,Tshirts,Apparel,Topwear,1.0,Pink,Cotton,Regular Fit,Round Neck,Unknown,12,336,32,0,0,0,0,1,1,0,0,0,0,1,0,0,0,6.214608098422191,0.2
f809fe28-a9da-498b-99e4-64e2c58b918d,Flying Machine,Flying Machine Women RN SL Black Top,compositionblack sleeveless top made 100 viscose stud detailing front rouched side hemsfittingregularwash caremachine wash cold waterdo tumble dryturn inside dryingdon dry direct sunlightuse warm irondo use iron print embroiderystylish hilt black top flying machine designed never compromise comfort looks scattered silver studs front adds style quotient viscose fabric falls well accentuates body team jeans sports shoes flaunt fashion statement style model statisticsthe model wears size shirtsheight chest 33,not found,699.0,349.0,Tops,Apparel,Topwear,1.0,Black,Blended,Unknown,Scoop Neck,Casual,9,286,28,0,0,0,0,1,1,0,0,0,0,1,0,0,0,6.551080335043404,0.2
1a568a04-26fd-49a3-a1aa-39729d33bc91,United Colors of Benetton,United Colors of Benetton Men Printed Pink Tshirts,composition fuchsia pink round neck shirt made 70 modal 30 polyester short sleeves vented hem graphic print front fitting comfort wash care delicate machine wash 30 degrees using mild detergent dry clean tumble dry wring scrub bleach dry flat shade warm iron iron directly print embroidery bring cowboy style shirt united colors benetton team tee jeans sports shoes uber cool look model statistics model wears size shirts height shoulders 18,not found,1199.0,1199.0,Tshirts,Apparel,Topwear,0.0,Pink,Synthetic,Regular Fit,Round Neck,Unknown,24,714,32,0,0,1,0,0,1,0,0,0,0,1,0,0,0,7.090076835776092,0.0
cf5ff949-0f6f-4170-b576-45aa9b7c1ac3,Puma,Puma Men Spin Gents Black Watches,watch puma comes clean sleek design active watch perfect urban wear serve well gym night clubbing case diameter 45 mmcase thickness 12 mmdial shape circularwarranty yearsplastic case fixed bezel added durability style comfort pu straps buckle clasp comfort stylered dial cat logo 12 rsquo clock digital dial showing time chronograph count timer date alarm lightquartz movement time display acrylic dial window gives better durabilitybuttons sides reset time featuressolid case back made stainless steel enhanced durabilitywater resistant 50 metres,not found,3995.0,3995.0,Watches,Accessories,Watches,0.0,Black,Unknown,Unknown,Unknown,Unknown,20,554,34,0,0,1,0,0,0,0,0,0,1,0,0,0,1,8.293049139768444,0.0
027838ae-7c0e-4b1d-ab7d-75f7fa6da1b5,Carrera,Carrera Men Dial leather strap Black Watches,carrera watch industry five decades proven masters art creating high quality timepieces new range carrera watches fresh take classic drivers rsquo racers rsquo watch models perfect urban wear case diameter 40 mm case thickness mm dial shape square stainless steel case leather strap tang clasp brand inscription fixed stainless steel bezel added durability style black busy dial metallic numbers chronograph easy reading time metallic crown adjust time date day water resistant 100 meters making suitable scuba diving,not found,5250.0,5250.0,Watches,Accessories,Watches,0.0,Black,Unknown,Unknown,Unknown,Unknown,2,27,34,0,0,1,0,0,1,0,0,0,0,0,0,0,1,8.566173813637858,0.0
181699a8-f3b3-480f-80f6-28bef7ab2b63,Carrera,Carrera Men Hexagaon Dial Black Watches,carrera watch industry five decades proven masters art creating high quality timepieces new range carrera watches fresh take classic drivers rsquo racers rsquo watch models perfect urban wear case diameter 38 mmcase thickness 15 mmdial shape octagonstainless steel case black rubber strap brand inscription inner side enhanced durability comfort styletang clasp brand inscriptionfixed stainless steel bezel added durability stylewhite busy dial metallic numbers roman metallic handsmetallic crown adjust time date daywater resistant 100 meters making suitable scuba diving,not found,5450.0,5450.0,Watches,Accessories,Watches,0.0,Black,Unknown,Unknown,Unknown,Unknown,2,32,34,0,0,1,0,0,1,0,0,0,0,0,0,0,1,8.603554357064281,0.0
bdd5c6e4-7718-4cfe-9be2-e1ba4f5cb324,Wrangler,Wrangler Men Manitoba Piping Red Shirts,style note shirt wrangler crafted soft cotton fabric contemporary cut offers flattering silhouette making easy addition wardrobe team crisp chinos leather shoes jeans sneakers paired classy accessories product description multi coloured checked shirt cutaway collar full buttoned placket short sleeves patch pocket left chest wrangler branding appliqu pocket curved hemline material care 100 cotton machine wash warm like colours using mild detergent bleach wring flat dry shade tumble dry use warm iron size fit regular fit model height shoulders 18 wearing size,not found,1795.0,1795.0,Shirts,Apparel,Topwear,0.0,Red,Cotton,Regular Fit,Unknown,Unknown,27,815,20,0,0,1,0,0,1,0,0,0,0,1,0,0,0,7.493317248862145,0.0
3dd3bbbc-270e-4196-9fa8-be99fdfcb887,Nike,Nike Men As Arsenal Co Navy Blue T-Shirts,composition arsenal crew neck shirt made 100 cotton short sleeves fabric tape inseam neckline graphic print metallic tints chest arsenal badge printed left sleeve fitting regular wash care machine wash cold 30 degrees like colours bleach tumble dry low remove immediately allow lay wet cool iron iron design dry clean wear arsenal football club men soccer shirt like badge honour signature team design remixes iconic gunners graphic create intimidating icon arsenal shirt must fans players alike,not found,1195.0,1195.0,Tshirts,Apparel,Topwear,1.0,Navy Blue,Synthetic,Regular Fit,Unknown,Unknown,18,434,32,0,0,1,0,0,0,0,0,0,1,1,0,0,0,7.086737934510577,0.2
f7785a70-5953-4604-b699-76afd7dc6c67,Flying Machine,Flying Machine Women Ocean Blue Tshirts,compositionteal blue round neck shirt made 100 cotton mega sleeves graphic print frontfittingregularwash caremachine wash cold waterdo tumble dryturn inside dryingdon dry direct sunlightuse warm irondo use iron print embroiderystylish hilt cotton shirt flying machine designed never compromise comfort looks spread message world peace style tee fabric keeps fresh comfortable day team shirt jeans sports shoes flaunt fashion statement style model statisticsthe model wears size shirtsheight chest 33,not found,499.0,249.0,Tshirts,Apparel,Topwear,1.0,Blue,Cotton,Regular Fit,Round Neck,Unknown,9,276,32,0,0,0,0,1,1,0,0,0,0,1,0,0,0,6.214608098422191,0.2
d007aabf-4600-4fde-ab56-b12dab5cbb1d,Puma,Puma Men Cardiac II Black Watches,watch puma cardiac series comes heart friendly design feature packed dial gives watch futursitic appearance perfect navigating urban terrain case diameter 40 mmcase thickness 12 mmdial shape squarewarranty yearsplastic case fixed bezel added durability style comfort textured pu straps buckle clasp comfort styleblack dial cat logo reset bucklesdigital dial showing time heart rate monitor chronograph count timer alarmreset buttons sidequartz movement time displayacrylic dial window better durability solid case back made stainless steel enhanced durabilitywater resistant upto 50 metres,not found,5495.0,5495.0,Watches,Accessories,Watches,0.0,Black,Unknown,Unknown,Unknown,Unknown,20,516,34,0,0,1,0,0,0,0,0,0,1,0,0,0,1,8.611775833902186,0.0
7d622605-6280-47bb-a7de-337f5d970470,Puma,Puma Men Cardiac II Red Watches,watch puma cardiac series comes heart friendly design feature packed dial gives watch futursitic appearance perfect navigating urban terrain case diameter 40 mmcase thickness 12 mmdial shape squarewarranty yearsplastic case fixed bezel added durability style comfort textured pu straps buckle clasp comfort styleblack dial cat logo reset bucklesdigital dial showing time heart rate monitor chronograph count timer alarmreset buttons sidequartz movement time displayacrylic dial window better durability solid case back made stainless steel enhanced durabilitywater resistant upto 50 metres,not found,5495.0,5495.0,Watches,Accessories,Watches,0.0,Red,Unknown,Unknown,Unknown,Unknown,20,517,34,0,0,1,0,0,0,0,0,0,1,0,0,0,1,8.611775833902186,0.0
deaf5deb-4629-4a1d-8d2a-6bbf3521f35e,Flying Machine,Flying Machine Women RN HS Tunic Top,compositionbeige sleeveless tunic top made 100 viscose elasticated waist round neck dotted design overfittingregularwash caremachine wash cold waterdo tumble dryturn inside dryingdon dry direct sunlightuse warm irondo use iron print embroiderystylish hilt beige top flying machine designed never compromise comfort looks elasticated waist adds style quotient viscose fabric falls well accentuates body team jeans sports shoes flaunt fashion statement style model statisticsthe model wears size shirtsheight chest 33,not found,699.0,349.0,Tunics,Apparel,Topwear,1.0,White,Unknown,Unknown,Unknown,Unknown,9,282,33,0,0,0,0,1,1,0,0,0,0,1,0,0,0,6.551080335043404,0.2
50ac686c-cb1d-4a80-9530-eeca275f53a9,Flying Machine,Flying Machine Women RN SL Pink Tshirts,compositionpink sleeveless top made 100 viscose stud detailing front rouched side hemsfittingregularwash caremachine wash cold waterdo tumble dryturn inside dryingdon dry direct sunlightuse warm irondo use iron print embroiderystylish hilt pink top flying machine designed never compromise comfort looks scattered silver studs front adds style quotient viscose fabric falls well accentuates body team jeans sports shoes flaunt fashion statement style model statisticsthe model wears size shirtsheight chest 33,not found,699.0,349.0,Tops,Apparel,Topwear,1.0,Pink,Blended,Unknown,Scoop Neck,Casual,9,287,28,0,0,0,0,1,1,0,0,0,0,1,0,0,0,6.551080335043404,0.2
23bb0e89-3da0-45be-9358-0a8bb9a87f7b,Puma,Puma Men Atlantis All Black Watches,watch puma comes clean sleek design active watch perfect urban wear serve well gym night clubbing case diameter 35 mmcase thickness 10 mmdial shape squarewarranty yearsmetal case fixed bezel added durability style comfort pu straps buckle clasp comfort styleblack dial cat logo rsquo clock strapdigital dial showing hours minutes seconds month date weekday chronograph lap recall lightquartz movement time display acrylic dial window gives better durabilitybuttons sides reset time featuressolid case back made stainless steel enhanced durabilitywater resistant,not found,5750.0,5750.0,Watches,Accessories,Watches,0.0,Black,Unknown,Unknown,Unknown,Unknown,20,504,34,0,0,1,0,0,0,0,0,0,1,0,0,0,1,8.657129031713755,0.0
e295f6f2-601a-473d-bdf8-5dd7de30c20b,Flying Machine,Flying Machine Women RN HS Blue Tshirts,compositionblue top made 100 viscose stud detailing front rouched side hems sleevesfittingregularwash caremachine wash cold waterdo tumble dryturn inside dryingdon dry direct sunlightuse warm irondo use iron print embroiderystylish hilt blue top flying machine designed never compromise comfort looks metal stud detailing front adds style quotient viscose fabric falls well accentuates body team jeans sports shoes flaunt fashion statement style model statisticsthe model wears size shirtsheight chest 33,not found,899.0,449.0,Tops,Apparel,Topwear,1.0,Blue,Blended,Unknown,Round Neck,Casual,9,280,28,0,0,0,0,1,1,0,0,0,0,1,0,0,0,6.802394763324311,0.2
4ee9b85a-95e9-4b9b-9698-05ef32613004,Puma,Puma Men Atlantis Black Watches,watch puma comes clean sleek design active watch perfect urban wear serve well gym night clubbing case diameter 35 mmcase thickness 10 mmdial shape squarewarranty yearsmetal case fixed bezel added durability style comfort pu straps buckle clasp comfort styleblack dial cat logo rsquo clock strapdigital dial showing hours minutes seconds month date weekday chronograph lap recall lightquartz movement time display acrylic dial window gives better durabilitybuttons sides reset time featuressolid case back made stainless steel enhanced durabilitywater resistant,not found,5750.0,5750.0,Watches,Accessories,Watches,0.0,Black,Unknown,Unknown,Unknown,Unknown,20,505,34,0,0,1,0,0,1,0,0,0,0,0,0,0,1,8.657129031713755,0.0
bff3f138-1c7a-42ac-8168-a1621ed906d2,Flying Machine,Flying Machine Men FS Purple Shirts,compositionwhite grey purple plaid check shirt made 100 cotton long sleeves buttoned placket two patch pockets chest buttoned flaps embroidered branding left chest pocket curved hemline fittingregularwash caremachine wash colddo tumble dryturn inside dryingdon dry direct sunlightuse warm irondo iron printupgrade cool quotient checked shirt flying machine cotton fabric keeps fresh day hang friends double patch pocket adds touch style team jeans chinos slip shoes laidback look model statisticsthe model wears size shirtsheight shoulders 19,not found,1399.0,699.0,Shirts,Apparel,Topwear,1.0,Purple,Cotton,Regular Fit,Unknown,Unknown,9,229,20,0,0,1,0,0,1,0,0,0,0,1,0,0,0,7.24422751560335,0.2
5956f66b-cfee-4714-8bec-93eaf211a11b,Puma,Puma Men Large logo tee Black Tshirts,compositionblack round neck shirt made 100 cotton short sleeves ribbed neck vented hem graphic front fitcomfortwash caregentle machine wash like colours cool water 30 degrees bleach tumble dry warm iron dry clean living healthy black shirt puma designed puma leaping cat across chest tee exudes brand belief sporting lifestyle team puma running shorts shoes hit trail style model statisticsthe model wears size shirtsheight shoulders 19,not found,599.0,599.0,Tshirts,Apparel,Topwear,1.0,Black,Cotton,Regular Fit,Round Neck,Unknown,20,537,32,0,0,1,0,0,1,0,0,0,0,1,0,0,0,6.396929655216146,0.2
815fd535-8181-465b-ba5c-0665f1de8494,Flying Machine,Flying Machine Men Paisley Purple Tshirts,compositionpurple round neck shirt made 100 cotton ribbed neckline green tape detailing inseam collar green thread detailing shoulder behind collar short sleeves brand tab appliqued near left hem distressed look graphic print frontfittingregularwash caremachine wash colddo tumble dryturn inside dryinguse warm irondo iron printupgrade cool quotient purple shirt flying machine distressed look print adds dash urban style cotton fabric keeps fresh day team jeans canvas shoes really laidback look model statisticsthe model wears size shirtsheight shoulders 19,not found,799.0,399.0,Tshirts,Apparel,Topwear,1.0,Purple,Cotton,Regular Fit,Round Neck,Unknown,9,247,32,0,0,1,0,0,1,0,0,0,0,1,0,0,0,6.684611727667927,0.2
d2a456dc-94b4-4507-b663-89b60f4444a4,SCULLERS,Scullers Men Check Purple Shirt,composition half sleeve shirt purple black white plaid checks made 100 cotton buttoned patch pockets chests stud detailing full length buttoned placket curved hemline attached loops fitting comfort wash care machine hand wash cold water 30 mild detergent wash dark colours separately bleach tumble dry low dry shade warm iron thursday want wear something formal casual either try semi formal checked shirt scullers shirt looks fresh crisp keep cool day long pair corduroys relaxed look model statistics model wears size shirts height shoulders 18,not found,1699.0,1699.0,Shirts,Apparel,Topwear,1.0,Purple,Cotton,Regular Fit,Unknown,Casual,23,658,20,0,0,1,0,0,1,0,0,0,0,1,0,0,0,7.438383530044307,0.2
80b0597b-63bc-4bad-b2c0-28672c06f24c,SCULLERS,Scullers Men Check Purple Shirts,composition half sleeve shirt purple black white plaid checks made 100 cotton buttoned patch pockets chests stud detailing full length buttoned placket curved hemline attached loops fitting comfort wash care machine hand wash cold water 30 mild detergent wash dark colours separately bleach tumble dry low dry shade warm iron thursday want wear something formal casual either try semi formal checked shirt scullers shirt looks fresh crisp keep cool day long pair corduroys relaxed look model statistics model wears size shirts height shoulders 18,not found,1749.0,1749.0,Shirts,Apparel,Topwear,1.0,Purple,Cotton,Unknown,Unknown,Unknown,23,659,20,0,0,1,0,0,1,0,0,0,0,1,0,0,0,7.4673710669175595,0.2
f4dde59d-442f-46cb-80f7-89a42abc19d4,Puma,Puma Men Cardiac Red Watches,watch puma cardiac series comes heart friendly design feature packed dial gives watch futursitic appearance perfect navigating urban terrain case diameter 30 mmcase thickness 12 mmdial shape squarewarranty yearsplastic case fixed bezel added durability style comfort pu straps buckle clasp comfort styleblack dial cat logo reset bucklesdigital dial showing time heart rate monitor chronograph count timer alarmreset buttons sidequartz movement time displayacrylic dial window better durability solid case back made stainless steel enhanced durabilitywater resistant upto 50 metres,not found,5950.0,5950.0,Watches,Accessories,Watches,0.0,Red,Unknown,Unknown,Unknown,Unknown,20,518,34,0,0,1,0,0,0,0,0,0,1,0,0,0,1,8.691314551644853,0.0
acf8f529-c500-4b2c-b17f-3afe847283bf,SCULLERS,Scullers Men Check White Shirts,composition half sleeves shirt black white checks made 100 cotton patch pocket left chest embroidered brand logo full length buttoned placket godet inserts sides curved hemline fitting slim wash care machine hand wash cold water 30 mild detergent wash dark colours separately bleach tumble dry low dry shade warm iron thursday want wear something formal casual either try semi formal checked shirt scullers shirt looks fresh crisp keep cool day long pair corduroys relaxed look model statistics model wears size shirts height shoulders 18,not found,1499.0,1499.0,Shirts,Apparel,Topwear,1.0,White,Cotton,Slim Fit,Unknown,Casual,23,662,20,0,0,1,0,0,1,0,0,0,0,1,0,0,0,7.313220387090301,0.2
a9d1c5fd-8a62-493b-8416-51b4c3396dbf,SCULLERS,Scullers Men Check Blue Shirt,composition half sleeves shirt blue green white plaid checks made 100 cotton buttoned patch pockets chests stud detailing full length buttoned placket curved hemline attached loops fitting comfort wash care machine hand wash cold water 30 mild detergent wash dark colours separately bleach tumble dry low dry shade warm iron thursday want wear something formal casual either try semi formal checked shirt scullers shirt looks fresh crisp keep cool day long pair corduroys relaxed look model statistics model wears size shirts height shoulders 18,not found,1699.0,1699.0,Shirts,Apparel,Topwear,1.0,Blue,Cotton,Regular Fit,Unknown,Casual,23,654,20,0,0,1,0,0,1,0,0,0,0,1,0,0,0,7.438383530044307,0.2
64582a9b-d662-4196-8994-0154719ff404,John Miller,John Miller Men Stripes Blue Shirts,composition blue full sleeves shirt white stripes made cotton polyester blend patch pocket left chest full length buttoned placket slightly curved hemline fitting regular wash care machine hand wash cold water 30 mild detergent wash dark colours separately bleach tumble dry low dry shade warm iron formal clothes boring make weekdays fun wearing formal striped shirt john miller shirt looks fresh crisp keep cool day long pair well fitting formal trousers pair leather shoes take office storm model statistics model wears size shirts height shoulders 18,not found,899.0,899.0,Shirts,Apparel,Topwear,1.0,Blue,Unknown,Regular Fit,Unknown,Unknown,14,365,20,0,0,1,0,0,0,0,1,0,0,1,0,0,0,6.802394763324311,0.2
6420b6d1-dda4-44fe-bd92-c764776fc780,Flying Machine,Flying Machine Women OS Blue Tops,compositionfaded blue short denim frock adjustable spaghetti straps embroidered smocking bust area pleats bust line pleated panel towards hemfittingregularwash carewash dry separatelywash inside mild detergentdo bleachdry shadefabulous look comfortable wear denim frock flying machine designed enhance style quotient embroidered smocking bust line adds zing outfit pleated panel hem adds extra femininee touch team stilettos long ear hangings walk world stylemodel statisticsthe model wears size dressesheight chest 33,not found,999.0,499.0,Dresses,Apparel,Dress,1.0,Navy Blue,Cotton,Unknown,Strapless,Unknown,9,275,7,0,0,0,0,1,1,0,0,0,0,1,0,0,0,6.907755278982137,0.2
d06da2bb-d4e9-4e15-9c23-253aeeedd3b1,Nike,Nike Men Nike Elite Black Casual Shoes,classic comfortable nike vintage elite shoe fabulous creation 1977 predecessor uppermesh upper absolute lightweight comfort breathabilityleather overlays added shoe structure durabilitywell padded tongue collar snug day comfortlacing system snug customized fitnike swoosh logos sides midfoot support stylemidsoleeva midsole lightweight comfort smooth impact free ridepadded tongue day comfortoutsoledurable rubber outsole classic waffle pattern tread maximum traction durabilityshoe carewipe surface dry clean cloth remove dustdo store direct sunlight,not found,2595.0,2595.0,Casual Shoes,Footwear,Shoes,1.0,Black,Unknown,Unknown,Unknown,Unknown,18,452,5,0,0,1,0,0,0,0,0,0,1,1,0,0,0,7.86172707782398,0.2
0c099aca-d05e-4694-a7ff-00a88f59d511,United Colors of Benetton,United Colors of Benetton Women Solid Black Top,style noteheightened style top united colors benetton exudes perfect never compromise style comfort top exudes feminity sense term team slim fit jeans knee length skirts sandals long earnings cool chic look compositionblack sleeveless top made 100 cotton rugged diagonal panels across frontwash caredelicate machine wash 30 degrees using mild detergentdo dry cleando tumble dry wring scrub bleachdry flat shadewarm irondo iron directly print embroideryfittingcomfortmodel statisticsthe model wears size dressesheight chest 33,not found,2299.0,2299.0,Tops,Apparel,Topwear,0.0,Black,Blended,Unknown,Round Neck,Casual,24,752,28,0,0,0,0,1,1,0,0,0,0,1,0,0,0,7.7406644019172415,0.0
fe341ff3-e328-48d9-aa3e-68721e998171,Carrera,Carrera Men Dial steel strap numbers Black Watches,carrera watch industry five decades proven masters art creating high quality timepieces new range carrera watches fresh take classic drivers rsquo racers rsquo watch models perfect urban wear case diameter 39 mm case thickness 15 mm dial shape octagon stainless steel case metal strap tang clasp brand inscription fixed stainless steel bezel added durability style white busy dial metallic numbers roman metallic hands metallic crown adjust time date day water resistant 100 meters making suitable scuba diving,not found,5950.0,5950.0,Watches,Accessories,Watches,0.0,Black,Unknown,Unknown,Unknown,Unknown,2,30,34,0,0,1,0,0,1,0,0,0,0,0,0,0,1,8.691314551644853,0.0
6892e9bd-e534-43d1-a8a4-dc9e6481240f,United Colors of Benetton,United Colors of Benetton Women Stripes Black Tops,compositionblack top made blended cotton fabric plunging neck dolman sleeves top half striped grey fitregularwash caredelicate machine wash 30 degrees using mild detergentdo dry cleando tumble dry wring scrub bleachdry flat shadewarm irondo iron directly print embroideryheightened style top united colors benetton exudes perfect never compromise style comfort top exudes feminity sense term makes perfect winter wear team slim fit jeans sandals long earnings cool chic look model statisticsthe product size model height chest 33,not found,2399.0,2399.0,Tops,Apparel,Topwear,1.0,Black,Blended,Unknown,V-Neck,Casual,24,761,28,0,0,0,0,1,1,0,0,0,0,1,0,0,0,7.783224016336037,0.2
1a021b4c-29f3-4648-a1a7-5615cb5201bc,Nike,Nike Women White Casual T-shirt,compositionwhite shirt made 100 cotton round ribbed neckline grey fabric tape inseam short sleeves graphic print appliqu frontfittingcomfortwash caremachine wash warm 30 degrees like coloursdo bleachtumble dry lowwarm iron iron designdo dry cleanstyle comfort best casual shirt nike offers made pure cotton fabric tee sure keep fresh comfortable day smart print appliqu work exudes multi faceted energies feminine angel focused sporty team short colourful skirts jeans tennis shoes unparalleled cool,not found,945.0,945.0,Tshirts,Apparel,Topwear,1.0,White,Cotton,Regular Fit,Round Neck,Unknown,18,493,32,0,0,0,0,1,1,0,0,0,0,1,0,0,0,6.852242569051878,0.2
5f96a064-c66a-4978-a35e-7cd3d9cf9268,Nike,Nike Men Nike Capri II Black Casual Shoes,inspired sport crafted absolute comfort nike capri ii casual shoe comes clean classic design athletic look upperleather upper strategically placed overlays absolute durability comfort stylesynthetic twill lacing system snug customized fitnike swoosh logos sides midfoot support stylepu foxing durabilitymildly padded tongue collar comfortmidsolepu midsole lightweight comfortpadded tongue day comfortoutsoledurable rubber outsole cupsole herringbone pattern maximum traction durabilityshoe carewipe surface dry clean cloth remove dustdo store direct sunlight,not found,3495.0,3495.0,Casual Shoes,Footwear,Shoes,1.0,Black,Unknown,Unknown,Unknown,Unknown,18,451,5,0,0,1,0,0,1,0,0,0,0,1,0,0,0,8.159374736775426,0.2
5aba35e4-fe05-4d55-885c-51f020185bdd,Carrera,Carrera Men Leather strap dial and golden frame Brown Watches,carrera watch industry five decades proven master creating high quality timepieces new ranges carrera watches fresh take classic drivers rsquo racers rsquo watch models perfect urban wear case diameter 39 mm case thickness mm dial shape rectangle stainless steel case leather strap tang clasp brand inscription fixed stainless steel bezel added durability style white dial metallic numbers three sub dials stopwatch reading chronograph easy reading time metallic crown adjust time date day water resistant 100 meters making suitable use swimming,not found,9950.0,9950.0,Watches,Accessories,Watches,0.0,Brown,Unknown,Unknown,Unknown,Unknown,2,33,34,0,0,1,0,0,1,0,0,0,0,0,0,0,1,9.205428327615163,0.0
5613de32-b001-402f-902d-41e876b50caa,Flying Machine,Flying Machine Men Walnut Brown Tshirts,compositionbrown round neck shirt made 100 cotton ribbed neck short sleeves print fittingregularwash caremachine wash cold like colortumble dry medium low heatdo bleachdo iron printstylish hilt cotton shirt flying machine designed never compromise comfort looks flaunt environment friendly attitude lead greening drive style cotton fabric keeps fresh comfortable day team shirt jeans sports shoes flaunt fashion statement style model statisticsthe model wears size shirtsheight shoulders 19,not found,899.0,899.0,Tshirts,Apparel,Topwear,1.0,Brown,Cotton,Regular Fit,Round Neck,Unknown,9,252,32,0,0,1,0,0,1,0,0,0,0,1,0,0,0,6.802394763324311,0.2
98e51702-ad91-4e83-83fa-e62c702428de,Doodle,Doodle Boy D Print Red Tshirts,composition red sleeveless hooded jacket made 100 cotton applique graphic print front fabric tape inseam neckline fitting regular wash care machine wash cold water like colours delicate cycle bleach tumble dry low lay flat dry warm iron needed iron print perfect warm days hooded sleeveless jacket doodle great gift little one pull hood little one sun traveling bike simple let fall back style park team denim pants sneakers cool casual look,not found,479.0,479.0,Tshirts,Apparel,Topwear,1.0,Red,Cotton,Regular Fit,Unknown,Unknown,6,123,32,0,0,1,0,0,1,0,0,0,0,1,0,0,0,6.173786103901937,0.2
6f06d5f9-1ea3-4ade-8038-8c890b26d81d,Doodle,Doodle Boy D Print Red T-shirt,composition red sleeveless hooded jacket made 100 cotton applique graphic print front fabric tape inseam neckline fitting regular wash care machine wash cold water like colours delicate cycle bleach tumble dry low lay flat dry warm iron needed iron print perfect warm days hooded sleeveless jacket doodle great gift little one pull hood little one sun traveling bike simple let fall back style park team denim pants sneakers cool casual look,not found,449.0,449.0,Tshirts,Apparel,Topwear,1.0,Red,Cotton,Regular Fit,Round Neck,Casual,6,122,32,0,0,1,0,0,1,0,0,0,0,1,0,0,0,6.1092475827643655,0.2
73a0e7da-8749-4524-bfaa-ffc8db4d14d1,Flying Machine,Flying Machine Women Aspen Yellow Tshirts,compositionlight papaya yellow pleated sphagetti top made 100 viscose adjustable strapsfittingregularwash caremachine wash cold waterdo tumble dryturn inside dryingdon dry direct sunlightuse warm irondo use iron print embroiderystylish hilt viscose sphagetti top flying machine designed never compromise comfort looks pleated front adds style quotient viscose fabric falls well accentuates body team jeans sports shoes flaunt fashion statement style model statisticsthe model wears size shirtsheight chest 33,not found,399.0,199.0,Tshirts,Apparel,Topwear,1.0,Yellow,Cotton,Regular Fit,Boat Neck,Unknown,9,262,32,0,0,0,0,1,1,0,0,0,0,1,0,0,0,5.991464547107982,0.2
c5a0d88f-4d41-4ff4-a4fa-7ced86f90af1,Puma,Puma Men Cabana Racer White Sports Shoes,height style 1981 brings forward look captivates look present puma cabana racer upper suede textile upper cool combination look texture contrast puma formstripe iconic look logo tag tongue style dual hook loop closure snug customised fit soft textile lining comfort padded tongue collar extra cushioning midsole removable sockliner kinder fit technology create customised fit lightweight cushy midsole supreme comfort support outsole durable rubber outsole flex grooves maximum grip traction various surfaces,not found,2499.0,2499.0,Sports Shoes,Footwear,Shoes,1.0,White,Unknown,Unknown,Unknown,Unknown,20,514,24,0,0,1,0,0,0,0,0,0,1,1,0,0,0,7.824046010856292,0.2
f6ac37b8-14e2-41d3-8ff1-baeb4a008bf9,Doodle,Doodle Girl Cute Purple Tops,composition purple round neck shirt made 100 cotton short puffed sleeves collection badge left waist graphic print front fitting regular wash care machine wash cold water like colours delicate cycle bleach tumble dry low lay flat dry warm iron needed iron print cute statement simply zooms high dress little girl purple shirt bee born collection doodle dress cute tee simply fly happiness filled cotton fabric keeps fresh comfortable day team shorts capris sandals ultimate baby girl look,not found,249.0,249.0,Tops,Apparel,Topwear,1.0,Purple,Blended,Unknown,Round Neck,Casual,6,136,28,0,0,0,0,1,1,0,0,0,0,1,0,0,0,5.521460917862246,0.2
deeab828-b76f-43c6-b3c9-e45956b1ff64,Nike,Nike Women Casual short sleeve tshirt Blue Tshirts,compositionblue shirt made 100 cotton round ribbed neckline grey fabric tape inseam short sleeves graphic print appliqu frontfittingcomfortwash caremachine wash warm 30 degrees like coloursdo bleachtumble dry lowwarm iron iron designdo dry cleanstyle comfort best casual shirt nike offers made pure cotton fabric tee sure keep fresh comfortable day smart print appliqu work exudes multi faceted energies feminine angel focused sporty team short colourful skirts jeans tennis shoes unparalleled cool,not found,945.0,945.0,Tshirts,Apparel,Topwear,1.0,Blue,Unknown,Unknown,Unknown,Unknown,18,481,32,0,0,0,0,1,1,0,0,0,0,1,0,0,0,6.852242569051878,0.2
38762d92-75d4-4902-8b8b-b89c26d36265,Puma,Puma Men Beat Black Watches,watch puma comes sleek design feature packed dial gives watch futursitic appearance perfect navigating urban terrain case diameter 30 mmcase thickness 12 mmdial shape squarewarranty yearsplastic case fixed bezel added durability style comfort textured pu straps buckle clasp comfort styleblack dial cat logo reset bucklesdigital dial showing alarm feature chronograph dual time display perpetual calendar timerreset buttons sidequartz movement time displayacrylic dial window better durability solid case back made stainless steel enhanced durabilitywater resistant upto 50 metres,not found,4495.0,4495.0,Watches,Accessories,Watches,0.0,Black,Unknown,Unknown,Unknown,Unknown,20,507,34,0,0,1,0,0,0,0,0,0,1,0,0,0,1,8.410943391573527,0.0
1bf60f6c-ed5c-4026-96dc-a783936526df,Indigo Nation,Indigo Nation Men Check Purple Shirts,composition full sleeves shirt purple black checks made 100 polyester patch pocket left chest full length buttoned placket slightly curved hemline fitting slim wash care machine hand wash cold water 30 mild detergent wash dark colours separately bleach tumble dry low dry shade warm iron formal clothes boring make weekdays fun wearing formal checked shirt indigo nation shirt looks fresh crisp keep cool day long pair well fitting formal trousers pair leather shoes take office storm model statistics model wears size 40 shirts height shoulders 18,not found,1349.0,1349.0,Shirts,Apparel,Topwear,1.0,Purple,Polyester,Slim Fit,Unknown,Unknown,11,301,20,0,0,1,0,0,0,0,1,0,0,1,0,0,0,7.2078598714324755,0.2
4ce0d778-87d2-411d-be4c-b37c57b82fde,Disney,Disney Kids Red Casual Shoes,let little child play much glee slip resistant floaters disney soft footbed padded straps make absolute comfort wear upperdurable soft upper straps forefoot ankleextra padding ankle forefoot strapsstraps attached velcro fastenerspull loop attached ankle strap ease wearmidsolesoft foamy footbedfun footbed cheerful disney graphicsoutsolecrab claw like structure around periphery outsole flex grooves along vertebra outsole added gripsmall lugs gripshoe carewipe surface soft clean damp clothdo machine washstore shoes away sunlight,not found,299.0,299.0,Casual Shoes,Footwear,Shoes,0.0,Red,Unknown,Unknown,Unknown,Unknown,5,98,5,0,1,0,0,0,1,0,0,0,0,0,0,0,1,5.703782474656201,0.0
1d688df8-7411-468e-9a99-20129f718aa1,United Colors of Benetton,United Colors of Benetton Women Printed Beige Tops,compositionprinted round neck top made 60 cotton 40 modal dolman sleeves curved hemline belt backfitcomfortwash caredelicate machine wash 30 degrees using mild detergentdo dry cleando tumble dry wring scrub bleachdry flat shadewarm irondo iron directly print embroideryflaunt feminine side style floral printed top united colors benetton belt back enhances feminity dolman sleeves perfectly enhance rounded arms team top jeans skirts sandals available wide collection myntra chic look model statisticsthe product size model height chest 33,not found,1999.0,1999.0,Tops,Apparel,Topwear,0.0,Beige,Blended,Unknown,Round Neck,Casual,24,743,28,0,0,0,0,1,1,0,0,0,0,1,0,0,0,7.600902459542082,0.0
64f792af-e678-41f5-bbf8-a6b3fa8b101e,Doodle,Doodle Girl Ballet School Black Tops,composition black top made 100 cotton round neck pleated magyar sleeves graphic print metallic embellishments front fitting regular wash care machine wash cold water like colours delicate cycle bleach tumble dry low lay flat dry warm iron needed iron print let little princess dance away glory cute top doodle graphic print adds element sweetness cotton fabric keeps fresh comfortable day pair top shorts skirts sandals complete look,not found,349.0,349.0,Tops,Apparel,Topwear,1.0,Black,Blended,Unknown,Round Neck,Casual,6,133,28,0,0,0,0,1,1,0,0,0,0,1,0,0,0,5.857933154483459,0.2
c82ff774-270d-436b-b508-019e037c7585,Carlton London,Carlton London Men CL semi-cas Black Casual Shoes,make trips club special suede slip ons carlton london look classy semi formal shoes paired slim fit jeans full sleeves shirt casual friday uppersynthetic leather suede upper suede toe boxtwo velcro straps enclosure passing metallic eyelets snug fitsuede overlay heel cup areamidsolesoft cushioned footbedfull length eva midsole longevityoutsolemidsole stitched outsole extra durabilitytextured durable rubber outsole added grip tractionshoe carewipe surface soft clean damp cloth remove dustuse suede brush remove dust suede parts,not found,2795.0,2795.0,Casual Shoes,Footwear,Shoes,0.0,Black,Unknown,Unknown,Unknown,Unknown,1,7,5,0,0,1,0,0,1,0,0,0,0,0,1,0,0,7.935945103353701,0.0
8b06d351-379a-4c1d-8890-ffa419d32f70,John Miller,John Miller Men Green Check Shirt,composition full sleeves shirt leaf green white checks black accents made cotton polyester blend patch pocket left chest full length buttoned placket slightly curved hemline wash care machine hand wash cold water 30 mild detergent wash dark colours separately bleach tumble dry low dry shade hot iron formal clothes boring make weekdays fun wearing formal checked shirt john miller shirt looks fresh crisp keep cool day long pair well fitting formal trousers pair leather shoes take office storm size fitregular fitthe model height shoulder 18 wearing size 40,not found,999.0,999.0,Shirts,Apparel,Topwear,1.0,Green,Cotton,Regular Fit,Unknown,Casual,14,353,20,0,0,1,0,0,1,0,0,0,0,1,0,0,0,6.907755278982137,0.2
adbef971-3cbd-4626-98a7-b8527beabfee,Nike,Nike Men Remix Crew Blue Tshirts,composition blue crew neck shirt made 100 cotton short sleeves fabric tape inseam neckline graphic print chest nike swoosh left sleeve fitting regular wash care machine wash cold 30 degrees like colours bleach tumble dry low remove immediately allow lay wet cool iron iron design dry clean nike jdi remix crew shirt gets interesting twist tale twisted fonts chest get nike spirit exude sense style go well peer group pair denims boots sleek look,not found,1095.0,1095.0,Tshirts,Apparel,Topwear,1.0,Blue,Synthetic,Regular Fit,Unknown,Unknown,18,453,32,0,0,1,0,0,0,0,0,0,1,1,0,0,0,6.999422467507961,0.2
4e013b44-6d29-4d8e-ac14-1a48aa80d13f,Flying Machine,Flying Machine Women RN Black Tshirts,compositionblack pleated sphagetti top made 100 viscose adjustable strapsfittingregularwash caremachine wash cold waterdo tumble dryturn inside dryingdon dry direct sunlightuse warm irondo use iron print embroiderystylish hilt viscose sphagetti top flying machine designed never compromise comfort looks pleated front adds style quotient viscose fabric falls well accentuates body team jeans sports shoes flaunt fashion statement style model statisticsthe model wears size shirtsheight chest 33,not found,399.0,199.0,Tops,Apparel,Topwear,1.0,Black,Blended,Unknown,Shoulder Straps,Casual,9,278,28,0,0,0,0,1,1,0,0,0,0,1,0,0,0,5.991464547107982,0.2
b991405d-3002-435f-b0fe-2d3981a248a5,Flying Machine,Flying Machine Women Fuschia Red Tshirts,compositioncoral pleated sphagetti top made 100 viscose adjustable strapsfittingregularwash caremachine wash cold waterdo tumble dryturn inside dryingdon dry direct sunlightuse warm irondo use iron print embroiderystylish hilt viscose sphagetti top flying machine designed never compromise comfort looks pleated front adds style quotient viscose fabric falls well accentuates body team jeans sports shoes flaunt fashion statement style model statisticsthe model wears size shirtsheight chest 33,not found,399.0,199.0,Tops,Apparel,Topwear,1.0,Red,Blended,Unknown,Shoulder Straps,Casual,9,265,28,0,0,0,0,1,1,0,0,0,0,1,0,0,0,5.991464547107982,0.2
f309972b-c953-43bf-a96f-450d97eec32d,Carrera,Carrera Men Sqaure dial leather strap Black Watches,carrera watch industry five decades proven masters art creating high quality timepieces new range carrera watches fresh take classic drivers rsquo racers rsquo watch models perfect urban wear case diameter 39 mmcase thickness mmrectangle squarestainless steel case leather straptang clasp brand inscription fixed stainless steel bezel added durability styleblack busy dial metallic numbers three sub dials stopwatch readingchronograph easy reading timemetallic crown adjust time date daywater resistant 100 meters making suitable scuba diving,not found,9950.0,9950.0,Watches,Accessories,Watches,0.0,Black,Unknown,Unknown,Unknown,Unknown,2,38,34,0,0,1,0,0,1,0,0,0,0,0,0,0,1,9.205428327615163,0.0
632ea9e3-4097-4ee0-a768-4245c37e5d98,Puma,Puma Women Large logo tee Pink Tshirts,compositionpink round neck shirt made 100 cotton brand name printed across chest puma leaping cat logo nape neckfittingslimwash caregentle machine wash like colours cool water 30 degreesdo bleachdo tumble drywarm irondo dry cleanlook sleek cool pink shirt puma brand logo graphic front gets dose glam multi hued lines stay fresh comfortable cotton fabric team white denim shorts canvas shoes casual look model statisticsthe model wears size shirtsheight chest 33,not found,599.0,599.0,Tshirts,Apparel,Topwear,1.0,Pink,Cotton,Regular Fit,Round Neck,Unknown,20,588,32,0,0,0,0,1,1,0,0,0,0,1,0,0,0,6.396929655216146,0.2
4f6b87be-04c4-4aab-a6c0-a2f1fc9e3949,Puma,Puma Men Blockbuster Red Black Watches,watch puma comes clean sleek design active watch perfect urban wear serve well gym night clubbing case diameter 40 mmcase thickness 10 mmdial shape squarewarranty yearsmetal case fixed bezel added durability style comfort pu straps buckle clasp comfort styleblack dial cat logo embedded circle centredigital dial showing stopwatch timer date dual time lighting alarm quartz movement time display acrylic dial window gives better durabilitytouchscreen feature reset time featuressolid case back made stainless steel enhanced durabilitywater resistant,na,4450.0,4450.0,Watches,Accessories,Watches,0.0,Black,Unknown,Unknown,Unknown,Unknown,20,511,34,0,0,1,0,0,0,0,0,0,1,0,0,0,1,8.400884069015854,0.0
e66dad96-1685-49a4-a2d9-145b15478d83,Puma,Puma Men Strom Agitation Gents Black Watches,watch puma comes clean sleek design active watch perfect urban wear serve well casual outings night clubbing case diameter 35 mmcase thickness 10 mmdial shape squarewarranty yearsplastic case fixed bezel added durability style comfort woven straps buckle clasp comfort styleblack dial cat logo rsquo clock strapdigital dial showing hours minutes alarm lightquartz movement time display acrylic dial window gives better durabilitybuttons sides reset time featuressolid case back made stainless steel enhanced durabilitywater resistant,not found,5450.0,5450.0,Watches,Accessories,Watches,0.0,Black,Unknown,Unknown,Unknown,Unknown,20,556,34,0,0,1,0,0,1,0,0,0,0,0,0,0,1,8.603554357064281,0.0
41d74649-b4bf-4cf3-9538-938d9e99bb45,Indigo Nation,Indigo Nation Men Stripes Blue Shirts,composition white full sleeves shirt blue stripes made 70 polyester 30 cotton patch pocket left chest full length buttoned placket fitting regular wash care machine hand wash cold water 30 mild detergent wash dark colours separately bleach tumble dry low dry shade warm iron formal clothes boring make weekdays fun wearing formal striped shirt indigo nation shirt looks fresh crisp keep cool day long pair well fitting formal trousers pair leather shoes take office storm model statistics model wears size 40 shirts height shoulders 18,not found,1249.0,1249.0,Shirts,Apparel,Topwear,1.0,Blue,Unknown,Regular Fit,Unknown,Unknown,11,319,20,0,0,1,0,0,0,0,1,0,0,1,0,0,0,7.1308988302963465,0.2
2a5c5ac1-3fb8-4290-9aba-a4bf40ef02f3,Indigo Nation,Indigo Nation Men Stripes Blue Shirt,composition white full sleeves shirt blue stripes made 70 polyester 30 cotton patch pocket left chest full length buttoned placket fitting regular wash care machine hand wash cold water 30 mild detergent wash dark colours separately bleach tumble dry low dry shade warm iron formal clothes boring make weekdays fun wearing formal striped shirt indigo nation shirt looks fresh crisp keep cool day long pair well fitting formal trousers pair leather shoes take office storm model statistics model wears size 40 shirts height shoulders 18,not found,1249.0,1249.0,Shirts,Apparel,Topwear,1.0,Blue,Unknown,Regular Fit,Unknown,Formal,11,318,20,0,0,1,0,0,0,0,1,0,0,1,0,0,0,7.1308988302963465,0.2
2c9208a0-5057-44cd-931b-3483487d85df,Palm Tree,Palm Tree Kids Girl Sp Jace Sko Green Skirts,compositiongreen skort made 100 cotton zipper button closure front concealed buttoned overlapping piece flowerlet lace trims embroidery left hem looped waistband elasticated back two patch pockets embroidery backfittingcustomwash caremachine wash cold inside like colours using mild detergentremove detachable accessories bofore washingdo tumble drywarm iron iron decorall little girls vacation beach style skort palm tree create using soft cotton dress offers exemplary comfort day looks great teamed pretty tops shirts floaters,not found,649.0,324.0,Skirts,Apparel,Bottomwear,1.0,Green,Unknown,Unknown,Unknown,Unknown,19,497,22,0,0,0,0,1,1,0,0,0,0,0,0,1,0,6.476972362889683,0.2
cfdac6ac-b9af-417a-ae6e-f7996840ea51,Indigo Nation,Indigo Nation Men Solid White Shirts,composition white full sleeves shirt made 60 cotton 40 polyester dobby weaving black thread front full length buttoned placket curved hemline fitting slim wash care machine hand wash cold water 30 mild detergent wash dark colours separately bleach tumble dry low dry shade warm iron formal clothes boring make weekdays fun wearing formal shirt indigo nation shirt looks fresh crisp keep cool day long pair well fitting formal trousers pair leather shoes take office storm model statistics model wears size 40 shirts height shoulders 18,not found,1449.0,1449.0,Shirts,Apparel,Topwear,1.0,White,Cotton,Slim Fit,Unknown,Unknown,11,314,20,0,0,1,0,0,0,0,1,0,0,1,0,0,0,7.27931883541462,0.2
abc617cc-e61d-45e7-99e7-4946b80429df,Puma,Puma Women Large logo tee Black Tshirts,compositionblack round neck shirt made 100 cotton brand name printed across chest puma leaping cat logo nape neckfittingslimwash caregentle machine wash like colours cool water 30 degreesdo bleachdo tumble drywarm irondo dry cleanlook sleek cool black shirt puma brand logo graphic front gets dose glam multi hued lines stay fresh dry cotton fabric team white denim shorts canvas shoes casual look model statisticsthe model wears size shirtsheight chest 33,not found,599.0,599.0,Tshirts,Apparel,Topwear,1.0,Black,Cotton,Regular Fit,Round Neck,Unknown,20,587,32,0,0,0,0,1,1,0,0,0,0,1,0,0,0,6.396929655216146,0.2
6fd4465f-8737-4d75-a361-bf942bd63590,Puma,Puma Women Style Cat White Casual Shoes,style cat draws inspiration race cars fuse lightweight comfort style speed stylish sneaker combines simplicity minimalistic design make absolutely perfect footwear upper leather synthetic leather upper fur durability comfort style puma cat logo detail formstripe style central lacing system snug customised fit lightly padded tongue collar step comfort midsole cushioned textile footbed day comfort full length phylon midsole lightweight support outsole textured outsole made durable rubber brand name absolute grip traction,not found,3499.0,3499.0,Casual Shoes,Footwear,Shoes,0.0,White,Unknown,Unknown,Unknown,Unknown,20,597,5,0,0,0,0,1,1,0,0,0,0,1,0,0,0,8.160518247477505,0.0
6dcfaec5-2288-48f9-b409-f48f46ef7d0b,Puma,Puma Women Minicats Knit Blue Cap,composition light blue knitted beanie made 100 acrylic embroidered cat logo back embroidered brand name front small visor fitting regular wash care gentle machine wash wool washing cycle inside like colours cool water using mild detergent bleach tumble dry stretch original shape damp cool iron inside dry clean stay warm chill strikes light blue beanie puma sleek cat logo embroidered cap embroidered brand name add interesting details cap perfect casual wear,not found,599.0,599.0,Caps,Accessories,Headwear,1.0,Blue,Unknown,Unknown,Unknown,Casual,20,589,4,0,0,0,0,1,1,0,0,0,0,1,0,0,0,6.396929655216146,0.2
3e046bd6-29d1-4029-9ffc-5e5908487a7c,Doodle,Doodle Girl Denim skirt with belt Blue Skirts,composition navy blue denim skirt zippered buttoned closure front loops waist two pockets sides small pocket inside right pocket two pockets back floral cotton fabric belt fitting regular wash care machine wash cold water like colours delicate cycle bleach tumble dry low lay flat dry warm iron needed iron print cute statement simply zooms high dress little girl cute denim skirt doodle floral fabric belt adds colorful touch team girly top sandals,not found,699.0,699.0,Skirts,Apparel,Bottomwear,1.0,Blue,Cotton Blend,Unknown,Unknown,Unknown,6,137,22,0,0,0,0,1,1,0,0,0,0,1,0,0,0,6.551080335043404,0.2
bcf1dffa-c569-4fd1-b884-c631bb56d8b3,SCULLERS,Scullers Women Knit White Sweaters,compositionoff white knitted top made 100 acrylic front open buttoned placket two pockets front full sleevesfittingcomfortwash careonly hand wash cold water using mild detergentwash dark colours separatelydo bleach wring tumble dryflat dry shademild irondo iron print embellishment embroiderybring back vintage warm bang crawl warm woollen overcoat scullers regular attire would look great occasion use either camouflage dress beneath transform princess simply show sweater model statisticsthe model wears size topsheight chest 33 waist 25,not found,1799.0,1799.0,Sweaters,Apparel,Topwear,1.0,White,Unknown,Unknown,Unknown,Unknown,23,677,25,0,0,0,0,1,1,0,0,0,0,1,0,0,0,7.495541943884256,0.2
692cc74d-b3fc-4685-a677-87a99e10d137,Doodle,Doodle Girls Little song board Purple Tops,composition purple top made 100 cotton round neck short puffed sleeves graphic print front fitting regular wash care machine wash cold water like colours delicate cycle bleach tumble dry low lay flat dry warm iron needed iron print let little princess sing like nightingale cute top doodle graphic print adds element sweetness cotton fabric keeps fresh comfortable day pair top shorts skirts sandals complete look,not found,299.0,299.0,Tops,Apparel,Topwear,1.0,Purple,Blended,Unknown,Round Neck,Casual,6,148,28,0,1,0,0,0,1,0,0,0,0,1,0,0,0,5.703782474656201,0.2
8c9848b1-7026-494a-800a-a1ef8325c456,SCULLERS,Scullers Women Knit Black Sweaters,compositionblack knitted top made 100 acrylic front open buttoned placket two pockets front full sleevesfittingcomfortwash careonly hand wash cold water using mild detergentwash dark colours separatelydo bleach wring tumble dryflat dry shademild irondo iron print embellishment embroiderybring back vintage warm bang crawl warm woollen overcoat scullers regular attire would look great occasion use either camouflage dress beneath transform princess simply show sweater model statisticsthe model wears size topsheight chest 33 waist 25,not found,1799.0,1799.0,Sweaters,Apparel,Topwear,1.0,Black,Unknown,Unknown,Unknown,Unknown,23,676,25,0,0,0,0,1,1,0,0,0,0,1,0,0,0,7.495541943884256,0.2
db2df1ae-16f2-4607-968c-8e28572cfcc7,United Colors of Benetton,United Colors of Benetton Women Printed Purple T-shirt,compositionpink round neck shirt made 100 cotton short sleeves graphic print frontwash caredelicate machine wash 30 degrees using mild detergentdo dry cleando tumble dry wring scrub bleachdry flat shadewarm irondo iron directly print embroideryif one loves wear light hate heavy winter clothes pink shirt united colors benetton belongs wardrobe pair jeans shorts sandals chic summery look size fitcomfort fitthe model height height chest 33 wearing size,not found,899.0,899.0,Tshirts,Apparel,Topwear,1.0,Purple,Cotton,Regular Fit,Boat Neck,Casual,24,744,32,0,0,0,0,1,1,0,0,0,0,1,0,0,0,6.802394763324311,0.2
513e32a7-29b1-404e-b050-40db02c3fca7,SCULLERS,Scullers Men Purple Check Shirt,composition half sleeves shirt purple black white plaid checks made 100 cotton buttoned patch pockets chests stud detailing full length buttoned placket curved hemline attached loops wash care machine hand wash cold water 30 mild detergent wash dark colours separately bleach tumble dry low dry shade warm iron thursday want wear something formal casual either try semi formal checked shirt scullers shirt looks fresh crisp keep cool day long pair corduroys relaxed look size fitslim fitthe model height shoulder 18 wearing size 40,not found,1499.0,1499.0,Shirts,Apparel,Topwear,1.0,Purple,Cotton,Slim Fit,Unknown,Casual,23,666,20,0,0,1,0,0,1,0,0,0,0,1,0,0,0,7.313220387090301,0.2
35c094a3-a203-436c-a434-a1fdc0b65fb7,Carrera,Carrera Men Green strap witrh green dial Green Watches,carrera watch industry five decades proven masters art creating high quality timepieces new range carrera watches fresh take classic drivers rsquo racers rsquo watch models perfect urban wear case diameter 36 mmcase thickness mmdial shape octagonstainless steel casegreen rubber strap brand inscription inner side enhanced durability comfort styletang clasp brand inscription fixed stainless steel bezel added durability styleblack busy dial metallic numbers roman metallic handsmetallic crown adjust time date daywater resistant 100 meters making suitable scuba diving,not found,4450.0,4450.0,Watches,Accessories,Watches,0.0,Green,Unknown,Unknown,Unknown,Unknown,2,31,34,0,0,1,0,0,1,0,0,0,0,0,0,0,1,8.400884069015854,0.0
97b6eb5e-f792-4181-b670-2815ae92d718,United Colors of Benetton,United Colors of Benetton Women Printed Yellow T-shirt,composition yellow round neck shirt made 100 cotton short sleeves graphic print front fitting comfort wash care delicate machine wash 30 degrees using mild detergent dry clean tumble dry wring scrub bleach dry flat shade warm iron iron directly print embroidery get crazy photographic art yellow shirt united colors benetton team jeans skirts sandals available wide collection myntra chic look model statistics model wears size shirts height chest 33,not found,899.0,899.0,Tshirts,Apparel,Topwear,0.0,Yellow,Cotton,Regular Fit,Round Neck,Casual,24,747,32,0,0,0,0,1,1,0,0,0,0,1,0,0,0,6.802394763324311,0.0
944dbfa3-3dc1-4b5f-87d9-7b5ceaab4941,Indigo Nation,Indigo Nation Men Bling Purple Shirts,compositionpurple grey striped shirt spread collar full buttoned placket long sleeves buttoned cuffs patch pocket left chest curved hemfitregularwash carewash dark colours separatelyhand wash machine wash colduse mild detergentflat dry shadedo wring bleach iron printthis impeccably designed shirt indigo nation remains timeless classic wear chinos formal trousers style understated accessories model statisticsthe product size 40 model height shoulders 18,not found,1349.0,1349.0,Shirts,Apparel,Topwear,1.0,Purple,Cotton,Regular Fit,Unknown,Unknown,11,298,20,0,0,1,0,0,1,0,0,0,0,1,0,0,0,7.2078598714324755,0.2
8a56896d-cc41-4794-9a56-39ca94c16544,Nike,Nike Men Trainng Blue T-shirt,compositionblue shirt made 100 cotton round neck short sleeves sponsor name graphic print witth nike swoosh front fittingcomfortwash caremachine wash cold 30 degrees like coloursdo bleachtumble dry lowremove immediately allow lay wetcool iron iron designdo dry cleanstand support team india icc world champions cricket shirt nike team india tee designed die hard cricket fan loves flaunt country glory team track pants sports shoes absolute comfort,not found,895.0,895.0,Tshirts,Apparel,Topwear,1.0,Blue,Cotton,Regular Fit,Round Neck,Sports,18,458,32,0,0,1,0,0,0,0,0,0,1,0,0,1,0,6.79794041297493,0.2
3ce99844-f373-4cf8-90cb-3af41c45c890,Puma,Puma Women bling blink tee White Tshirts,compositionwhite round neck shirt made 100 cotton puma leaping cat logo sequins across chest nape neckfittingslimwash caregentle machine wash like colours cool water 30 degreesdo bleachdo tumble drywarm irondo dry cleanlook sleek cool white shirt puma brand logo graphic front gets dose glam sequins stay fresh dry cotton fabric team white denim shorts canvas shoes casual look model statisticsthe model wears size shirtsheight chest 33,not found,899.0,899.0,Tshirts,Apparel,Topwear,1.0,White,Cotton,Regular Fit,Round Neck,Unknown,20,604,32,0,0,0,0,1,1,0,0,0,0,1,0,0,0,6.802394763324311,0.2
386ea820-78ab-45fe-b1c5-7a25a730d641,Carlton London,Carlton London Women Casual Black Slippers,shine ultra glam sequinned slippers carlton london wear morning friends pairing shorts top short dress dining night ways feet look pretty upperthong straps sequins synthetic strapstoe separator lined fibre comfortmidsolecomfortable metallic footbedoutsoledurable rubber outsole floral pattern forefoot region doubling textured grooves grip stylingshoe carewipe surface soft clean damp cloth remove dustdo machine washstore shoes away sunlight,not found,795.0,795.0,Flip Flops,Footwear,Flip Flops,1.0,Black,Unknown,Unknown,Unknown,Unknown,1,14,9,0,0,0,0,1,1,0,0,0,0,0,1,0,0,6.679599185844383,0.2
3d7c0aba-2898-406b-bd4e-25b84113eb45,Nike,Nike Men Breakline Grey Track Pants,composition grey tracks made 100 polyester elastic waist interior drawcord mesh panel back waist sides vented hem drawcord hemline fitting comfort wash care machine wash cold 30 degrees like colours bleach tumble dry low remove immediately allow lay wet cool iron iron design dry clean scorers defenders alike require maximum range motion lead teams victory plenty nike breakline tracks made sweat wicking fabric strategic ventilation tracks keep focused big win,not found,1495.0,1495.0,Track Pants,Apparel,Bottomwear,1.0,Grey,Blended,Unknown,Unknown,Unknown,18,443,29,0,0,1,0,0,0,0,0,0,1,1,0,0,0,7.310550158534422,0.2
b21126f8-475c-4a6f-83dd-a5ca9cee7533,Indigo Nation,Indigo Nation Men Solid Grey Shirts,composition reversible full sleeves shirt made cotton polyester blend grey one side charcoal full length buttoned placket fitting regular wash care machine hand wash cold water 30 mild detergent wash dark colours separately bleach tumble dry low dry shade warm iron get ready party style indigo nation gives two shirts rolled one wear jazzy grey side one party shiny charcoal side asked better bargain pair formal trousers denims rock world model statistics model wears size 40 shirts height shoulders 18,not found,1449.0,1449.0,Shirts,Apparel,Topwear,1.0,Grey,Unknown,Slim Fit,Unknown,Unknown,11,312,20,0,0,1,0,0,0,0,1,0,0,1,0,0,0,7.27931883541462,0.2
ec8dbcf4-3a74-48e6-8b14-8e34217a0712,Flying Machine,Flying Machine Men Ydc Pink Shirts,compositionlight pink white plaid check shirt black dark grey accents made 100 cotton long sleeves buttoned placket two patch pockets chest buttoned flaps shoulders embroidered branding left chest pocket curved hemline fittingregularwash caremachine wash colddo tumble dryturn inside dryingdon dry direct sunlightuse warm irondo iron printupgrade cool quotient checked shirt flying machine cotton fabric keeps fresh day hang friends double patch pocket adds touch style team jeans chinos slip shoes laidback look model statisticsthe model wears size shirtsheight shoulders 19,not found,1499.0,749.0,Shirts,Apparel,Topwear,1.0,Pink,Cotton,Regular Fit,Unknown,Casual,9,260,20,0,0,1,0,0,1,0,0,0,0,1,0,0,0,7.313220387090301,0.2
0381b561-420c-4234-97cf-b6dd7b9e8903,Flying Machine,Flying Machine Women HS Blue Denim Shirt,compositionlight blue denim shirt made 100 cotton short sleeves foldover hems held buttoned flaps tipped collar full front buttoned placket flap pocket left chest metallic embellishments flap curved hemlinefittingregularwash carehand machine wash 30 degrees using mild detergentremove immediatelyline dry inside warm ironanchor style statement slipping flying machine casual long shirt team jeans sandals flaunt fashion mantra style cotton fabric keeps fresh comfortable day model statisticsthe model wears size shirtsheight chest 33,not found,999.0,999.0,Shirts,Apparel,Topwear,1.0,Blue,Cotton,Regular Fit,Unknown,Unknown,9,266,20,0,0,0,0,1,1,0,0,0,0,1,0,0,0,6.907755278982137,0.2
9219ceae-bf88-464d-9078-bd2755153f53,Nike,Nike Men AS T90 Black Tshirts,compositionblack shirt made 65 cotton 35 polyester round ribbed neckline short sleeves grey panel detailing side seams rubber print swoosh logo upper right chest t90 transferred onto upper left chestfittingregularwash caremachine wash warm like colourswash inside outdo bleach tumble dry lowwarm irondo dry cleangear aggressive game football black t90 shirt nike classic design updated grey panel detailing bold t90 nike logos fabric keeps fresh comfortable extended training sessions team track pants performance shoes,not found,1495.0,1495.0,Tshirts,Apparel,Topwear,1.0,Black,Synthetic,Regular Fit,Round Neck,Unknown,18,431,32,0,0,1,0,0,0,0,0,0,1,1,0,0,0,7.310550158534422,0.2
e3f5a9f2-835c-4119-8b64-3ae452780415,Puma,Puma Men Top Flow Red-213 Black Watch,watch puma comes clean sleek design active watch perfect urban wear serve well gym night clubbing case diameter 45 mmcase thickness 12 mmdial shape rectanglewarranty yearsplastic case fixed bezel added durability style comfort pu straps buckle clasp comfort style black dial cat logo strapdigital dial showing time timer alarm chronograph backlightquartz movement time display acrylic dial window scratch resistancebuttons sides reset time features solid case back made stainless steel enhanced durabilitywater resistant 50 meters,not found,3950.0,3950.0,Watches,Accessories,Watches,0.0,Black,Unknown,Unknown,Unknown,Unknown,20,557,34,0,0,1,0,0,1,0,0,0,0,0,0,0,1,8.281723990411392,0.0
cddcb35e-2bec-4389-99dc-50bf7b5ba469,Puma,Puma Women Pliancy Black Watches,watch puma comes clean sleek design silver black combination watch great way glam casual wear case diameter 32 mmcase thickness mmdial shape squarewarranty yearsmetal case fixed bezel added durability style comfort synthetic leather straps buckle clasp comfort styleblack dial cat logo rsquo clock 12 clock marked silver glittery number added styledial three hand movement quartz movement time display screw side reset time solid case back made stainless steel enhanced durabilitywater resistant upto 50 metres,not found,3450.0,3450.0,Watches,Accessories,Watches,0.0,Black,Unknown,Unknown,Unknown,Unknown,20,591,34,0,0,0,0,1,1,0,0,0,0,0,0,0,1,8.146419323098003,0.0
62e85e96-f722-4c06-bedf-e2cb36907485,Puma,Puma Men Dial With Steel finish frame Black Watches,watch puma comes heavy duty design assymentric dial chunky casing gives watch tough appearance perfect navigating urban jungle case diameter 40 mmcase thickness 10 mmdial shape octagonwarranty yearsmetal case fixed bezel added durability style comfort textured pu straps buckle clasp comfort styleblack dial cat logo 12 clocktime marked bold numeralsanalog dial showing time hours minutes secondsdate aperture clockquartz movement time display solid case back made stainless steel enhanced durabilitywater resistant upto 50 metres,not found,4995.0,4995.0,Watches,Accessories,Watches,0.0,Black,Unknown,Unknown,Unknown,Unknown,20,519,34,0,0,1,0,0,1,0,0,0,0,0,0,0,1,8.516392871245468,0.0
984419bb-0a81-4be1-a2a1-8a73e5341d82,Puma,Puma Men Track White Silver Watches,watch puma comes heavy duty design assymentric dial chunky casing gives watch tough appearance perfect navigating urban jungle case diameter 40 mmcase thickness 10 mmdial shape octagonwarranty yearsmetal case fixed bezel added durability style comfort textured pu straps buckle clasp comfort styleblack dial cat logo 12 clocktime marked bold numeralsanalog dial showing time hours minutes secondsdate aperture clockquartz movement time display solid case back made stainless steel enhanced durabilitywater resistant upto 50 metres,not found,4995.0,4995.0,Watches,Accessories,Watches,0.0,Silver,Unknown,Unknown,Unknown,Unknown,20,561,34,0,0,1,0,0,1,0,0,0,0,0,0,0,1,8.516392871245468,0.0
f63e4a60-915d-48e1-9f96-ebd7c9c970b1,Nike,Nike Women's White Tshirt,composition white round neck shirt made 100 cotton short sleeves fabric tape inseam neckline graphic print chest metallic tinge fitting regular wash care machine wash cold 30 degrees like colours bleach tumble dry low remove immediately allow lay wet cool iron iron design dry clean get ready vixen look foxy shirt nike let shirt speak volumes evil side style pair tee denims flipflops great foxy look,not found,1095.0,1095.0,Tshirts,Apparel,Topwear,1.0,White,Synthetic,Regular Fit,Round Neck,Unknown,18,494,32,0,0,0,0,1,0,0,0,0,1,1,0,0,0,6.999422467507961,0.2
e07c4922-d3e3-4aed-8c15-a477981f0c83,Jealous 21,Jealous 21 Women Check Blue Tops,compositiongreen navy blue checked round neck blouson tunic top made 100 cotton full buttoned placket three fourth sleeves buttoned cuffs belt waistfittingregularwash caremachine hand wash separately mild detergentdo bleach wringdry shademedium ironif mood checked fun blouson tunic top jealous 21 fulfil heart desire lan cotton fabric promises comfort smart checks guarantee unparalleled attention pair top leggings ballerinas cute neat look model statisticsthe model wears size topsheight chest 33 waist 25,not found,1099.0,1099.0,Tops,Apparel,Topwear,1.0,Blue,Blended,Unknown,Shirt Collar,Casual,13,340,28,0,0,0,0,1,1,0,0,0,0,1,0,0,0,7.003065458786462,0.2
6b235fdd-7a37-4a32-8b67-3e06bbf9c519,Nike,Nike Unisex Runng Grey Caps,composition dark grey feather light cap made nike sphere dry fabric wick sweat away comfort bill zero distractions keep sun quick adjust closure back enhanced customised fit reflective stitching enhanced visibility low light conditions fitting comfort wash care hand wash warm water 40 degrees wring bleach iron dry clean line dry design circulates air keep head cool nike daybreak running hat made aerodynamic construction large side mesh panels lightweight silhouette pinnacle performance,not found,895.0,895.0,Caps,Accessories,Headwear,1.0,Grey,Unknown,Unknown,Unknown,Unknown,18,464,4,0,0,0,1,0,0,0,0,0,1,1,0,0,0,6.79794041297493,0.2
516394b2-bfca-486f-a2f5-cbdb8150fb9b,Nike,Nike Unisex Runng Black Caps,composition dark grey feather light cap made nike sphere dry fabric wick sweat away comfort bill zero distractions keep sun quick adjust closure back enhanced customised fit reflective stitching enhanced visibility low light conditions fitting comfort wash care hand wash warm water 40 degrees wring bleach iron dry clean line dry design circulates air keep head cool nike daybreak running hat made aerodynamic construction large side mesh panels lightweight silhouette pinnacle performance,not found,695.0,695.0,Caps,Accessories,Headwear,1.0,Black,Unknown,Unknown,Unknown,Unknown,18,463,4,0,0,0,1,0,0,0,0,0,1,1,0,0,0,6.54534966033442,0.2
1f777117-0344-4892-b882-87698552fe22,Puma,Puma Men Visor Multifunction Silver white Black Watches,watch puma comes bold design sub dials cat logo white dial makes stylish buy active watch perfect urban wear case diameter 45 mmcase thickness 10 mmdial shape squarewarranty yearsmetal case fixed bezel added durability style comfort pu straps buckle clasp comfort style black dial cat logo bottom right cornerdial day date hour sub dialspolished hands sweep secondsapplied metal arabic eleven twelve one markingquartz movement time display solid case back made stainless steel enhanced durabilitywater resistant 50 meters,not found,6495.0,6495.0,Watches,Accessories,Watches,0.0,Black,Unknown,Unknown,Unknown,Unknown,20,566,34,0,0,1,0,0,1,0,0,0,0,0,0,0,1,8.778941881841513,0.0
50427e20-cfe5-43fb-ab64-b4deabf00208,Doodle,Doodle Boy Rockstar-sing it Yellow Tshirts,composition yellow round neck shirt made 100 cotton short sleeves stitch detailing sleeve shirt hems fabric tape inseam neckline graphic print chest fitting regular wash care machine wash cold water like colours delicate cycle bleach tumble dry low lay flat dry warm iron needed iron print bring rockstar little boy yellow shirt doodle graphic print exudes rockstar energy cotton fabric keeps fresh comfortable day team denim shorts sneakers cool comfy look,not found,299.0,299.0,Tshirts,Apparel,Topwear,1.0,Yellow,Cotton,Regular Fit,Round Neck,Unknown,6,129,32,0,0,1,0,0,1,0,0,0,0,1,0,0,0,5.703782474656201,0.2
8fbf787e-a21d-4a6f-9444-d3b4e8a5dc81,Nike,Nike Unisex Tennis White Caps,compositionwhite cap made 58 polyester 42 cotton fabric embroidered eyelets panels velcro fastening embroidered name back embroidered initials frontfittingcomfortwash caremachine wash cold water hand wash separatelydo use softeners bleachtumble dry lowcool irondo iron designdo dry cleanget ready cheer legendary roger federer legacy 91 performance cap nike federer name initials embroidered cap oozes tennis spirit wear sporting clothes casual wear go sun keep dry comfortable,not found,995.0,995.0,Caps,Accessories,Headwear,1.0,White,Unknown,Unknown,Unknown,Unknown,18,467,4,0,0,0,1,0,0,0,0,0,1,1,0,0,0,6.903747257584598,0.2
9a6a3c2e-748d-4976-809c-d4972e98e14e,Doodle,Doodle Girl Flap doodle angel Pink Tops,composition bubblegum pink round neck top made 100 cotton short sleeves chest print fitting regular wash care machine wash cold water like colours delicate cycle bleach tumble dry low lay flat dry warm iron needed iron print transform little darling angel top doodle short sleeves chest print add element sweetness cotton fabric keeps fresh comfortable day pair top tiny skirt colourful slippers complete princess look,not found,349.0,349.0,Tops,Apparel,Topwear,1.0,Pink,Blended,Unknown,Round Neck,Casual,6,138,28,0,0,0,0,1,1,0,0,0,0,1,0,0,0,5.857933154483459,0.2
402df047-059c-483a-adb3-4ad2c9763ecd,Inkfruit,Inkfruit Men Dust Rider Purple Tshirts,compositionpurple round neck shirt made 100 cotton short sleeves graphic print frontfittingcomfortwash carehand wash separately cool water 30 degrees scrub bleach turn inside dry flat shade warm iron reversedo iron printzoom past dusty roads explore country side mobike style inkfruit shirt energetic graphic print keeps mood upbeat cotton fabric keeps fresh comfortable day team biker pants trekking shoes unparalleled cool model statisticsthe model wears size shirtsheight 11 shoulders 18,not found,499.0,499.0,Tshirts,Apparel,Topwear,1.0,Purple,Cotton,Regular Fit,Round Neck,Unknown,12,328,32,0,0,1,0,0,1,0,0,0,0,1,0,0,0,6.214608098422191,0.2
00c693b2-e74d-4566-b1ef-779229326425,Nike,Nike Unisex Tennis Grey Caps,compositiongrey cap made 58 polyester 42 cotton fabric embroidered eyelets panels velcro fastening embroidered name back embroidered initials frontfittingcomfortwash caremachine wash cold water hand wash separatelydo use softeners bleachtumble dry lowcool irondo iron designdo dry cleanget ready cheer legendary roger federer legacy 91 performance cap nike federer name initials embroidered cap oozes tennis spirit wear sporting clothes casual wear go sun keep dry comfortable,not found,995.0,995.0,Caps,Accessories,Headwear,1.0,Grey,Unknown,Unknown,Unknown,Unknown,18,465,4,0,0,0,1,0,0,0,0,0,1,1,0,0,0,6.903747257584598,0.2
8674d313-921a-405c-96fe-1958786d6f5f,Nike,Nike Men Trainng Men's tshirt White Tshirts,compositionwhite round neck cotton shirt short sleeves graphic print chest branding left sleeve slogan back neckfit comfortwash caremachine wash separately cold water using mild detergentdo bleachavoid soaking remove promptlyline dry inside shadewarm iron onlydo iron directly print embroideryflaunt craze cricket pride indian cricket team historic victory icc 2011 world cup nike shirt graphic crcket crazy individuals best way flaunt support indian cricket team team shirt smart casuals wear sporting arenas casual outings,not found,795.0,795.0,Tshirts,Apparel,Topwear,1.0,White,Cotton,Regular Fit,Round Neck,Unknown,18,459,32,0,0,1,0,0,0,0,0,0,1,0,0,1,0,6.679599185844383,0.2
5de48fee-e8e0-43e7-86a5-fff0d4d48722,Puma,Puma Men motor sport tee White Tshirts,compositionwhite round neck shirt made 100 cotton screen print across chest puma jumping cat logo printed nape neckfittingregularwash caregentle machine wash like colours cool water 30 degreesdo bleachdo tumble drywarm irondo dry cleanlook cool season shirt puma inspired motorsports subliminal print front images racing car parts bikes infuses tee big dose racing spirit team jeans canvas shoes casual look model statisticsthe model wears size shirtsheight shoulders 18,not found,1599.0,1599.0,Tshirts,Apparel,Topwear,1.0,White,Cotton,Regular Fit,Round Neck,Unknown,20,573,32,0,0,1,0,0,1,0,0,0,0,1,0,0,0,7.3777589082278725,0.2
bbcdcec0-f7f1-4bec-a310-d987666dffe5,Carlton London,Carlton London Women Casual Green Slippers,shine ultra glam sequinned slippers carlton london wear morning friends pairing shorts top short dress dining night ways feet look pretty upperthong straps sequins synthetic strapstoe separator lined fibre comfortmidsolecomfortable metallic footbedoutsoledurable rubber outsole floral pattern forefoot region doubling textured grooves grip stylingshoe carewipe surface soft clean damp cloth remove dustdo machine washstore shoes away sunlight,not found,795.0,795.0,Flip Flops,Footwear,Flip Flops,0.0,Green,Unknown,Unknown,Unknown,Unknown,1,16,9,0,0,0,0,1,1,0,0,0,0,1,0,0,0,6.679599185844383,0.0
4203f3bb-a4f6-470d-97db-ca2f2d5a4d67,Carlton London,Carlton London Women Glitterati Gold Slippers,shine ultra glam sequinned slippers carlton london wear morning friends pairing shorts top short dress dining night ways feet look pretty upperthong straps sequins synthetic strapstoe separator lined fibre comfortmidsolecomfortable metallic footbedoutsoledurable rubber outsole floral pattern forefoot region doubling textured grooves grip stylingshoe carewipe surface soft clean damp cloth remove dustdo machine washstore shoes away sunlight,not found,795.0,795.0,Flip Flops,Footwear,Flip Flops,0.0,Gold,Unknown,Unknown,Unknown,Unknown,1,19,9,0,0,0,0,1,1,0,0,0,0,1,0,0,0,6.679599185844383,0.0
eb2c1768-fcac-46b7-adfd-b6283e7e8c0e,Carlton London,Carlton London Women Casual Gold Slippers,perfect way complement ethnic wear slip beautifully crafted slippers carlton london shaped straps grooved straps enhnace fit add extra spark personality team jeans salwars sarees complement every outfit ease upperleather midfoot straps toe separator lock foot placeturtle shell styled grooves straps stylesoft footbed day comfort styleoutsoletextured durable rubber outsole floral groove forefoot absolute grip tractionslipper carewipe surface damp clean cloth remove dirtdo store direct sunlight,not found,795.0,795.0,Flip Flops,Footwear,Flip Flops,0.0,Gold,Unknown,Unknown,Unknown,Unknown,1,15,9,0,0,0,0,1,1,0,0,0,0,1,0,0,0,6.679599185844383,0.0
2ec8fc59-68db-480e-b23f-a065bfd8b203,Doodle,Doodle Girl Super stylish White Tops,composition white round neck shirt made 100 cotton short sleeves graphic print front black bow fitting regular wash care machine wash cold water like colours delicate cycle bleach tumble dry low lay flat dry warm iron needed iron print dress little princess white shirt doodle let flaunt beauty style tee graphic print bow shoe add element sweetness cotton fabric keeps fresh comfortable day pair top shorts sandals complete look,not found,299.0,299.0,Tops,Apparel,Topwear,1.0,White,Blended,Unknown,Round Neck,Casual,6,147,28,0,0,0,0,1,1,0,0,0,0,1,0,0,0,5.703782474656201,0.2
791ac0eb-2da7-4cfb-a0ae-0a6aa4d491d0,Puma,Puma Women Slick Ladies 3HD Pink Pink Watches,watch puma comes clean sleek design active watch perfect urban wear serve well gym night clubbing case diameter 38 mmcase thickness 10 mmdial shape roundwarranty yearsplastic case fixed bezel added durability style comfort pu straps buckle clasp comfort stylepink dial cat logo rsquo clock dial three hand movement time marked small square iconsquartz movement time display screw side reset time solid case back made stainless steel enhanced durabilitywater resistant upto 50 metres,not found,2995.0,2995.0,Watches,Accessories,Watches,0.0,Pink,Unknown,Unknown,Unknown,Unknown,20,594,34,0,0,0,0,1,1,0,0,0,0,0,0,0,1,8.005033344637111,0.0
c9efa2f4-1ff9-4f3a-ae72-4a35b4c21de4,Nike,Nike Women As Make Yours Black T-Shirts,composition black crew neck shirt made 62 cotton 34 polyester spandex short sleeves rib crew neck interior taping comfort screen print front fitting comfort wash care machine wash cold 30 degrees like colours bleach tumble dry low remove immediately allow lay wet cool iron iron design dry clean nike make women shirt sends inspiring message pop color sweat wicking stretch fabric keeps comfortable day,not found,995.0,995.0,Tshirts,Apparel,Topwear,1.0,Black,Synthetic,Regular Fit,Round Neck,Unknown,18,472,32,0,0,0,0,1,0,0,0,0,1,1,0,0,0,6.903747257584598,0.2
152ca7c9-fe07-4539-b59c-4d5d059672e4,Flying Machine,Flying Machine Men HS Purple Tshirts,compositionpurple round neck shirt made 100 cotton ribbed neckline green thread detailing inseam collar short sleeves brand tab near left hem graphic print frontfittingregularwash caremachine wash colddo tumble dryturn inside dryinguse warm irondo iron printupgrade cool quotient purple shirt flying machine lively print adds dash urban style cotton fabric keeps fresh day team jeans canvas shoes really laidback look model statisticsthe model wears size shirtsheight shoulders 19,not found,699.0,699.0,Tshirts,Apparel,Topwear,1.0,Purple,Cotton,Regular Fit,Round Neck,Unknown,9,241,32,0,0,1,0,0,1,0,0,0,0,1,0,0,0,6.551080335043404,0.2
73c7d55d-4d82-463f-b55a-55a896771614,Jealous 21,Jealous 21 Women Check Blue Shirt,compositionblue black checked shirt made 100 cotton full front button placket full cuff sleeves mid sleeve buttoned flapfittingregularwash caremachine hand wash separately mild detergentdo bleach wringdry shademedium ironif mood checked fun shirt jealous 21 fulfil heart desire lan cotton fabric promises comfort smart checks guarantee unparalleled attention pair shirt skinny jeans carry messenger bag along perfect look model statisticsthe model wears size shirtsheight chest 33 waist 25,not found,1099.0,1099.0,Shirts,Apparel,Topwear,1.0,Blue,Cotton,Regular Fit,Unknown,Unknown,13,339,20,0,0,0,0,1,1,0,0,0,0,1,0,0,0,7.003065458786462,0.2
0fedc794-be65-4d00-b3dc-10c76e1453e8,Jealous 21,Jealous 21 Women Check Red Shirt,compositionred black checked shirt made 100 cotton full front button placket full cuff sleeves mid sleeve buttoned flapfittingregularwash caremachine hand wash separately mild detergentdo bleach wringdry shademedium ironif mood checked fun shirt jealous 21 fulfil heart desire lan cotton fabric promises comfort smart checks guarantee unparalleled attention pair shirt skinny jeans carry messenger bag along perfect look model statisticsthe model wears size shirtsheight chest 33 waist 25,not found,1499.0,1499.0,Shirts,Apparel,Topwear,1.0,Red,Cotton,Regular Fit,Unknown,Casual,13,344,20,0,0,0,0,1,1,0,0,0,0,1,0,0,0,7.313220387090301,0.2
57a72e00-6dad-409d-9396-e89f234bbeda,Nike,Nike Women As See The Win Black T-Shirts,composition black crew neck shirt made 100 cotton interior neck taping short sleeves screen print front fitting slim wash care machine wash cold 30 degrees like colours bleach tumble dry low remove immediately allow lay wet cool iron iron design dry clean slim fit contours body nike see win shirt conspicuously inspiring tackle whatever ahead tee fabric keeps fresh comfortable day,not found,995.0,995.0,Tshirts,Apparel,Topwear,1.0,Black,Synthetic,Regular Fit,Round Neck,Unknown,18,476,32,0,0,0,0,1,0,0,0,0,1,1,0,0,0,6.903747257584598,0.2
6e640125-b69d-4a2e-bf50-de8425360bc6,Flying Machine,Flying Machine Men Fuschia Pink Tshirts,compositionfuschia pink round neck shirt made 100 cotton ribbed neckline tape detailing inseam collar blue thread detailing shoulder behind collar short sleeves brand tab appliqued towards left hem distressed look print frontfittingregularwash caremachine wash colddo tumble dryturn inside dryinguse warm irondo iron printupgrade cool quotient fuschia pink shirt flying machine distressed look print adds dash urban style cotton fabric keeps fresh day team jeans canvas shoes really laidback look model statisticsthe model wears size shirtsheight shoulders 19,not found,799.0,399.0,Tshirts,Apparel,Topwear,1.0,Pink,Cotton,Regular Fit,Round Neck,Casual,9,233,32,0,0,1,0,0,1,0,0,0,0,1,0,0,0,6.684611727667927,0.2
8a0642cb-540d-4095-b9d5-8fc8a97b20ee,Carlton London,Carlton London Men Casual Black Casual Shoes,make trips club special canvas slip ons carlton london look classy semi formal shoes casual fridays work uppercanvas upper reinforced rubber toe panelslip structure ease wearelastic panel tongue sides flexi comfortmidsolesoft cushioned footbedeva midsole durabilitymidsole stitched outsole longevityoutsoledurable rubber outsole shoe caremake paste using tbsp baking soda tbsp white vinegar tbsp hot waterrub paste onto canvas sole using brushwash lukewarm water,not found,2495.0,2495.0,Casual Shoes,Footwear,Shoes,0.0,Black,Unknown,Unknown,Unknown,Unknown,1,8,5,0,0,1,0,0,1,0,0,0,0,1,0,0,0,7.822444729489319,0.0
49f15645-70fc-4b82-bac6-2817b33a34f1,Nike,Nike Men Casual short sleeve tshirt White Tshirts,compositionwhite round neck shirt made 100 cotton ribbed neckline grey tape detailing inseam short sleeves bold graphic lettering chestfittingregularwash caremachine wash cold like colors using mild detergentdo bleach soakremove immediately allow lay wetline dry inside shadecool iron iron directly print embroiderydo dry cleanget ready hustle black shirt nike bold graphic quote skills thrills dollar bills says pair tee jeans canvas shoes cool casual look,not found,795.0,795.0,Tshirts,Apparel,Topwear,1.0,White,Unknown,Unknown,Unknown,Unknown,18,444,32,0,0,1,0,0,1,0,0,0,0,0,0,1,0,6.679599185844383,0.2
b6408bbf-81fa-4575-8382-c940351da188,Doodle,Doodle Girl Princess White Tops,composition white round neck shirt made 100 cotton short puffed sleeves graphic print front fitting regular wash care machine wash cold water like colours delicate cycle bleach tumble dry low lay flat dry warm iron needed iron print let princess find charming prince style fairytale inspired princess frog shirt doodle graphic print adds element sweetness cotton fabric keeps fresh comfortable day pair top shorts skirts sandals complete look,not found,299.0,299.0,Tops,Apparel,Topwear,1.0,White,Blended,Unknown,Round Neck,Casual,6,146,28,0,0,0,0,1,1,0,0,0,0,1,0,0,0,5.703782474656201,0.2
a95e6b59-2198-4f70-884e-c83c84b1c11f,Puma,Puma Men punk logo tee Yellow Tshirts,compositionlime yellow round neck shirt made 100 cotton brand name printed across chest puma jumping cat logo printed nape neckfittingregularwash caregentle machine wash like colours cool water 30 degreesdo bleachdo tumble drywarm irondo dry cleanlook great random day cool shirt puma pure cotton fabric sure keep fresh comfortable day pair slim fit denims canvas shoes create great urbane look model statisticsthe model wears size shirtsheight shoulders 18,not found,899.0,899.0,Tshirts,Apparel,Topwear,1.0,Yellow,Cotton,Regular Fit,Round Neck,Unknown,20,575,32,0,0,1,0,0,1,0,0,0,0,1,0,0,0,6.802394763324311,0.2
9f3f2c49-28b1-4165-8fab-6ed17db1c299,Doodle,Doodle Boy Athlethic Blue Tshirts,composition white blue round neck shirt made 100 cotton short raglan sleeves graphic print front fitting regular wash care machine wash cold water like colours delicate cycle bleach tumble dry low lay flat dry warm iron needed iron print let little boy begin sporting activities style double colored shirt doodle train skilled athletic sport sporting spirit cotton fabric keeps fresh comfortable day team shorts sneakers even sporty look,not found,399.0,399.0,Tshirts,Apparel,Topwear,1.0,Blue,Cotton,Regular Fit,Round Neck,Unknown,6,117,32,0,0,1,0,0,1,0,0,0,0,1,0,0,0,5.991464547107982,0.2
2eeb6651-b3e7-46db-9d11-e2528aa9f422,Puma,Puma Women Fluctuation Stones 159 Blue Watch,style notethis watch puma comes sporty design keeping feminine look stylish dial chunky casing gives watch tough appearance perfect navigating urban jungle product descriptiontwo buttons either side display crystal decoration top bottom watch facesynthetic strap white purple tang clasppurple digital dialalarm featuresolid case back made stainless steel enhanced durabilitywater resistant 10 barwarranty yearsmaterial carestainless steel plasticsizecase diameter 35 mmcase thickness mm,not found,4450.0,4450.0,Watches,Accessories,Watches,0.0,Purple,Unknown,Unknown,Unknown,Unknown,20,583,34,0,0,0,0,1,1,0,0,0,0,0,0,0,1,8.400884069015854,0.0
b3bb4606-87dd-49d0-b1f3-fd25d71350d8,Doodle,Doodle Boy Athlethic Red Tshirts,composition white red round neck shirt made 100 cotton short raglan sleeves graphic print front fitting regular wash care machine wash cold water like colours delicate cycle bleach tumble dry low lay flat dry warm iron needed iron print let little boy begin sporting activities style double colored shirt doodle train skilled athletic sport sporting spirit cotton fabric keeps fresh comfortable day team shorts sneakers even sporty look,not found,449.0,449.0,Tshirts,Apparel,Topwear,1.0,Red,Cotton,Regular Fit,Round Neck,Unknown,6,118,32,0,0,1,0,0,1,0,0,0,0,1,0,0,0,6.1092475827643655,0.2
1d257cf9-12f5-41d8-b605-dcacc7766814,Disney,Disney Unisex Kids Basic Black Flip Flops,take beach friend birthday party pair cool shorts polo tee rubber slippers disney upperrubber upper smooth comfort feetthong straps toe separator hold foot place add comfort stylemidsolesoft cushioned footbed day comfortmickey inspired prints footbedoutsoletpr outsole textures grip tractionoutsole contrast colourshoe carewipe surface soft clean damp clothdo machine washstore shoes away sunlight,not found,249.0,249.0,Flip Flops,Footwear,Flip Flops,0.0,Black,Unknown,Unknown,Unknown,Unknown,5,100,9,0,0,0,1,0,1,0,0,0,0,0,0,0,1,5.521460917862246,0.0
e0a214f7-9347-474f-9e68-d708dcba82e8,Inkfruit,Inkfruit Women Behind Cream Tshirts,compositionyellow round neck shirt made 100 cotton short sleeves graphic print frontfittingcomfortwash carehand wash separately cool water 30 degrees scrub bleach turn inside dry flat shade warm iron reversedo iron printflaunt pretty long legs style inkfruit shirt graphic print oozes sensuality cotton fabric keeps fresh comfortable day team short denim skirt high heeled sandals get behind wheel style model statisticsthe model wears size shirts height chest 33,not found,499.0,499.0,Tshirts,Apparel,Topwear,1.0,Cream,Cotton,Regular Fit,Round Neck,Unknown,12,335,32,0,0,0,0,1,1,0,0,0,0,1,0,0,0,6.214608098422191,0.2
9d66ce2f-0b71-40cc-bd93-1bdae495d162,Flying Machine,Flying Machine Women HS Orange Shirt,compositionwhite shirt orange checks blue accents made 100 cotton tipped collar full front buttoned placket two flap buttoned chest pockets short sleeves curved hemlinefittingregularwash carewash 30 degrees using mild detergentdo bleachdry shadecool irondesigned love semi formal outfits shirt flying machine subtly speaks volumes fashion statement team denims thin chain small solitaire absolute style model statisticsthe model wears size dressesheight chest 33,not found,899.0,449.0,Shirts,Apparel,Topwear,1.0,Orange,Cotton,Regular Fit,Unknown,Unknown,9,268,20,0,0,0,0,1,1,0,0,0,0,1,0,0,0,6.802394763324311,0.2
7fb84dc5-67f4-495a-bd58-f32afcff82cd,Puma,Puma Men ducati logo tee Yellow Tshirts,compositionyellow round neck shirt made 100 cotton ducati appliqu left chest ducati logo rubber print nape neckfitslimwash caregentle machine wash like colours cool water 30 degreesdo bleachdo tumble drywarm irondo dry cleansport shirt puma friends know motorsports fan midst ducati logo looks stylish logo back ups cool shirt looks best jeans casual shoes model statisticsthe model wears size shirtsheight shoulders 18,not found,1699.0,1699.0,Tshirts,Apparel,Topwear,1.0,Yellow,Blended,Regular Fit,Round Neck,Unknown,20,569,32,0,0,1,0,0,1,0,0,0,0,1,0,0,0,7.438383530044307,0.2
1e68ad7f-0324-4103-bb04-646406f0ca2a,Puma,Puma Men lifestyle graphitti White Tshirts,compositionwhite round neck shirt made 100 cotton brand name printed across chest puma jumping cat logo printed nape neckfittingregularwash caregentle machine wash like colours cool water 30 degreesdo bleachdo tumble drywarm irondo dry cleanlook great random day cool shirt puma pure cotton fabric sure keep fresh comfortable day pair slim fit denims canvas shoes create great urbane look model statisticsthe model wears size shirtsheight shoulders 18,not found,899.0,899.0,Tshirts,Apparel,Topwear,1.0,White,Cotton,Regular Fit,Round Neck,Unknown,20,572,32,0,0,1,0,0,1,0,0,0,0,1,0,0,0,6.802394763324311,0.2
c771da7a-971b-428b-84eb-466767e06d47,Puma,Puma Men puma shield tee Yellow Tshirts,compositionmustard yellow round neck shirt made 100 cotton brand name printed across chest puma jumping cat logo printed nape neckfittingregularwash caregentle machine wash like colours cool water 30 degreesdo bleachdo tumble drywarm irondo dry cleanlook great random day cool shirt puma pure cotton fabric keeps fresh comfortable day pair slim fit denims canvas shoes create great urbane look model statisticsthe model wears size shirtsheight shoulders 18,not found,899.0,899.0,Tshirts,Apparel,Topwear,1.0,Yellow,Cotton,Regular Fit,Round Neck,Unknown,20,574,32,0,0,1,0,0,1,0,0,0,0,1,0,0,0,6.802394763324311,0.2
5092623e-7ca6-4463-b3d2-de2d3b2d12a0,Doodle,Doodle Boy Road Trip Grey Tshirts,composition grey round neck shirt made 100 cotton short sleeves stitch detailing along hems side seams graphic print front fitting regular wash care machine wash cold water like colours delicate cycle bleach tumble dry low lay flat dry warm iron needed iron print take little boy road trip style grey shirt doodle let learn surroundings style cotton fabric keeps fresh comfortable day team shorts sneakers even sporty look,not found,349.0,349.0,Tshirts,Apparel,Topwear,1.0,Grey,Cotton,Regular Fit,Round Neck,Unknown,6,128,32,0,0,1,0,0,1,0,0,0,0,1,0,0,0,5.857933154483459,0.2
5c45d802-7b95-4b83-9c49-05b87379fe98,Disney,Disney Kids Welding Red Casual Shoes,cuddle little man looks decked fun sunny slip ons disney comfortable velcro strap enclosure pair looks cute capris tee uppercanvas upper fibre motifs disney logotoe guard rubber protect foot shockextra piping around collar avoid shoe bitesmidsolesoft foamy footbedlightweight phylon midsoleoutsolemulti textured rubber outsole great gripshoe caremake paste using tbsp baking soda tbsp white vinegar tbsp hot waterrub paste onto canvas sole using brushwash lukewarm water,not found,299.0,299.0,Casual Shoes,Footwear,Shoes,0.0,Red,Unknown,Unknown,Unknown,Unknown,5,99,5,0,0,0,0,1,1,0,0,0,0,0,0,0,1,5.703782474656201,0.0
654a2e0a-dbd2-4740-b9ae-0b5db5888960,Puma,Puma Men ducati heritage logo tee Red Tshirts,compositionred round neck shirt made 100 cotton ducati appliqu left chest ducati logo rubber print nape neckfitslimwash caregentle machine wash like colours cool water 30 degreesdo bleachdo tumble drywarm irondo dry cleansport shirt puma friends know motorsports fan midst ducati logo looks stylish logo back ups cool shirt looks best jeans casual shoes model statisticsthe model wears size shirtsheight shoulders 18,not found,1699.0,1699.0,Tshirts,Apparel,Topwear,1.0,Red,Cotton,Regular Fit,Round Neck,Unknown,20,568,32,0,0,1,0,0,1,0,0,0,0,1,0,0,0,7.438383530044307,0.2
887573d0-ac31-4d86-957e-62d3fb61f4a9,Puma,Puma Women poster tee White Tshirts,compositionwhite round neck shirt made 100 cotton screen print brand name chest puma leaping cat logo nape neck fittingslimwash caregentle machine wash like colours cool water 30 degreesdo bleachdo tumble drywarm irondo dry cleanget ready rock show shirt puma soft colour lends soothing effect look cut accentuates feminity pair slim denims flip flops casual look model statisticsthe model wears size shirtsheight chest 33,not found,999.0,999.0,Tshirts,Apparel,Topwear,1.0,White,Cotton,Regular Fit,Round Neck,Unknown,20,606,32,0,0,0,0,1,1,0,0,0,0,1,0,0,0,6.907755278982137,0.2
00a4e9e2-9fc3-4ed6-bca7-ec837eb4f073,Indigo Nation,Indigo Nation Men Check Blue Ties,intricate checkered purple black design alternating broad narrow checks tie indigo nation perfect match variety dress shirts classic white light blues purples length 153 cm made 100 handmade microfibre durability easy use broad purple black checks wider tongue collar region smaller ones knot narrow tongue region two navy blue stripes knot one loop brand badge inner broad tongue hold narrow tongue place tie care dry clean,not found,799.0,719.0,Ties,Accessories,Ties,0.0,Blue,Unknown,Unknown,Unknown,Unknown,11,299,27,0,0,1,0,0,0,0,1,0,0,1,0,0,0,6.684611727667927,0.0
d87d593c-5ef8-40bf-9f9a-ac29bf17c5d4,Indigo Nation,Indigo Nation Men Black Stripe Blue Ties,intricate checkered navy blue grey design alternating broad narrow checks tie indigo nation perfect match variety dress shirts classic white light blue grey length 153 cm made 100 handmade microfibre durability easy use broad navy blue grey checks wider tongue collar region smaller ones knot narrow tongue region two navy blue stripes knot one loop brand badge inner broad tongue hold narrow tongue place tie care dry clean,not found,799.0,719.0,Ties,Accessories,Ties,0.0,Blue,Unknown,Unknown,Unknown,Unknown,11,297,27,0,0,1,0,0,0,0,1,0,0,1,0,0,0,6.684611727667927,0.0
c15a2b92-a4f4-4c5b-ada5-25d33c41bf10,Puma,Puma Women cat line tee Purple Tshirts,compositionpurple shirt made 100 cotton neck screen print brand name chest puma leaping cat logo nape neckfittingslimwash caregentle machine wash like colours cool water 30 degreesdo bleachdo tumble drywarm irondo dry cleanget ready rock show shirt puma soft colour lends soothing effect look cut accentuates feminity pair slim denims flip flops casual look model statisticsthe model wears size shirtsheight chest 33,not found,899.0,899.0,Tshirts,Apparel,Topwear,1.0,Purple,Cotton,Regular Fit,V-Neck,Unknown,20,605,32,0,0,0,0,1,1,0,0,0,0,1,0,0,0,6.802394763324311,0.2
62bed486-8144-4885-9a47-ccbb1aaece91,Doodle,Doodle Boy Travel Red Tshirts,composition red round neck shirt made 100 cotton short sleeves stitch detailing side seams graphic print front fitting regular wash care machine wash cold water like colours delicate cycle bleach tumble dry low lay flat dry warm iron needed iron print let little boy launch flying adventure style red doodle shirt teach understand various cultures cotton fabric keeps fresh comfortable day team shorts sneakers even sporty look,not found,299.0,299.0,Tshirts,Apparel,Topwear,1.0,Red,Cotton,Regular Fit,Round Neck,Unknown,6,131,32,0,0,1,0,0,1,0,0,0,0,1,0,0,0,5.703782474656201,0.2
38872071-45ad-4d25-b1fa-fdfe7d449ddf,Puma,Puma Men Puma runhard tee Grey Tshirts,compositiongrey round neck shirt made 100 cotton screen print across chest puma jumping cat logo printed nape neckfittingregularwash caregentle machine wash like colours cool water 30 degreesdo bleachdo tumble drywarm irondo dry cleanpuma pays tribute origin sports run hard shirt look great random day cool shirt puma pair slim fit denims canvas shoes create great urbane look model statisticsthe model wears size shirtsheight shoulders 18,not found,899.0,899.0,Tshirts,Apparel,Topwear,1.0,Grey,Cotton,Regular Fit,Round Neck,Unknown,20,543,32,0,0,1,0,0,1,0,0,0,0,1,0,0,0,6.802394763324311,0.2
56f30bb1-64de-4ef4-bf27-89cf131aa074,Indigo Nation,Indigo Nation Men Check Grey Ties,intricate checkered silver grey design alternating broad narrow checks tie indigo nation perfect match variety dress shirts classic black blues browns greys length 153 cm made 100 handmade microfibre durability easy use broad silver grey checks wider tongue collar region smaller ones knot narrow tongue region two navy blue stripes knot one loop brand badge inner broad tongue hold narrow tongue place tie care dry clean,not found,799.0,799.0,Ties,Accessories,Ties,0.0,Grey,Unknown,Unknown,Unknown,Unknown,11,300,27,0,0,1,0,0,0,0,1,0,0,1,0,0,0,6.684611727667927,0.0
aee35b9e-968b-4d11-aaef-5d25fe07bf4a,Puma,Puma Men graphic story tee White Tshirts,compositionwhite round neck shirt made 100 cotton brand name printed across chest puma jumping cat logo printed nape neckfittingregularwash caregentle machine wash like colours cool water 30 degreesdo bleachdo tumble drywarm irondo dry cleanlook great random day cool shirt puma made pure cotton fabric sure keep fresh day pair slim fit denims canvas shoes create great urbane look model statisticsthe model wears size shirtsheight shoulders 18,not found,899.0,899.0,Tshirts,Apparel,Topwear,1.0,White,Cotton,Regular Fit,Round Neck,Unknown,20,571,32,0,0,1,0,0,1,0,0,0,0,1,0,0,0,6.802394763324311,0.2
acbe853c-dcc8-444c-a9e9-8cdfd9c10cca,Puma,Puma Men spine tee Yellow Tshirts,compositionyellow round neck shirt made 100 cotton brand name printed across chest puma jumping cat logo printed nape neckfittingregularwash caregentle machine wash like colours cool water 30 degreesdo bleachdo tumble drywarm irondo dry cleanlook great random day cool shirt puma pure cotton fabric sure keep fresh day pair slim fit denims canvas shoes create great urbane look model statisticsthe model wears size shirtsheight shoulders 18,not found,899.0,899.0,Tshirts,Apparel,Topwear,1.0,Yellow,Cotton,Regular Fit,Round Neck,Unknown,20,576,32,0,0,1,0,0,1,0,0,0,0,1,0,0,0,6.802394763324311,0.2
11270523-eb15-4db5-87b8-d1077e1e5df7,Carlton London,Carlton London Men CL Casual Green Casual Shoes,make trips club special suede slip ons carlton london look classy semi formal shoes casual fridays work uppersuede upper reinforced rubber toe boxslip structure ease wearelastic panel tongue sides flexi comfortmidsolesoft cushioned footbedeva midsole durabilityoutsoledurable rubber outsole square patterned outsole acting flex grooves traction pointsshoe carewipe surface soft clean damp cloth remove dustuse suede brush remove dust suede parts,not found,2495.0,2495.0,Casual Shoes,Footwear,Shoes,0.0,Green,Unknown,Unknown,Unknown,Unknown,1,5,5,0,0,1,0,0,1,0,0,0,0,0,0,0,1,7.822444729489319,0.0
92241f04-9e0b-4f61-84c6-16ea9b7fcd34,Inkfruit,Inkfruit Women Irritating Pink Tshirts,compositionfushia pink round neck shirt made 100 cotton short sleeves graphic print frontfittingcomfortwash carehand wash separately cool water 30 degrees scrub bleach turn inside dry flat shade warm iron reversedo iron printshoo away irritating people flaunting optic test styled graphic print shirt inkfruit cotton fabric keeps fresh comfortable day team jeans flip flops unparalleled cool model statisticsthe model wears size shirts height chest 33,not found,499.0,499.0,Tshirts,Apparel,Topwear,1.0,Pink,Cotton,Regular Fit,Round Neck,Unknown,12,337,32,0,0,0,0,1,1,0,0,0,0,1,0,0,0,6.214608098422191,0.2
21d26a9b-6528-472c-a33b-b09d94b15fa0,Puma,Puma Men Track Black Watch,watch puma comes heavy duty design assymentric dial chunky casing gives watch tough appearance perfect navigating urban jungle dial shape octagoncase diameter 32 cmwarranty yearsmetal case fixed bezel added durability style comforttextured rubber straps tang clasp comfort styleblack dial cat logo 12 hour marktime marked bold numeralsanalog dial showing time hours minutes secondsdate aperture hour markquartz movement time displaysolid case back made stainless steel enhanced durabilitywater resistant upto 50 metres,not found,5995.0,5995.0,Watches,Accessories,Watches,0.0,Black,Unknown,Unknown,Unknown,Unknown,20,560,34,0,0,1,0,0,1,0,0,0,0,0,0,0,1,8.698847859222488,0.0
3500a16a-7939-49e3-825b-d1b278d76036,Doodle,Doodle Boy Stop global warming Black Tshirts,composition black round neck shirt made 100 cotton short sleeves graphic print front fitting regular wash care machine wash cold water like colours delicate cycle bleach tumble dry low lay flat dry warm iron needed iron print join little girl spreading word save earth global warming black shirt doodle short sleeves chest print add element growing attitude little girl cotton fabric keeps fresh comfortable day pair top capris sneakers complete look,not found,299.0,299.0,Tshirts,Apparel,Topwear,1.0,Black,Cotton,Regular Fit,Round Neck,Unknown,6,130,32,0,0,1,0,0,1,0,0,0,0,1,0,0,0,5.703782474656201,0.2
2397156c-f503-4604-9e52-028e6ab14e3b,Indigo Nation,Indigo Nation Men Strip Blue Ties,classic hilt smart look navy blue tie indigo nation comes self ribs lend sophisticated look making perfect match variety dress shirts length 153 cm made 100 handmade microfibre durability easy use horizontal ribs towards end broad tongue thin diagonal ribs along middle plain fabric alternating horizontal ribs towards end narrow tongue one loop brand badge inner broad tongue hold narrow tongue place tie care dry clean,not found,799.0,719.0,Ties,Accessories,Ties,0.0,Blue,Unknown,Unknown,Unknown,Unknown,11,315,27,0,0,1,0,0,0,0,1,0,0,1,0,0,0,6.684611727667927,0.0
9d5d6810-101c-45a0-8174-14f4953ead38,Doodle,Doodle Girl Bubbles Red Tops,composition red neck shirt made 100 cotton short sleeves chest print fitting regular wash care machine wash cold water like colours delicate cycle bleach tumble dry low lay flat dry warm iron needed iron print gift bubbly little girl pretty comfortable shirt enhances cuteness style short sleeves chest print add element sweetness cotton fabric keeps fresh comfortable day pair top denim shorts sandals complete playmate look,not found,299.0,299.0,Tops,Apparel,Topwear,1.0,Red,Blended,Unknown,V-Neck,Casual,6,135,28,0,0,0,0,1,1,0,0,0,0,1,0,0,0,5.703782474656201,0.2
04a3a3a9-9d7f-471b-bf13-4494f1750eaf,Clarks,Clarks Women Prize Club Leather Black Wedges,sleek stylish pair sandals clarks adds elegance feet redefines feminity pair western ethnic wear look fab ways heel upperleather straps forefoot crossed midfoot buckled lateral ankleergonomically curved padded leather footbed day comfortoutsoledurable rubber outsole floral lugs forefoot grooved heel absolute grip tractionsandal carewipe surface dry clean cloth remove dust dirtuse branded leather condition straps necessary,not found,2999.0,2999.0,Flats,Footwear,Shoes,0.0,Black,Unknown,Unknown,Unknown,Casual,3,83,8,0,0,0,0,1,1,0,0,0,0,1,0,0,0,8.006367567650246,0.0
459f3819-1140-4084-8b00-6ff1b830049d,Doodle,Doodle Girl Little frock White Tops,composition white frock made 100 cotton tie bows shoulders lace styling front pleated panels hem brand badge left hem fitting regular wash care machine wash cold water like colours delicate cycle bleach tumble dry low lay flat dry warm iron needed iron print cute statement simply zooms high dress little girl white frock doodle team lacy white shoes make fairy,not found,499.0,499.0,Tops,Apparel,Topwear,1.0,White,Blended,Unknown,Shoulder Straps,Casual,6,144,28,0,0,0,0,1,1,0,0,0,0,1,0,0,0,6.214608098422191,0.2
976e52bf-6347-4739-90ae-92825ef6f3a0,Disney,Disney Kids Navy Blue Casual Shoes,cuddle little man fun sunny slip ons disney comfortable velcro strap enclosure shoe offers absolute comfort style uppercanvas upper fibre motifs disney logotoe guard rubber protect foot shockextra piping around collar avoid shoe bitesmidsolesoft foamy footbedlightweight phylon midsoleoutsolemulti textured rubber outsole great gripshoe caremake paste using tbsp baking soda tbsp white vinegar tbsp hot waterrub paste onto canvas sole using brushwash lukewarm water,not found,299.0,299.0,Casual Shoes,Footwear,Shoes,0.0,Navy Blue,Unknown,Unknown,Unknown,Unknown,5,96,5,1,0,0,0,0,1,0,0,0,0,0,0,0,1,5.703782474656201,0.0
5ec5267c-6023-4813-8905-a97132a5930b,Carlton London,Carlton London Men Semi oxfords Green Casual Shoes,make trips club special suede brogues carlton london look classy semi formal shoes paired slim fit canvas full sleeves shirt casual friday uppersuede upper patent brogue perforationscentral lacing suede tongue metallic liningmidsolemetallic footbed soft feelfull length eva midsole durabilityoutsoledurable rubber outsole protruding patterns added gripshoe carewipe surface soft clean damp cloth remove dustuse suede brush remove dust suede partsdo machine wash,not found,3295.0,3295.0,Casual Shoes,Footwear,Shoes,0.0,Green,Unknown,Unknown,Unknown,Unknown,1,13,5,0,0,1,0,0,1,0,0,0,0,0,0,0,1,8.100464891029363,0.0
cfacea3f-9463-4bae-80bb-00e8c24e75fe,United Colors of Benetton,United Colors of Benetton Men Printed Tan T-shirt,composition fawn coloured round neck shirt made 52 polyester 42 cotton short sleeves chest print fitting slim wash care wash dry separately wash inside mild detergent bleach dry shade indulge spirit colours shirt united colors benetton arty twist pair slim fit navy blue denims funky canvas shoes glamorous look model statistics model wears size shirts height shoulders 18,not found,1199.0,1199.0,Tshirts,Apparel,Topwear,0.0,Tan,Cotton,Regular Fit,Round Neck,Casual,24,716,32,0,0,1,0,0,1,0,0,0,0,1,0,0,0,7.090076835776092,0.0
5db6cb8c-f639-4e7b-94ef-52e3a606badb,Carlton London,Carlton London Men Semi oxfords Black Casual Shoes,make trips club special suede brogues carlton london look classy semi formal shoes paired slim fit canvas full sleeves shirt casual friday uppersuede upper patent brogue perforationscentral lacing suede tongue metallic liningmidsolemetallic footbed soft feelfull length eva midsole durabilityoutsoledurable rubber outsole protruding patterns added gripshoe carewipe surface soft clean damp cloth remove dustuse suede brush remove dust suede partsdo machine wash,not found,3295.0,3295.0,Casual Shoes,Footwear,Shoes,0.0,Black,Unknown,Unknown,Unknown,Unknown,1,12,5,0,0,1,0,0,1,0,0,0,0,1,0,0,0,8.100464891029363,0.0
cc6cb51f-920c-44a0-a1b1-8429770cb3d7,Doodle,Doodle Girl Little frock Pink Tops,composition pink frock made 100 cotton tie bows shoulders lace styling front pleated panels hem brand badge left hem fitting regular wash care machine wash cold water like colours delicate cycle bleach tumble dry low lay flat dry warm iron needed iron print cute statement simply zooms high dress little girl pink frock doodle team lacy shoes make fairy,not found,499.0,499.0,Tops,Apparel,Topwear,1.0,Pink,Blended,Unknown,Shoulder Straps,Casual,6,143,28,0,0,0,0,1,1,0,0,0,0,1,0,0,0,6.214608098422191,0.2
87a02996-d054-4108-b8d7-e7e5cd6273e2,Doodle,Doodle Girl Hot shorts ice wash Blue Shorts,composition navy blue denim shorts two side pockets two back pockets metallic embellishments zippered buttoned front closure fold hems loops waist fitting regular wash care machine wash cold water like colours delicate cycle bleach tumble dry low lay flat dry warm iron needed iron print cute statement simply zooms high dress little girl cute denim shorts doodle team shirt cute sandals let little one play much comfort,not found,699.0,699.0,Shorts,Apparel,Bottomwear,1.0,Blue,Cotton,Unknown,Unknown,Unknown,6,140,21,0,0,0,0,1,1,0,0,0,0,1,0,0,0,6.551080335043404,0.2
d9e23fcb-e3ec-4ecb-b5e7-72eaf065689f,Doodle,Doodle Girl Hot  Ice Wash Blue Shorts,composition light blue denim shorts two side pockets two back pockets metallic embellishments zippered buttoned front closure loops waist fitting regular wash care machine wash cold water like colours delicate cycle bleach tumble dry low lay flat dry warm iron needed iron print cute statement simply zooms high dress little girl cute denim shorts doodle team shirt cute sandals let little one play much comfort,not found,699.0,699.0,Shorts,Apparel,Bottomwear,1.0,Blue,Cotton,Unknown,Unknown,Unknown,6,139,21,0,0,0,0,1,1,0,0,0,0,1,0,0,0,6.551080335043404,0.2
6fe36a6e-045c-4575-b3cb-6b0814039cd0,Disney,Disney Unisex Kids Basic Yellow Flip Flops,take kid beach friend birthday party donning pair shorts tees along rubber slippers disney upperfoam upper smooth comfort feetthong straps toe separator hold foot place add comfort stylemidsolesoft cushioned footbed day comfortdonald duck inspired prints footbedoutsoletpr outsole textures grip tractionshoe carewipe surface soft clean damp clothdo machine washstore shoes away sunlight,not found,179.0,179.0,Flip Flops,Footwear,Flip Flops,0.0,Yellow,Unknown,Unknown,Unknown,Unknown,5,105,9,0,0,0,1,0,1,0,0,0,0,0,0,0,1,5.19295685089021,0.0
c569559a-03f4-447e-99fd-fcff69cc72db,Disney,Disney Unisex Kids Basic Navy Blue Flip Flops,take kid beach friend birthday party donning pair shorts tees along rubber slippers disney upperrubber upper smooth comfort feetthong straps toe separator hold foot place add comfort stylemidsolesoft cushioned footbed day comfortmickey inspired prints footbedoutsoletpr outsole textures grip tractionshoe carewipe surface soft clean damp clothdo machine washstore shoes away sunlight,not found,249.0,249.0,Flip Flops,Footwear,Flip Flops,0.0,Navy Blue,Unknown,Unknown,Unknown,Unknown,5,101,9,0,0,0,1,0,1,0,0,0,0,0,0,0,1,5.521460917862246,0.0
89beaf0b-02e5-43fd-a303-fb1bf9dd97f2,Disney,Disney Unisex Kids Basic Red Flip Flops,take kid beach friend birthday party donning pair shorts tees along rubber slippers disney upperfoam upper smooth comfort feetthong straps toe separator hold foot place add comfort stylemidsolesoft cushioned footbed day comfortmickey inspired prints footbedoutsoletpr outsole textures grip tractionshoe carewipe surface soft clean damp clothdo machine washstore shoes away sunlight,not found,199.0,199.0,Flip Flops,Footwear,Flip Flops,0.0,Red,Unknown,Unknown,Unknown,Unknown,5,103,9,0,0,0,1,0,1,0,0,0,0,0,0,0,1,5.298317366548036,0.0
c8c175f3-40e2-49e9-84bf-205f23002234,Doodle,Doodle Girl Princess Black Tops,composition black round neck shirt made 100 cotton short sleeves graphic print front fitting regular wash care machine wash cold water like colours delicate cycle bleach tumble dry low lay flat dry warm iron needed iron print dress little princess black shirt doodle let flaunt beautiful hair style tee short sleeves graphic print add element sweetness cotton fabric keeps fresh comfortable day pair top capris sandals complete look,not found,299.0,299.0,Tops,Apparel,Topwear,1.0,Black,Blended,Unknown,Round Neck,Casual,6,145,28,0,0,0,0,1,1,0,0,0,0,1,0,0,0,5.703782474656201,0.2
0c70a0e8-8aae-461e-8e51-c0076caa15a7,Puma,Puma Men Tshirt Trning White Polo Tshirts,compositionwhite polo shirt made polyester black patch torso screen print logo puma jumping cat left sleevefittingregularwash caregentle machine wash like colours cool water 30 degreesdo bleach tumble drywarm irondo dry cleanhit sweet note great lifestyle polo shirt puma work hang shirt stays cool body time pair track pants jeans great look model statisticsthe model wears size shirtsheight shoulders 18,not found,1699.0,1699.0,Tshirts,Apparel,Topwear,1.0,White,Blended,Unknown,Polo Collar,Casual,20,562,32,0,0,1,0,0,1,0,0,0,0,1,0,0,0,7.438383530044307,0.2
793b1069-dc2e-4c07-b27d-f30a421645b7,Disney,Disney Kids Princess Heart Pink Casual Shoes,see princess grow pretty lady slip ons disney uppercanvas upper fibre motifs disney logotoe guard rubber protect foot shockextra piping around collar avoid shoe biteselastic band connecting two sides snug fitmidsolesoft foamy footbedlightweight phylon midsoleoutsolemulti textured rubber outsole great gripshoe caremake paste using tbsp baking soda tbsp white vinegar tbsp hot waterrub paste onto canvas sole using brushwash lukewarm water,not found,299.0,299.0,Casual Shoes,Footwear,Shoes,0.0,Pink,Unknown,Unknown,Unknown,Unknown,5,97,5,0,0,0,0,1,1,0,0,0,0,0,0,0,1,5.703782474656201,0.0
5bd58ea0-eb14-43ff-99b7-1d4d4032b133,Disney,Disney Kids Girls Princess Heart Blue Casual Shoes,see princess grow pretty lady slip ons disney uppercanvas upper fibre motifs disney toe guard rubber protect foot shockextra piping around collar avoid shoe biteselastic band connecting two sides snug fitmidsolesoft foamy footbedlightweight phylon midsoleoutsolemulti textured rubber outsole great gripshoe caremake paste using tbsp baking soda tbsp white vinegar tbsp hot waterrub paste onto canvas sole using brushwash lukewarm water,not found,299.0,299.0,Casual Shoes,Footwear,Shoes,0.0,Blue,Unknown,Unknown,Unknown,Everyday,5,95,5,0,1,0,0,0,1,0,0,0,0,0,0,0,1,5.703782474656201,0.0
ad6fc9a6-7c63-4a93-93ae-ee3fad41576f,Flying Machine,Flying Machine Women RN White Tshirts,compositionwhite round neck shirt made 100 cotton short sleeves graphic print frontfittingregularwash caremachine wash cold waterdo tumble dryturn inside dryingdon dry direct sunlightuse warm irondo use iron print embroideryanchor style statement slipping flying machine shirt team jeans sandals flaunt fashion statement style cotton fabric keeps fresh comfortable day model statisticsthe model wears size shirtsheight chest 33,not found,499.0,249.0,Tshirts,Apparel,Topwear,1.0,White,Cotton,Regular Fit,Round Neck,Unknown,9,288,32,0,0,0,0,1,1,0,0,0,0,1,0,0,0,6.214608098422191,0.2
d24f9073-f65b-42ff-8476-a4dece6a7e80,Doodle,Doodle Boy Extream Racer Black Tshirts,composition black round neck shirt made 100 cotton short sleeves red stitch detailing sleeve shirt hems graphic print front fitting regular wash care machine wash cold water like colours delicate cycle bleach tumble dry low lay flat dry warm iron needed iron print encourage motor sport spirit little boy grand prix shirt doodle graphic print exudes car racer spirit fabric keeps fresh comfortable day team trousers sneakers smart look,not found,349.0,349.0,Tshirts,Apparel,Topwear,1.0,Black,Cotton,Regular Fit,Round Neck,Unknown,6,124,32,0,0,1,0,0,1,0,0,0,0,1,0,0,0,5.857933154483459,0.2
f279972f-8572-40c8-8040-600bb79b2cf8,Indigo Nation,Indigo Nation Men Stripe Grey Ties,classic hilt smart look silver tie indigo nation comes self ribs lend sophisticated look making perfect match variety dress shirts length 153 cm made 100 handmade microfibre durability easy use horizontal ribs towards end broad tongue thin diagonal ribs alternating plain fabric towards end narrow tongue one loop brand badge inner broad tongue hold narrow tongue place tie care dry clean,not found,799.0,719.0,Ties,Accessories,Ties,0.0,Grey,Unknown,Unknown,Unknown,Unknown,11,316,27,0,0,1,0,0,0,0,1,0,0,1,0,0,0,6.684611727667927,0.0
16d5c9c4-72f5-452b-ab68-d60a1069a8c8,Disney,Disney Unisex Kids Only Mickey Red Flip Flops,take beach friend birthday party pair cool shorts polo tee rubber slippers disney upperrubber upper smooth comfort feetthong straps toe separator hold foot place add comfort stylemidsolesoft cushioned footbed day comfortmickey inspired prints footbedoutsoletpr outsole textures grip tractionshoe carewipe surface soft clean damp clothdo machine washstore shoes away sunlight,not found,249.0,249.0,Flip Flops,Footwear,Flip Flops,0.0,Red,Unknown,Unknown,Unknown,Unknown,5,111,9,0,0,0,1,0,1,0,0,0,0,0,0,0,1,5.521460917862246,0.0
17008c62-016f-40c4-ab55-3fd828e286b8,Disney,Disney Unisex Kids Mini Mouse Pink Flip Flops,take kid beach friend birthday party pair shorts shirt rubber slippers disney upperfoam upper smooth comfort feetthong straps toe separator hold foot place add comfort stylemidsolesoft cushioned footbed day comfortbarbie inspired prints footbedoutsoletpr outsole textures grip tractionshoe carewipe surface soft clean damp clothdo machine washstore shoes away sunlight,not found,229.0,229.0,Flip Flops,Footwear,Flip Flops,0.0,Pink,Unknown,Unknown,Unknown,Unknown,5,110,9,0,0,0,1,0,1,0,0,0,0,0,0,0,1,5.438079308923196,0.0
238b7a19-0478-4b69-9fb3-b65f9bb80c0a,Disney,Disney Unisex Kids Mickey Mouse Yellow Flip Flops,take beach friend birthday party pair cool shorts polo tee rubber slippers disney upperrubber upper smooth comfort feetthong straps toe separator hold foot place add comfort stylemidsolesoft cushioned footbed day comfortmickey inspired prints footbedoutsoletpr outsole textures grip tractionshoe carewipe surface soft clean damp clothdo machine washstore shoes away sunlight,not found,249.0,249.0,Flip Flops,Footwear,Flip Flops,0.0,Yellow,Unknown,Unknown,Unknown,Unknown,5,107,9,0,0,0,1,0,1,0,0,0,0,0,0,0,1,5.521460917862246,0.0
98f828c2-7b7a-4804-bb1e-5e1187a993c7,Jealous 21,Jealous 21 Women Check Purple Shirt,compositiongreen purple checked collared shirt navy blue accents made 100 cotton short elasticated sleeves tie belt waistfittingregularwash caremachine hand wash separately mild detergentdo bleach wringdry shademedium ironif mood checked fun blouson shirt jealous 21 fulfil heart desire lan cotton fabric promises comfort smart checks guarantee attention pair leggings ballerina flats cute neat look model statisticsthe model wears size topsheight chest 33 waist 25,not found,1099.0,1099.0,Shirts,Apparel,Topwear,1.0,Purple,Cotton,Regular Fit,Unknown,Casual,13,342,20,0,0,0,0,1,1,0,0,0,0,1,0,0,0,7.003065458786462,0.2
e4a1cfc8-6215-4d18-86f8-d607851ae090,Indigo Nation,Indigo Nation Men Alnoite Black Belts,time favourite accessory belts form integral part dressing secure bottom act styling detail tops trousers leather belt indigo nation set pump style add wonder attire length 87 cmmade black leather crocodile texture durability styletang clasp offer snug fit hold belt placeholes customise fitstitch detailing contrast colour sides added durability stylebrand logo embossed tailcareuse brass polisher maintain buckle shineuse leather conditioner protect leather,not found,699.0,629.0,Belts,Accessories,Belts,1.0,Black,Unknown,Unknown,Unknown,Unknown,11,295,1,0,0,1,0,0,1,0,0,0,0,1,0,0,0,6.551080335043404,0.2
6af46eb3-36a0-4547-a249-154f388420cb,Disney,Disney Unisex Kids Pluto Green Flip Flops,take kid beach friend birthday party pair shorts tee rubber slippers disney upperfabric upper smooth comfort feetthong straps toe separator hold foot place add comfort stylemidsolesoft cushioned footbed day comfortmickey inspired prints footbedoutsoletpr outsole textures grip tractionshoe carewipe surface soft clean damp clothdo machine washstore shoes away sunlight,not found,249.0,249.0,Flip Flops,Footwear,Flip Flops,0.0,Green,Unknown,Unknown,Unknown,Unknown,5,112,9,0,0,0,1,0,1,0,0,0,0,0,0,0,1,5.521460917862246,0.0
8f68dd84-0f43-4502-be9b-6b2c09b7cfc7,Disney,Disney Unisex Kids Pluto Navy Blue Flip Flops,take kid beach friend birthday party pair shorts tee rubber slippers disney upperfabric upper smooth comfort feetthong straps toe separator hold foot place add comfort stylemidsolesoft cushioned footbed day comfortmickey inspired prints footbedoutsoletpr outsole textures grip tractionshoe carewipe surface soft clean damp clothdo machine washstore shoes away sunlight,not found,249.0,249.0,Flip Flops,Footwear,Flip Flops,0.0,Navy Blue,Unknown,Unknown,Unknown,Unknown,5,113,9,0,0,0,1,0,1,0,0,0,0,0,0,0,1,5.521460917862246,0.0
47fe3a1a-5dab-4b7d-bc5c-2d111b83574d,SCULLERS,Scullers Women Solid Black Tops,compositionblack polo shirt made 100 viscose short sleeves ruffles short buttoned placket frills around itfittingslimwash careonly hand wash cold water using mild detergentdo wring bleachflat dry shadewarm ironcelebrate femininity style scullers shirt frill ooze glamour feminity flabric flows freely enhancing silhouette pair denims funky canvas shoes cool look model statisticsthe model wears size shirtsheight chest 33 waist 25,not found,999.0,999.0,Tops,Apparel,Topwear,1.0,Black,Blended,Unknown,Shirt Collar,Casual,23,680,28,0,0,0,0,1,1,0,0,0,0,1,0,0,0,6.907755278982137,0.2
7c64d62d-8f6d-4412-a3e8-a8fa61405e7a,Indigo Nation,Indigo Nation Men Check Red Ties,classic hilt smart look shaded pink tie indigo nation comes pinstripes diamong print lends sophisticated look making perfect match variety dress shirts length 153 cm made 100 handmade microfibre durability easy use horizontal silver pinstripes diamond shapes style designed fading effect one loop brand badge inner broad tongue hold narrow tongue place tie care dry clean,not found,799.0,719.0,Ties,Accessories,Ties,0.0,Red,Unknown,Unknown,Unknown,Unknown,11,302,27,0,0,1,0,0,0,0,1,0,0,1,0,0,0,6.684611727667927,0.0
486649ce-ed12-4a4f-a6a9-f0041a912804,Clarks,Clarks Men Vieri Deck Leather Black Sandals,comfortable stylish vieri deck leather slipper clarks must wardrobe upperleather forefoot cross straps cushioned suede leather footbed day comfortstitch detailing durable comfort stylebranding heel ergonomic grooves footbed footbed stitched outsole durability outsoledurable rubber outsole multi directional grooves absolute grip tractioncareclean leather leather brushclean suede footbed using suede brushdo machine wash store direct sunlight,not found,2799.0,2799.0,Sandals,Footwear,Sandal,0.0,Black,Unknown,Unknown,Unknown,Unknown,3,77,18,0,0,1,0,0,1,0,0,0,0,1,0,0,0,7.937374696163295,0.0
8f38675d-dd49-4636-9d4f-ea3fc212e32a,SCULLERS,Scullers Women Solid Purple Tops,compositionpurple kurta made 100 viscose deep neck sequins yoke three quarter sleeves slits sidesfittingregularwash caredry clean onlydo steamdo bleachethnic back bang form dark purple kurta scullers look ethnically hip silky kurta sequined panels viscose accentuates figure team kurta leggings chunky accessories great look model statisticsthe model wears size kurtasheight chest 33 waist 25,not found,1299.0,1299.0,Tops,Apparel,Topwear,1.0,Purple,Blended,Unknown,V-Neck,Casual,23,684,28,0,0,0,0,1,1,0,0,0,0,1,0,0,0,7.170119543449628,0.2
283a513f-3696-4772-83f4-1a2ddada4ef0,Disney,Disney Unisex Kids Princess Heart Pink Flip Flops,take beach friend birthday party pair disney slippers short skirt top rubber slippers disney upperrubber upper smooth padded comfort thong straps toe separator hold foot place add comfort stylemidsolesoft cushioned footbed day comfortbarbie inspired prints footbedoutsoletpr outsole textures grip tractionshoe carewipe surface soft clean damp clothdo machine washstore shoes away sunlight,not found,229.0,229.0,Flip Flops,Footwear,Flip Flops,0.0,Pink,Unknown,Unknown,Unknown,Unknown,5,114,9,0,0,0,1,0,1,0,0,0,0,0,0,0,1,5.438079308923196,0.0
311bd832-3b4e-4fd2-873a-d2f51f136eed,Indigo Nation,Indigo Nation Men Green Check Black Ties,checkered black grey design broad narrow checks hints fluorescent green tie indigo nation perfect match variety dress shirts classic white black grey length 153 cm made 100 handmade microfibre durability easy use broad narrow grey black checks fluorescent green accents one loop brand badge inner broad tongue hold narrow tongue place tie care dry clean,not found,499.0,499.0,Ties,Accessories,Ties,0.0,Black,Unknown,Unknown,Unknown,Unknown,11,306,27,0,0,1,0,0,0,0,1,0,0,1,0,0,0,6.214608098422191,0.0
cf229f03-601d-4e2b-9ab5-08991968f404,Disney,Disney Unisex Kids Mickey Star Blue Flip Flops,take beach friend birthday party pair short skirt top rubber slippers disney upperrubber upper smooth comfort feetthong straps toe separator hold foot place add comfort stylemidsolesoft cushioned footbed day comfortdisney character inspired prints footbedoutsoletpr outsole textures grip tractionshoe carewipe surface soft clean damp clothdo machine washstore shoes away sunlight,not found,229.0,229.0,Flip Flops,Footwear,Flip Flops,0.0,Blue,Unknown,Unknown,Unknown,Unknown,5,108,9,0,0,0,1,0,1,0,0,0,0,0,0,0,1,5.438079308923196,0.0
9de99e75-05dd-4a92-92ae-cb2001ec95da,Jealous 21,Jealous 21 Women Check Purple Tops,compositionpurple tunic top kaftan sleeves made 100 viscose floral print looped belt around waistfittingslimwash caremachine wash hand wash separately mild detergentdo bleachdo wring drydry shademedium iron iron printit time go desi style grace floral prints fabric accentuate silhouette pair slacks denims pair pumps model statisticsthe model wears size topsheight chest 33 waist 25,not found,1099.0,1099.0,Tops,Apparel,Topwear,1.0,Purple,Blended,Unknown,Round Neck,Casual,13,343,28,0,0,0,0,1,1,0,0,0,0,1,0,0,0,7.003065458786462,0.2
9f2a3719-1348-403f-94d8-2f56a2ccc171,Carlton London,Carlton London Women Casual White Casual Shoes,slip ballerinas carlton london pump style quotient let feet play hide seek sunshine floral cut outs feel comfortable soft footbed stay focused style pretty pumps uppermade 100 polyurethane floral cut outmade shape ballerinapiping self colour snug fitmidsolecomfortable metallic footbedoutsoledurable rubber outsoleshoe carewipe surface soft clean damp cloth remove duststore shoes away sunlight,not found,1295.0,1295.0,Casual Shoes,Footwear,Shoes,0.0,White,Unknown,Unknown,Unknown,Unknown,1,17,5,0,0,0,0,1,1,0,0,0,0,0,1,0,0,7.16703787691222,0.0
ea188dfd-e5a0-4f01-92d4-bea444a1bf8b,Disney,Disney Unisex Kids Princess Heart Purple Flip Flops,take beach friend birthday party pair disney slippers short skirt top capris tee upperrubber upper smooth comfort feetthong straps toe separator hold foot place add comfort stylemidsolesoft cushioned footbed day comfortbarbie inspired prints footbedoutsoletpr outsole textures grip tractionshoe carewipe surface soft clean damp clothdo machine washstore shoes away sunlight,not found,229.0,229.0,Flip Flops,Footwear,Flip Flops,0.0,Purple,Unknown,Unknown,Unknown,Unknown,5,115,9,0,0,0,1,0,1,0,0,0,0,0,0,0,1,5.438079308923196,0.0
5fc78ebf-e464-4b6d-ae4b-0171f4883c87,Indigo Nation,Indigo Nation Men cataclasite Brown Belts,time favourite accessory belts form integral part dressing secure bottom act styling detail tops trousers leather belt indigo nation set pump style add wonder attire length 87 cmmade tan brown leather durability styletang clasp offer snug fit hold belt placeself colour stitch detailing lend rugged lookholes customise fitbrand logo embossed tailcareuse brass polisher maintain buckle shineuse leather conditioner protect leather,not found,899.0,809.0,Belts,Accessories,Belts,1.0,Brown,Unknown,Unknown,Unknown,Unknown,11,324,1,0,0,1,0,0,1,0,0,0,0,1,0,0,0,6.802394763324311,0.2
2a276569-8178-48de-95d5-d781dbebc09e,Disney,Disney Unisex Kids Mickey Star Red Flip Flops,take beach friend birthday party pair short skirt top rubber slippers disney upperrubber upper smooth comfort feetthong straps toe separator hold foot place add comfort stylemidsolesoft cushioned footbed day comfortmickey inspired prints footbedoutsoletpr outsole textures grip tractionshoe carewipe surface soft clean damp clothdo machine washstore shoes away sunlight,not found,229.0,229.0,Flip Flops,Footwear,Flip Flops,0.0,Red,Unknown,Unknown,Unknown,Unknown,5,109,9,0,0,0,1,0,1,0,0,0,0,0,0,0,1,5.438079308923196,0.0
de4871e1-ddf6-4ff4-80d7-4a3ac5915d91,Indigo Nation,Indigo Nation Men Printed Black Ties,perfect casual meetings black tie skull print indigo nation exudes naughty fun team jeans dress shirts suede shoes added style length 153 cm made 100 handmade microfibre durability easy use skull print silver fades away towards broad tongue designed fading effect one loop brand badge inner broad tongue hold narrow tongue place tie care dry clean,not found,799.0,719.0,Ties,Accessories,Ties,0.0,Black,Unknown,Unknown,Unknown,Unknown,11,311,27,0,0,1,0,0,1,0,0,0,0,1,0,0,0,6.684611727667927,0.0
276cd99a-ca9c-4dcd-9734-d76f9bb63af2,Puma,Puma Men Race Black Watch,watch puma comes heavy duty design assymentric dial chunky casing gives watch tough appearance perfect navigating urban jungle dial shape roundcase diameter 32 cmwarranty yearsstainless steel case fixed bezel added durability style comfortleather straps tang clasp comfort styleblack dial cat logo 12 hour markdate aperture hour markanalog time displaysolid case back made stainless steel enhanced durabilitywater resistant upto 100 metres,not found,4950.0,4950.0,Watches,Accessories,Watches,0.0,Black,Unknown,Unknown,Unknown,Unknown,20,544,34,0,0,1,0,0,1,0,0,0,0,0,0,0,1,8.507344855361422,0.0
f7431dd0-e390-48c8-a410-d4095800774c,Puma,Puma Women White Dial Chronograph Watch,watch puma comes heavy duty design stylish dial chunky casing remains feminine giving watch tough appearance perfect navigating urban jungle case diameter 27 mmdial shape rectanglewarranty yearsstainless steel case crystal encrusted bezelsynthetic straps tang claspblack dial jumping cat logothree time displaysdate aperture hour markscrew reset timesolid case back made stainless steel enhanced durabilitywater resistant 50 metres,not found,8450.0,8450.0,Watches,Accessories,Watches,0.0,White,Unknown,Unknown,Unknown,Unknown,20,603,34,0,0,0,0,1,1,0,0,0,0,0,0,0,1,9.042040056544483,0.0
3da37387-dce6-4416-8d66-ff9454e09c83,Nike,Nike Men Logo T-shirt Black Tshirts,compositionblack shirt made 100 cotton ribbed crew neck short sleeves screen print front club crest upper neck back fittingcomfortwash caremachine wash 30 degrees like coloursdo use bleach line dry shade inside warm iron iron print celebrate spirit popular brasif cbf core soccer team style vibrant cotton shirt nike team jeans brown suede shoes unparalleled cool fabric keeps fresh comfortable day long,not found,1195.0,1195.0,Tshirts,Apparel,Topwear,1.0,Black,Synthetic,Regular Fit,Round Neck,Unknown,18,450,32,0,0,1,0,0,1,0,0,0,0,1,0,0,0,7.086737934510577,0.2
d6ee6467-dbc2-43c1-89fb-9ce4e51efaac,Carlton London,Carlton London Men Formal Black Formal Shoes,perfect semi formal occasions pair leather shoes carlton london designed man loves experiment upperslip upper made pure leatherelastic panel two sides ease wearleather overlay heel cup added durabilitymidsolesoft footbed comfortfull length eva midsole extreme durabilityoutsoledurable rubber outsoleshoe carewipe surface soft clean damp cloth remove dustdo machine wash,na,2995.0,1198.0,Formal Shoes,Footwear,Shoes,0.0,Black,Unknown,Unknown,Unknown,Unknown,1,10,10,0,0,1,0,0,0,0,1,0,0,0,0,0,1,8.005033344637111,0.0
29b45a99-a3c8-4a9f-b675-f113ee743ee3,Indigo Nation,Indigo Nation Men chert Brown Belts,time favourite accessory belts form integral part dressing secure bottom act styling detail tops trousers leather belt indigo nation set pump style add wonder attire length 87 cmmade chocolate brown full grain leather durability styletang clasp offer snug fit hold belt placeholes customise fitbrand logo embossed tailcareuse brass polisher maintain buckle shineuse leather conditioner protect leather,not found,699.0,629.0,Belts,Accessories,Belts,1.0,Brown,Unknown,Unknown,Unknown,Unknown,11,325,1,0,0,1,0,0,1,0,0,0,0,1,0,0,0,6.551080335043404,0.2
b3fc4988-560e-41f0-ba5c-b1a914cdd132,Puma,Puma Men Turbo Black Chronograph Watch,watch puma comes heavy duty design stylish dial chunky casing gives watch tough appearance perfect navigating urban jungle case diameter 35 mmdial shape roundwarranty yearsplastic case gold bezelrubber straps tang claspblack dial branding 12 hour markthree time displaysdate aperture hour markbranding bezelpress reset timesolid case back made stainless steel durabilitywater resistant upto 50 meters,not found,9495.0,9495.0,Watches,Accessories,Watches,0.0,Black,Unknown,Unknown,Unknown,Unknown,20,563,34,0,0,1,0,0,1,0,0,0,0,0,0,0,1,9.158625936289503,0.0
4f7fcada-6ed7-4f8e-946a-8ac8492cea4e,Disney,Disney Unisex Kids Basic White Flip Flops,teach little one appreciate beauty nature leopard print floaters soft footbed padded straps offer absolute comfort upperdurable soft upper straps forefoot ankleextra padding ankle forefoot strapsstraps attached velcro fastenersmidsolesoft foamy footbedoutsolehorizontal grooves added gripshoe carewipe surface soft clean damp clothdo machine washstore shoes away sunlight,not found,299.0,299.0,Flip Flops,Footwear,Flip Flops,0.0,White,Unknown,Unknown,Unknown,Unknown,5,104,9,0,0,0,1,0,1,0,0,0,0,0,0,0,1,5.703782474656201,0.0
831a94d7-5dd2-43d8-b852-263527e9c6d6,Puma,Puma Men 917 Lo Paint Splatter White Casual Shoes,three things expect shoe inspired porsche 917 car steve mcqueen drove classic 1971 movie le mans speed grace style 917 series footwear puma offers upperfabric upper durable pu toe box formstripe absolute comfort durabilitypu foxing durabilitymidsolelightweight eva midsole comfort impact protectionoutsoledurable rubber outsole ergonomic grooves absolute grip traction,not found,2699.0,2699.0,Casual Shoes,Footwear,Shoes,1.0,White,Unknown,Unknown,Unknown,Unknown,20,502,5,0,0,1,0,0,1,0,0,0,0,1,0,0,0,7.90100705199242,0.2
160f902d-9495-4969-9146-b7a2a3eb7a67,Indigo Nation,Indigo Nation Men Orange Check Black Ties,checkered black white orange broad narrow checks tie indigo nation perfect match variety dress shirts classic white black grey length 153 cm made 100 handmade microfibre durability easy use broad narrow white orange black checks one loop brand badge inner broad tongue hold narrow tongue place tie care dry clean,not found,499.0,449.0,Ties,Accessories,Ties,0.0,Black,Unknown,Unknown,Unknown,Unknown,11,309,27,0,0,1,0,0,0,0,1,0,0,1,0,0,0,6.214608098422191,0.0
597beb49-afdc-4ecf-b56d-a68fd6a7d980,Puma,Puma Men Fluctuation Red Dial Watch,watch puma comes heavy duty design assymentric dial chunky casing gives watch tough appearance perfect navigating urban jungle dial shape rectanglecase diameter 32 cmwarranty yearsplastic case fixed bezel added durability style comforttextured rubber straps tang clasp comfort styleblack dial cat logo dialdigital time displaysolid case back made stainless steel enhanced durabilitywater resistant upto 100 metres,not found,3950.0,3950.0,Watches,Accessories,Watches,0.0,Red,Unknown,Unknown,Unknown,Unknown,20,524,34,0,0,1,0,0,1,0,0,0,0,0,0,0,1,8.281723990411392,0.0
6b1d0a2f-b73f-4639-9f43-b51532e55184,Indigo Nation,Indigo Nation Men diorite Black Belts,time favourite accessory belts form integral part dressing secure bottom act styling detail tops trousers leather belt indigo nation set pump style add wonder attire length 87 cmmade black full grain leather durability styletang clasp offer snug fit hold belt placeholes customise fitbrand logo embossed tailcareuse brass polisher maintain buckle shineuse leather conditioner protect leather,not found,699.0,629.0,Belts,Accessories,Belts,1.0,Black,Unknown,Unknown,Unknown,Unknown,11,326,1,0,0,1,0,0,1,0,0,0,0,1,0,0,0,6.551080335043404,0.2
8daa9ae3-b711-4242-b195-a2317ab31398,Indigo Nation,Indigo Nation Men basalt Black Belts,time favourite accessory belts form integral part dressing secure bottom act styling detail tops trousers leather belt indigo nation set pump style add wonder attire length 87 cmmade black full grain leather durability styletang clasp offer snug fit hold belt placeholes customise fitbrand logo embossed tailcareuse brass polisher maintain buckle shineuse leather conditioner protect leather,not found,899.0,809.0,Belts,Accessories,Belts,1.0,Black,Unknown,Unknown,Unknown,Unknown,11,323,1,0,0,1,0,0,1,0,0,0,0,1,0,0,0,6.802394763324311,0.2
037f8593-a929-4b52-9b6e-30de1fef5036,Carrera,Carrera Men Black and Grey Dial Watch,carrera watch industry five decades proven masters art creating high quality timepieces new range carrera watches fresh take classic watch models perfect urban wear case diameter 30 mmdial shape roundstainless steel octogonal case silvercolourrubber straps tang clasp brand inscriptionblack grey dial branding hour markdate aperture hour markmetallic handswater resistant 100 meters,not found,7950.0,7950.0,Watches,Accessories,Watches,0.0,Black,Unknown,Unknown,Unknown,Unknown,2,24,34,0,0,1,0,0,1,0,0,0,0,0,0,0,1,8.981052985901483,0.0
ce8b115c-007a-4b2b-9a43-54a5d753c8ac,Puma,Puma Men Race Luminous Black Chronograph Watch,watch puma comes heavy duty design stylish dial chunky casing gives watch tough appearance perfect navigating urban jungle case diameter 40 mmdial shape roundwarranty yearsstainless steel case rose gold bezelrubber straps tang claspblack dial branding 12 hour markthree time displaysdate aperture hour markscrew reset timesolid case back made stainless steel durabilitywater resistant upto 50 meters,not found,7795.0,7795.0,Watches,Accessories,Watches,0.0,Black,Unknown,Unknown,Unknown,Unknown,20,545,34,0,0,1,0,0,1,0,0,0,0,0,0,0,1,8.961366060627451,0.0
aa06ece5-d356-4047-8d19-13d929a56e23,Wildcraft,Wildcraft Unisex Olive Green Backpack,olive green black backpackone haul loop adjustable padded shoulder strapsone main zip compartmenttwo zip pockets two slip pockets frontpadded backwarranty years date purchase manufacturing defectsdisclaimer please note thread colour brand logo may vary image shownnote inner lining material colour may vary shown image,wildcraft welcomes live beyond cubicle range created designed tested adventure experts backpack wildcraft offers durability functionality like live edge,1095.0,711.0,Backpacks,Accessories,Bags,0.0,Olive,Unknown,Unknown,Unknown,Casual,26,771,0,0,0,0,1,0,1,0,0,0,0,0,0,0,1,6.999422467507961,0.0
da1d83ef-5f12-459c-a74a-65a27d435276,Carrera,Carrera Men Black Watch,carrera watch industry five decades proven masters art creating high quality timepieces new range carrera watches fresh take classic driver racer watch models perfect urban wear case diameter 40 mmdial shape rectanglestainless steel case copper gold colourrubber straps tang clasp brand inscriptionblack dial branding hour markthree sub dialsmetallic handswater resistant 100 meters,na,9950.0,9950.0,Watches,Accessories,Watches,0.0,Black,Unknown,Unknown,Unknown,Unknown,2,23,34,0,0,1,0,0,1,0,0,0,0,0,0,0,1,9.205428327615163,0.0
39846411-d667-4306-bfb0-b0d9c2d57223,Carlton London,Carlton London Women balle Grey Casual Shoes,flex feel free soft pumps fit feet like second skin bow forefoot makes ideal party wear uppersoft flexible upper bow forefoot metal studspeep toe cut stylemidsolesuede layer metallic bed insoleoutsoledurable rubber outsoleshoe carewipe surface soft clean damp cloth remove dustuse suede brush clean suede partsstore shoes away sunlight,not found,1295.0,1295.0,Casual Shoes,Footwear,Shoes,0.0,Cream,Unknown,Unknown,Unknown,Unknown,1,22,5,0,0,0,0,1,1,0,0,0,0,1,0,0,0,7.16703787691222,0.0
5d862db2-b90b-454f-9fce-7a76527645ba,Carlton London,Carlton London Women Glitterati Copper Platforms,groove beat 1970 sexy sequinned platforms dance like tomorrow feel lightest footbeds beneath uppersequinned upper stitched fabric layer beneathupper shape thong strapsmidsolesoft rubber footbed day comfortoutsoledurable rubber outsole grip smooth sufacesshoe carewipe surface soft clean damp cloth remove duststore shoes away sunlight,not found,1295.0,1295.0,Heels,Footwear,Shoes,0.0,Copper,Unknown,Unknown,Unknown,Unknown,1,18,13,0,0,0,0,1,1,0,0,0,0,1,0,0,0,7.16703787691222,0.0
878956b2-2d34-440e-a4bc-082103859e16,Puma,Puma Men Visor 3HD Black Watch,watch puma comes heavy duty design stylish dial chunky casing gives watch tough appearance perfect navigating urban jungle case diameter 32 mmdial shape squarewarranty yearsstainless steel case black bezelrubber straps tang claspblack dial branding hour markdate aperture hour markscrew reset timesolid case back made stainless steel durabilitywater resistant upto 50 meters,not found,5495.0,5495.0,Watches,Accessories,Watches,0.0,Black,Unknown,Unknown,Unknown,Unknown,20,565,34,0,0,1,0,0,1,0,0,0,0,0,0,0,1,8.611775833902186,0.0
bc96a96d-df75-4e0d-92b3-272ffa798c94,Puma,Puma Men Forcer 3HD White Dial Watch,watch puma comes heavy duty design stylish dial chunky casing gives watch tough appearance perfect navigating urban jungle case diameter 30 mmdial shape squarewarranty yearsstainless steel case bronze goldleather straps tang claspwhite dial branding 12 hour markdate aperture hour markscrew reset timesolid case back made stainless steel durabilitywater resistant upto 50 meters,not found,5450.0,5450.0,Watches,Accessories,Watches,0.0,White,Unknown,Unknown,Unknown,Unknown,20,525,34,0,0,1,0,0,1,0,0,0,0,0,0,0,1,8.603554357064281,0.0
935fecba-99f3-4114-9bd4-1e3cd2d4c830,Puma,Puma Men Top Forcer Black Watch,watch puma comes heavy duty design stylish dial chunky casing gives watch tough appearance perfect navigating urban jungle case diameter 30 mmdial shape squarewarranty yearsstainless steel case bronze goldrubber straps tang claspblack dial branding 12 hour markdate aperture hour markscrew reset timesolid case back made stainless steel durabilitywater resistant upto 50 meters,not found,6450.0,6450.0,Watches,Accessories,Watches,0.0,Black,Unknown,Unknown,Unknown,Unknown,20,559,34,0,0,1,0,0,1,0,0,0,0,0,0,0,1,8.771990436532242,0.0
4cc681a3-5667-4e53-9228-88028bc16a63,ESPRIT,ESPRIT Men Corso Silver Watch,case style stainless steel case fixed bezel added durability durable scratch resistant mineral crystal glassdial style silver dial embossed numbers silver embossed lines marking clock markings brand name 12 hour marking seconds chronograph clock marking textured centrestrap style stainless steel strap press clasp closurefeatures chronograph display seconds screw reset timewater resistance upto 50 meters allows use swimming divingwarranty years,taking traditional designs giving modern twist makes esprit watches timeless timepieces classic corso analog wrist watch esprit exception contemporary trendy affordable timepiece exquisite design highlights individuality,6495.0,6495.0,Free Gifts,Free Items,Free Gifts,0.0,Steel,Unknown,Unknown,Unknown,Unknown,7,149,11,0,0,1,0,0,1,0,0,0,0,0,0,0,1,8.778941881841513,0.0
0b75b3e1-cedb-4d8b-8dfa-9f4e575ff265,Carrera,Carrera Men White Dial Watch,carrera watch industry five decades proven masters art creating high quality timepieces new range carrera watches fresh take classic watch models perfect urban wear case diameter 35 mmdial shape rectanglestainless steel case silverleather straps tang claspwhite dial branding 12 hour markthree time displaysscrew reset timewater resistant upto 100 meters,not found,9950.0,9950.0,Watches,Accessories,Watches,0.0,Brown,Unknown,Unknown,Unknown,Unknown,2,46,34,0,0,1,0,0,1,0,0,0,0,0,0,0,1,9.205428327615163,0.0
fb0c3718-4f15-42aa-b3b1-a078ed241c51,Puma,Puma Men 917 Mid Spill White Casual Shoes,upper fabric upper durable pu toe box formstripe absolute comfort durability high ankle mouth velcro strap lace system snug customized fit pu foxing durability midsole lightweight eva midsole comfort impact protection outsole durable rubber outsole ergonomic grooves absolute grip traction,talk style comfort rolled one theres great buy puma team pair jeans tee casual look,2999.0,2999.0,Casual Shoes,Footwear,Shoes,1.0,White,Unknown,Unknown,Unknown,Unknown,20,503,5,0,0,1,0,0,1,0,0,0,0,1,0,0,0,8.006367567650246,0.2
23ab961a-8f20-43ae-95c5-3e28d8b2e001,ESPRIT,Esprit Women Cascade Grey Dial Watch,case style stainless steel case embellished crystals fixed bezel leather strap looping around added durability durable scratch resistant mineral crystal glass topdial style analog watch grey dial numbered 12 clock hour markings brand name hour markingstrap style grey textured leather strap buckle clasp closurefeatures quartz movement time display screw reset timewater resistant allows use washing handswarranty years,sophisticated elegantly designed timepieces makes esprit master craftsmanship watches classic cascade analog wrist watch esprit exception contemporary trendy affordable timepiece exquisite design highlights individuality,6995.0,6995.0,Free Gifts,Free Items,Free Gifts,0.0,Grey,Unknown,Unknown,Unknown,Unknown,7,173,11,0,0,0,0,1,1,0,0,0,0,0,0,0,1,8.853093836138493,0.0
67e588a4-64d1-4530-86b0-7ac71be35944,Puma,Puma Men Beat Black Dial Digital Watch,watch puma comes heavy duty design stylish dial chunky casing gives watch tough appearance perfect navigating urban jungle case diameter 20 mmdial shape rectanglewarranty yearsplastic case whiterubber straps tang claspblack dial branding bezeldigital time displaypress reset timesolid case back made stainless steel durabilitywater resistant upto 50 meters,na,4495.0,4495.0,Watches,Accessories,Watches,0.0,Black,Unknown,Unknown,Unknown,Unknown,20,506,34,0,0,1,0,0,1,0,0,0,0,0,0,0,1,8.410943391573527,0.0
f195fb56-10c9-45c2-a409-e8e8711bea60,Puma,Puma Women Temptation 93 Black Watches,watch puma comes heavy duty design stylish dial chunky casing gives watch tough appearance perfect navigating urban jungle case diameter 33 mmdial shape octogonalwarranty yearsstainless steel case silver colourleather straps tang claspblack dial branding near hour markscrew reset timesolid case back made stainless steel durability,not found,4450.0,4450.0,Watches,Accessories,Watches,0.0,Black,Unknown,Unknown,Unknown,Unknown,20,598,34,0,0,0,0,1,1,0,0,0,0,0,0,0,1,8.400884069015854,0.0
cd17dbea-6d4d-46c8-bbf6-ad6e91863499,Puma,Puma Women Temptation Black Watch,watch puma comes heavy duty design stylish dial chunky casing gives watch tough appearance perfect navigating urban jungle case diameter 33 mmdial shape octogonalwarranty yearsstainless steel case gold colourleather straps tang claspblack dial branding near hour markscrew reset timesolid case back made stainless steel durability,not found,5450.0,5450.0,Watches,Accessories,Watches,0.0,Black,Unknown,Unknown,Unknown,Unknown,20,599,34,0,0,0,0,1,1,0,0,0,0,0,0,0,1,8.603554357064281,0.0
f7698554-1cc3-4694-bf50-94424449f41f,SCULLERS,Scullers Women Solid White Scarves,compositionoff white knitted woollen scarf horizontal ribs ribbed hemlinewash careonly hand wash using mild detergentdo bleachhang drydo ironcelebrate lifestyle scullers scarf choices come wrap around neck let hang loose torso windy day simply wear like muffler tucked coat wintery day,not found,699.0,699.0,Scarves,Accessories,Scarves,1.0,White,Unknown,Unknown,Unknown,Unknown,23,685,19,0,0,0,0,1,1,0,0,0,0,1,0,0,0,6.551080335043404,0.2
72f3030e-9bf4-42e7-8185-1b790b982607,SCULLERS,Scullers Women Solid Purple Scarves,compositionpurple knitted woollen scarf horizontal ribs ribbed hemlinewash careonly hand wash using mild detergentdo bleachhang drydo ironcelebrate lifestyle scullers scarf choices come wrap around neck let hang loose torso windy day simply wear like muffler tucked coat wintery day,not found,699.0,699.0,Scarves,Accessories,Scarves,1.0,Purple,Unknown,Unknown,Unknown,Unknown,23,683,19,0,0,0,0,1,1,0,0,0,0,1,0,0,0,6.551080335043404,0.2
7ed8ef17-20d6-48fc-bdcf-f8090615c29d,SCULLERS,Scullers Women Solid Black Scarves,compositionblack knitted woollen scarf horizontal ribs ribbed hemlinewash careonly hand wash using mild detergentdo bleachhang drydo ironcelebrate lifestyle scullers scarf choices come wrap around neck let hang loose torso windy day simply wear like muffler tucked coat wintery day,not found,699.0,699.0,Scarves,Accessories,Scarves,1.0,Black,Unknown,Unknown,Unknown,Unknown,23,679,19,0,0,0,0,1,1,0,0,0,0,1,0,0,0,6.551080335043404,0.2
41ecf3ce-0119-4341-9d21-cfb1f31c5d6d,SCULLERS,Scullers Women Solid Blue Scarves,compositionblue knitted woollen scarf horizontal ribs ribbed hemlinewash careonly hand wash using mild detergentdo bleachhang drydo ironcelebrate lifestyle scullers scarf choices come wrap around neck let hang loose torso windy day simply wear like muffler tucked coat wintery day,not found,699.0,699.0,Scarves,Accessories,Scarves,1.0,Blue,Unknown,Unknown,Unknown,Unknown,23,681,19,0,0,0,0,1,1,0,0,0,0,1,0,0,0,6.551080335043404,0.2
0261fc45-ebcb-49d0-a66e-27b934107bd9,Carlton London,Carlton London Men Brown Shoes,uppersynthetic leather suede upper suede toe boxtwo velcro straps enclosure passing metallic eyelets snug fitsuede overlay heel cup areamidsolesoft cushioned footbedfull length eva midsole longevityoutsolemidsole stitched outsole extra durabilitytextured durable rubber outsole added grip traction,make trips club special suede slip ons carlton london look classy casual shoes paired slim fit jeans full sleeves shirt casual friday,2795.0,2795.0,Casual Shoes,Footwear,Shoes,0.0,Brown,Unknown,Unknown,Unknown,Everyday,1,3,5,0,0,1,0,0,1,0,0,0,0,0,0,0,1,7.935945103353701,0.0
ad6cce3e-2e88-4ca6-849c-64ce252ecc1c,Disney,Disney Unisex Kids Daisy Pink Sandals,durable soft upper straps forefoot midfootextra padding ankle forefoot strapsstraps attached velcro fasteners bridge padding forefoot ankle straps snug fitpull loop attached ankle strap ease wearsoft foamy fun footbed textured designhorizontal grooves across outsole great grip,let little child play much glee slip resistant sandals disney sure love choice see kid playing utmost ease sandals,299.0,299.0,Sandals,Footwear,Sandal,0.0,Pink,Unknown,Unknown,Unknown,Unknown,5,106,18,0,0,0,1,0,1,0,0,0,0,0,0,0,1,5.703782474656201,0.0
034de7ba-8077-4992-a771-8fb82eeb7622,SCULLERS,Scullers Men Stripes Blue Sweaters,wash care pre soak garment wash preferably hand wash inside zippers buttons fastened using mild detergents wash dark colours separately attempt remove stains spot washing flat dry drip dry hanger avoid wringing preferably steam iron,not found,1599.0,1599.0,Sweaters,Apparel,Topwear,1.0,Black,Unknown,Unknown,Unknown,Unknown,23,669,25,0,0,1,0,0,1,0,0,0,0,1,0,0,0,7.3777589082278725,0.2
3bedbd27-621b-4d08-b510-0feb4fecaf30,SCULLERS,Scullers Men Red Check Shirt,wash care pre soak garment wash preferably hand wash inside zippers buttons fastened using mild detergents wash dark colours separately attempt remove stains spot washing flat dry drip dry hanger avoid wringing preferably steam iron,not found,1999.0,1999.0,Shirts,Apparel,Topwear,1.0,Red,Cotton,Regular Fit,Unknown,Casual,23,667,20,0,0,1,0,0,1,0,0,0,0,1,0,0,0,7.600902459542082,0.2
952347fc-8348-4bfb-88ea-b65bffaf7eeb,Wrangler,Wrangler Men Green Polo T-shirt,green polo shirt made 100 cotton ribbed tipped collar black white lining fabric tape detailing inseam short sleeves ribbed hems white lining vented hem white tape inseam slits white lining along hem appliqu collection number left chest appliqu branding right chest,designed man regal style polo shirt wrangler made pure cotton keep fresh comfortable day ribbed sleeve hems sit snugly around well toned arms vented hem provides comfortable fit team tee denims sandals wide range available myntra semi formal casual events,1195.0,1195.0,Tshirts,Apparel,Topwear,1.0,Green,Cotton,Regular Fit,Polo Collar,Casual,27,808,32,0,0,1,0,0,1,0,0,0,0,1,0,0,0,7.086737934510577,0.2
30e909a5-820c-4e94-a36e-76507e336509,New Balance,New Balance M364 Men Others Xtraining White Sports Shoes,put new balance m364 casual run take shower put right back go friends shoe guy whose lifestyle athletic stimulating made neat fusion leather synthetic materials assured rsquo logging miles shoe racetrack dance floor,not found,2699.0,2699.0,Sports Shoes,Footwear,Shoes,0.0,White,Unknown,Unknown,Unknown,Unknown,17,427,24,0,0,1,0,0,0,0,0,0,1,1,0,0,0,7.90100705199242,0.0
d1121204-e133-4439-9a5e-a4560d09c920,Flying Machine,Flying Machine Men Green Polo Tshirts,turquoise green pique polo neck shirt made 100 cotton ribbed collar contrast ribbed sleeve hems tape detailing inseam collar buttoned chest placket embroidered brand name left chest right sleeve appliqued brand tab left hem huge applique print combo back vented hems,stylish hilt cotton shirt flying machine designed never compromise comfort looks huge club beats applique print combo adds dash energy tee ribbed sleeve hems sit snug well toned arms cotton fabric keeps fresh comfortable day team shirt jeans sports shoes flaunt fashion statement style,1099.0,1099.0,Tshirts,Apparel,Topwear,1.0,Blue,Cotton,Regular Fit,Polo Collar,Casual,9,235,32,0,0,1,0,0,1,0,0,0,0,1,0,0,0,7.003065458786462,0.2
97b55dc8-71bd-4cc5-9a78-955d4509f88c,Clarks,Clarks Men Black Leather Loafers,pair black loafersleather upper elasticated gussets either side mouthcomplete sheepskin inner liningeva midsolesoft leather footbed soft tread technology heeltextured rubber outsolewarranty months manufacturing defectswarranty provided brand owner manufacturer,clarks adds touch fashion style casual ensemble trendy pair shoes could also match semi formals smart casuals,3999.0,3999.0,Casual Shoes,Footwear,Shoes,0.0,Black,Unknown,Unknown,Unknown,Smart Casual,3,51,5,0,0,1,0,0,0,0,0,1,0,1,0,0,0,8.294049640102028,0.0
6ffef8de-4129-4c22-bfad-4a56d23fa88c,Flying Machine,Flying Machine Men Black Polo Tshirts,black polo shirt made 100 cotton ribbed collar buttoned chest placket short sleeves ribbed hems embroidered brand logo right sleeve paneling chest coloured panels left brand print back neck brand tab left hem vented hems,stylish hilt cotton shirt flying machine designed never compromise comfort looks ribbed sleeve hems sit snug well toned arms cotton fabric keeps fresh comfortable day team shirt jeans sports shoes flaunt fashion statement style,799.0,799.0,Tshirts,Apparel,Topwear,1.0,Black,Cotton,Regular Fit,Polo Collar,Casual,9,224,32,0,0,1,0,0,1,0,0,0,0,1,0,0,0,6.684611727667927,0.2
1af7c3f6-a757-4793-8c88-fd24249cfb8e,Wrangler,Wrangler Men White Polo Tshirts,white polo neck shirt made 100 cotton ribbed tipped collar buttoned chest placket short sleeves ribbed hems branding left sleeve vented hem stitch detailing back neck shoulder line appliqu embroidered badge left chest,designed man understands believes freedom style wrangler provides polo shirt made pure cotton keep fresh comfortable day ribbed sleeve hems sit snugly around well toned arms vented hem provides comfortable fit team tee denims suede shoes wide range available myntra semi formal casual events,1195.0,1195.0,Tshirts,Apparel,Topwear,1.0,White,Cotton,Regular Fit,Polo Collar,Casual,27,847,32,0,0,1,0,0,1,0,0,0,0,1,0,0,0,7.086737934510577,0.2
b12e8191-b019-4f35-8570-8f5c9279f226,Reebok,Reebok Unisex Black Sports Sandals,open toed black sports sandals velcro closuressynthetic upper straps across forefoot velcro closure brandinghas ankle loop velcro closure brandingtextured footbedtough textured outsole patterned nubswarranty months date purchase manufacturing defects,float comfort pair sports sandals reebok comfortable yet sturdy great stroll park walk trek trail,1799.0,1799.0,Sports Sandals,Footwear,Sandal,1.0,Black,Unknown,Unknown,Unknown,Unknown,21,628,23,0,0,0,1,0,1,0,0,0,0,1,0,0,0,7.495541943884256,0.2
0b992b46-3396-4564-93fc-1fa1ba6eaf9d,Wrangler,Wrangler Men Blue Polo Tshirts,blue polo neck shirt made 100 cotton ribbed tipped collar buttoned chest placket short sleeves ribbed hems branding left sleeve vented hem stitch detailing back neck shoulder line appliqu embroidered badge left chest,designed man understands believes freedom style wrangler provides polo shirt made pure cotton keep fresh comfortable day ribbed sleeve hems sit snugly around well toned arms vented hem provides comfortable fit team tee denims suede shoes wide range available myntra semi formal casual events,1195.0,1195.0,Tshirts,Apparel,Topwear,1.0,Blue,Cotton,Regular Fit,Polo Collar,Casual,27,781,32,0,0,1,0,0,1,0,0,0,0,1,0,0,0,7.086737934510577,0.2
d6d71bd3-6a45-4640-af1f-298e6b005f9e,Flying Machine,Flying Machine Men Grey Tshirts,grey pique polo neck shirt made 100 cotton ribbed collar sleeve hems blue yellow tipping tape detailing inseam collar buttoned chest placket embroidered branding left chest appliqued brand tab left hem vented hems,stylish hilt cotton shirt flying machine designed never compromise comfort looks ribbed sleeve hems sit snug well toned arms cotton fabric keeps fresh comfortable day team shirt jeans sports shoes flaunt fashion statement style,899.0,899.0,Tshirts,Apparel,Topwear,1.0,Grey,Cotton,Regular Fit,Polo Collar,Casual,9,237,32,0,0,1,0,0,1,0,0,0,0,1,0,0,0,6.802394763324311,0.2
139540f8-fbae-4790-acfe-1d08529e5269,Reebok,Reebok Kids Kkr Boy's Premium Blue Jerseys,wash care machine wash lukewarm water 40 degrees using mild detergent wash dark colours separately soak bleach tumble dry dry shade warm iron dry clean iron directly print trims logo,not found,1499.0,1499.0,Tshirts,Apparel,Topwear,1.0,Blue,Polyester,Regular Fit,Round Neck,Sports,21,608,32,1,0,0,0,0,0,0,0,0,1,0,0,1,0,7.313220387090301,0.2
4e5da107-a36b-4306-b448-d3e9e645e7ca,Flying Machine,Flying Machine Men Green Polo Tshirts,green pique polo neck shirt made 100 cotton ribbed collar sleeve hems white purple tipping tape detailing inseam collar buttoned chest placket embroidered branding left chest appliqued brand tab left hem vented hems,stylish hilt cotton shirt flying machine designed never compromise comfort looks ribbed sleeve hems sit snug well toned arms cotton fabric keeps fresh comfortable day team shirt jeans sports shoes flaunt fashion statement style,899.0,899.0,Tshirts,Apparel,Topwear,1.0,Green,Cotton,Regular Fit,Polo Collar,Casual,9,235,32,0,0,1,0,0,1,0,0,0,0,1,0,0,0,6.802394763324311,0.2
cb9418a1-ff51-4033-a2e4-7a3ed154bb35,Flying Machine,Flying Machine Men Pink Polo Tshirts,fuschia pink white striped polo neck shirt made 100 cotton ribbed collar printed lettering ribbed sleeve hems tape detailing inseam collar buttoned chest placket embroidered brand name left chest appliqued brand tab left hem vented hems,stylish hilt cotton shirt flying machine designed never compromise comfort looks ribbed sleeve hems sit snug well toned arms cotton fabric keeps fresh comfortable day team shirt jeans sports shoes flaunt fashion statement style,899.0,899.0,Tshirts,Apparel,Topwear,1.0,Pink,Cotton,Regular Fit,Polo Collar,Casual,9,248,32,0,0,1,0,0,1,0,0,0,0,1,0,0,0,6.802394763324311,0.2
532f4a47-c61c-4074-ba7a-cb7b58f3f5be,Palm Tree,Palm Tree Girl's Cr Blossom Drs Pink Dresses,wash care machine wash separately cold water use mild detergent bleach avoid soaking remove promptly line dry inside shade warm iron iron directly print embroidery,not found,649.0,324.0,Dresses,Apparel,Dress,1.0,Pink,Blended,Unknown,Round Neck,Unknown,19,495,7,0,0,0,0,1,1,0,0,0,0,0,0,1,0,6.476972362889683,0.2
07441e67-a44b-4b28-8311-cb689ef1dfea,Palm Tree,Palm Tree Girls Sp Jace Sko White Skirts,wash care machine wash separately cold water use mild detergent bleach avoid soaking remove promptly line dry inside shade warm iron iron directly print embroidery,not found,649.0,324.0,Skirts,Apparel,Bottomwear,1.0,White,Unknown,Unknown,Unknown,Unknown,19,496,22,0,0,0,0,1,1,0,0,0,0,0,0,1,0,6.476972362889683,0.2
c61aa147-fff1-40e8-b881-c69cdbe72a3e,Palm Tree,Palm Tree Kids Sp Jema Skt Blue Skirts,wash care machine wash separately cold water use mild detergent bleach avoid soaking remove promptly line dry inside shade warm iron iron directly print embroidery,not found,549.0,274.0,Skirts,Apparel,Bottomwear,1.0,Blue,Unknown,Unknown,Unknown,Unknown,19,500,22,0,0,0,0,1,1,0,0,0,0,0,0,1,0,6.309918278226516,0.2
c64cf731-9581-4c8b-bb99-5154d9d0b822,Gini and Jony,Gini And Jony Vini Romper Pink T-Shirts,wash care machine wash separately cold water use mild detergent bleach avoid soaking remove promptly line dry inside shade warm iron iron directly print embroidery,not found,699.0,349.0,Tshirts,Apparel,Topwear,1.0,Pink,Synthetic,Regular Fit,Round Neck,Unknown,10,292,32,0,0,0,0,1,1,0,0,0,0,0,0,1,0,6.551080335043404,0.2
1aa704df-166c-45e1-8e5b-b209f61a460a,Palm Tree,Palm Tree Kids Girls Sp Jema Skt Blue Skirts,wash care machine wash separately cold water use mild detergent bleach avoid soaking remove promptly line dry inside shade warm iron iron directly print embroidery,not found,549.0,274.0,Skirts,Apparel,Bottomwear,1.0,Blue,Unknown,Unknown,Unknown,Unknown,19,499,22,0,0,0,0,1,1,0,0,0,0,0,0,1,0,6.309918278226516,0.2
3cd2e3b5-262b-4404-885b-e3ed7c3ea3d8,Carrera,Carrera Men Round Dial PU Strap Black Watches,carrera watch industry five decades proven masters art creating high quality timepieces new range carrera watches fresh take classic drivers rsquo racers rsquo watch models perfect urban wear,na,9950.0,9950.0,Watches,Accessories,Watches,0.0,Black,Unknown,Unknown,Unknown,Unknown,2,35,34,0,0,1,0,0,1,0,0,0,0,0,0,0,1,9.205428327615163,0.0
bbde6717-a35f-4213-a0cc-7bad7c20b7db,Flying Machine,Flying Machine Men Grey Polo Tshirts,walnut brown pique polo shirt made 100 cotton ribbed collar sleeve hems tape detailing inseam collar buttoned chest placket short sleeves branding printed right sleeve embroidered brand logo left chest vented hem,stylish hilt cotton shirt flying machine designed never compromise comfort looks ribbed sleeve hems sit snug well toned arms cotton fabric keeps fresh comfortable flaunt earthly residence team shirt jeans sports shoes flaunt fashion statement style,899.0,899.0,Tshirts,Apparel,Topwear,1.0,Grey,Cotton,Regular Fit,Polo Collar,Casual,9,236,32,0,0,1,0,0,1,0,0,0,0,1,0,0,0,6.802394763324311,0.2
65c6a4b3-510e-47e2-afe7-1c4e6be9fb4d,United Colors of Benetton,United Colors of Benetton Men Polo Black Tshirts,black johnny neck shirt made 100 cotton full arm sleeves ribbed sleeve shirt hems grey tipped collar red black checked johnny neck white lining along neckline grey lining sleeve hems,subtle stylish shirt united colors benetton speaks volumes sense heightened style contrast coloured johnny neck enhances style statement sleeves sit snug keeping winter chill bay team jeans sports shoes cool casual look,2399.0,2399.0,Tshirts,Apparel,Topwear,1.0,Black,Cotton,Regular Fit,Polo Collar,Casual,24,708,32,0,0,1,0,0,1,0,0,0,0,1,0,0,0,7.783224016336037,0.2
b2e77ea0-b44e-4393-8b08-6a4c7b0f457c,Flying Machine,Flying Machine Men White Polo Tshirts,white polo shirt made 100 cotton ribbed collar blue tape detailing inseam collar ribbed sleeve hems rugged buttoned chest placket embroidered brand logo left chest printed lettering right sleeve vented hem,stylish hilt cotton shirt flying machine designed never compromise comfort looks ribbed sleeve hems sit snug well toned arms cotton fabric keeps fresh comfortable day team shirt jeans sports shoes flaunt fashion statement style,899.0,899.0,Tshirts,Apparel,Topwear,1.0,White,Cotton,Regular Fit,Polo Collar,Casual,9,253,32,0,0,1,0,0,1,0,0,0,0,1,0,0,0,6.802394763324311,0.2
771e3b81-e702-4170-bfdf-47d825065594,Flying Machine,Flying Machine Men Blue Polo Tshirts,blue grey white saffron yellow striped polo shirt made 100 cotton ribbed collar sleeve hems tape detailing inseam collar buttoned chest placket embroidered brand logo left chest appliqued brand tab left hem vented hem,stylish hilt striped cotton shirt flying machine designed never compromise comfort looks ribbed sleeve hems sit snug well toned arms cotton fabric keeps fresh comfortable day team shirt jeans sports shoes flaunt fashion statement style,799.0,799.0,Tshirts,Apparel,Topwear,1.0,Blue,Cotton,Regular Fit,Polo Collar,Casual,9,225,32,0,0,1,0,0,1,0,0,0,0,1,0,0,0,6.684611727667927,0.2
e5944b99-f5d1-4a37-9a57-605026495576,Flying Machine,Flying Machine Green Polo Tshirts,dark green pique polo neck shirt made 100 cotton ribbed collar sleeve hems tape detailing inseam collar buttoned chest placket appliqued numbering left chest printed detailing vented hems,stylish hilt cotton shirt flying machine designed never compromise comfort looks ribbed sleeve hems sit snug well toned arms cotton fabric keeps fresh comfortable day team shirt jeans sports shoes flaunt fashion statement style,799.0,799.0,Tshirts,Apparel,Topwear,1.0,Green,Cotton,Regular Fit,Polo Collar,Casual,9,223,32,0,0,1,0,0,1,0,0,0,0,1,0,0,0,6.684611727667927,0.2
569655fe-cf21-411b-a16e-266e00205826,Clarks,Clarks Men Navy Blue Leather Casual Shoes,pair navy blue casual shoes central lace upsleather uppernbsp cushioned footbednbsp textured outsolenbsp flexible grooves lightweight comfort nbsp gripnbsp tractionwarranty months manufacturing defectswarranty provided brand owner manufacturer,pair casual shoes clarks perfect addition footwear collection team jeans shirt heading friends,4499.0,4499.0,Casual Shoes,Footwear,Shoes,0.0,Navy Blue,Unknown,Unknown,Unknown,Smart Casual,3,71,5,0,0,1,0,0,1,0,0,0,0,0,0,1,0,8.411832675758411,0.0
a43741a1-70d2-4cff-930d-77e6cd16c376,ESPRIT,Esprit Women Houston Funny Pink Watches,taking traditional designs giving modern twist makes esprit watches timeless timepieces classic impac analog wrist watch esprit exception contemporary trendy rsquo affordable timepiece exquisite design highlights individuality,na,3995.0,3995.0,Watches,Accessories,Watches,0.0,Pink,Unknown,Unknown,Unknown,Unknown,7,184,34,0,0,0,0,1,1,0,0,0,0,0,0,0,1,8.293049139768444,0.0
1fe9dd9d-8344-4717-9b52-5ef9d0c4decc,Puma,Puma Women Ess Pink Polo Tshirts,wash care machine wash separately cold water using mild detergent bleach avoid soaking line dry inside shade warm iron iron directly print embroidery,not found,699.0,699.0,Tshirts,Apparel,Topwear,1.0,Pink,Cotton,Unknown,Polo Collar,Casual,20,579,32,0,0,0,0,1,1,0,0,0,0,1,0,0,0,6.551080335043404,0.2
f418bb72-ede4-40a5-924b-d4cb37c9f87f,Puma,Puma Women Striped Polo Pink Tshirts,wash care machine wash separately cold water using mild detergent bleach avoid soaking line dry inside shade warm iron iron directly print embroidery,not found,999.0,999.0,Tshirts,Apparel,Topwear,1.0,Pink,Cotton,Regular Fit,Polo Collar,Unknown,20,596,32,0,0,0,0,1,1,0,0,0,0,1,0,0,0,6.907755278982137,0.2
2e5a9ef9-8e71-4741-ab62-e5e52f764ac2,Puma,Puma Women's Ess Black Polo Tshirts,wash care machine wash separately cold water using mild detergent bleach avoid soaking line dry inside shade warm iron iron directly print embroidery,not found,699.0,699.0,Tshirts,Apparel,Topwear,1.0,Black,Cotton,Unknown,Polo Collar,Casual,20,607,32,0,0,0,0,1,1,0,0,0,0,1,0,0,0,6.551080335043404,0.2
7ff8a68d-104e-42e9-81a6-3af64ab216d1,Flying Machine,Flying Machine Men Yellow Polo Tshirts,mango yellow polo shirt made 100 cotton ribbed collar buttoned chest placket short sleeves ribbed hems contrast colour embroidered brand logo right sleeve left chest distressed print back,stylish hilt cotton shirt flying machine designed never compromise comfort looks ribbed sleeve hems sit snug well toned arms cotton fabric keeps fresh comfortable day even better distressed print back lends tee sporty look team shirt jeans sports shoesand flaunt fashion statement style,1099.0,1099.0,Tshirts,Apparel,Topwear,1.0,Yellow,Cotton,Unknown,Polo Collar,Casual,9,261,32,0,0,1,0,0,1,0,0,0,0,1,0,0,0,7.003065458786462,0.2
d8f12c1d-48ae-4f92-b6dc-fc7a4e093644,Wrangler,Wrangler Men Navy Blue Polo Tshirts,navy blue polo neck shirt made 100 cotton ribbed tipped collar buttoned chest placket short sleeves ribbed hems branding left sleeve vented hem stitch detailing back neck shoulder line appliqu embroidered badge left chest,designed man understands believes freedom style wrangler provides polo shirt made pure cotton keep fresh comfortable day ribbed sleeve hems sit snugly around well toned arms vented hem provides comfortable fit team tee denims suede shoes wide range available myntra semi formal casual events,1195.0,1195.0,Tshirts,Apparel,Topwear,1.0,Navy Blue,Unknown,Unknown,Unknown,Unknown,27,822,32,0,0,1,0,0,1,0,0,0,0,1,0,0,0,7.086737934510577,0.2
09d5bc9e-9892-40b4-8c67-8a5fba0da683,Flying Machine,Flying Machine Men Blue Polo Tshirts,navy blue pique polo neck shirt made 100 cotton ribbed collar sleeve hems tape detailing inseam collar buttoned chest placket embroidered branding left chest printed brand lettering right sleeve vented hems,stylish hilt cotton shirt flying machine designed never compromise comfort looks ribbed sleeve hems sit snug well toned arms cotton fabric keeps fresh comfortable day team shirt jeans sports shoes flaunt fashion statement style,899.0,899.0,Tshirts,Apparel,Topwear,1.0,Navy Blue,Cotton,Regular Fit,Polo Collar,Casual,9,225,32,0,0,1,0,0,1,0,0,0,0,1,0,0,0,6.802394763324311,0.2
6c016153-08b6-4bd3-bc2a-765220490c93,Puma,Puma Women Ess White Polo Tshirts,wash care machine wash separately cold water using mild detergent bleach avoid soaking line dry inside shade warm iron iron directly print embroidery,not found,699.0,699.0,Tops,Apparel,Topwear,0.0,White,Unknown,Unknown,Mandarin Collar,Casual,20,580,28,0,0,0,0,1,1,0,0,0,0,1,0,0,0,6.551080335043404,0.0
e13d6783-ae6c-4b48-9877-170955fbb011,Wrangler,Wrangler Men Grey Polo Tshirts,grey green striped polo neck shirt made 100 cotton short sleeves ribbed hems branding printed left sleeves ribbed tipped collar buttoned chest placket vented hem appliqu branding left chest,wear brand style striped polo neck shirt wrangler brand clothing world since 1947 short sleeves sit snugly well toned arms cotton fabric keeps fresh comfortable day team jeans sports shoes perfect semi formal look,1295.0,1295.0,Tshirts,Apparel,Topwear,1.0,Grey,Unknown,Unknown,Unknown,Unknown,27,810,32,0,0,1,0,0,1,0,0,0,0,1,0,0,0,7.16703787691222,0.2
de021ab9-8fe7-4c41-87b1-42ba6ce3f82f,Nike,Nike Men White Polo Tshirts,white polo neck shirt short sleeves made 88 polyester 12 spandex graphic print front mesh panel back neck nike swoosh printed left chest brand tab appliqued hem engineered dri fit technology,whether playing wimbledon local park white polo neck shirt nike give comfort flexibility require matches mesh panel back ensures better breathability games eye catching graphic print ensures centre attention engineered nike dri fit technology wicks away sweat keep dry comfortable game team tee comfortable tracks shorts ruling court jeans casual outings,2095.0,2095.0,Tshirts,Apparel,Topwear,1.0,White,Blended,Unknown,Polo Collar,Casual,18,460,32,0,0,1,0,0,0,0,0,0,1,1,0,0,0,7.647786045440933,0.2
6207454f-03bf-4358-8544-9abeae3801f4,Wrangler,Wrangler Men Red Polo Tshirts,red polo neck shirt blue black white stripes made 100 cotton tipped collar black stitch detailing buttoned chest placket vented hem printed branding left hem,designed man regal style striped polo shirt wrangler made pure cotton keep fresh comfortable day short sleeves sit snugly around well toned arms vented hem provides comfortablefit team tee denims suede shoes wide range available myntra semi formal casual events,1295.0,1295.0,Tshirts,Apparel,Topwear,1.0,Red,Cotton,Regular Fit,Polo Collar,Casual,27,826,32,0,0,1,0,0,1,0,0,0,0,1,0,0,0,7.16703787691222,0.2
1e49b30b-121c-4d54-ba03-ae9862877a0c,Nike,Nike Men Blue Polo Tshirts,navy blue polo neck shirt short sleeves made 88 polyester 12 spandex graphic print front mesh panel back neck nike swoosh printed left chest brand tab appliqued hem engineered dri fit technology,whether playing wimbledon local park navy blue polo neck shirt nike give comfort flexibility require matches mesh panel back ensures better breathability games eye catching graphic print ensures centre attention engineered nike dri fit technology wicks away sweat keep dry comfortable game team tee comfortable tracks shorts ruling court withjeans casual outings,2095.0,2095.0,Tshirts,Apparel,Topwear,1.0,Blue,Blended,Regular Fit,Polo Collar,Casual,18,442,32,0,0,1,0,0,0,0,0,0,1,1,0,0,0,7.647786045440933,0.2
afeb3707-0927-4d69-91b4-4f2fbd07484d,Clarks,Clarks Men Black Leather Closed Sandals,black closed sandalsleather upper cut detail backfoot strapleather footbed massage nubstextured eva outsole patterned grooveswarranty months date purchase manufacturing defect,look casual best pair sandals clarks suggest team shirt pair trousers great look,2999.0,2999.0,Sandals,Footwear,Sandal,0.0,Black,Unknown,Unknown,Unknown,Unknown,3,49,18,0,0,1,0,0,1,0,0,0,0,0,0,1,0,8.006367567650246,0.0
a87c5a40-78cc-403f-90bf-aca7ff4f5dbf,Clarks,Clarks Men Brown Leather Casual Shoes,pair brown casual shoes central lace upsleather uppercushioned footbedtextured outsole flexible grooves lightweight comfort grip tractionwarranty provided brand owner manufacturer months manufacturing defects,pair casual shoes clarks perfect addition footwear collection team jeans shirt heading friends,4499.0,4499.0,Casual Shoes,Footwear,Shoes,1.0,Brown,Unknown,Unknown,Unknown,Smart Casual,3,54,5,0,0,1,0,0,1,0,0,0,0,0,0,1,0,8.411832675758411,0.2
fcab6237-2675-4603-82d2-ba948df5e7e3,Flying Machine,Flying Machine Women Blue Polo Tshirts,blue white striped shirt made 100 cotton short sleeves ribbed hems ribbed collar buttoned chest placket rouching sides placket vented hem,stylish hilt cotton shirt flying machine designed never compromise comfort looks rouched placket render feminine touch fabric keeps fresh comfortable day team shirt jeans sports shoes flaunt fashion statement style,599.0,299.0,Tshirts,Apparel,Topwear,1.0,Blue,Cotton,Regular Fit,Polo Collar,Casual,9,264,32,0,0,0,0,1,1,0,0,0,0,1,0,0,0,6.396929655216146,0.2
9c73db96-3f6c-464c-b030-c2b1bfa80a23,Nike,Nike Men Grey Melange Track Pants,grey melange knit track pants elasticated waistband inner drawstring fastening insert pockets sides embroidered branding left thigh twin tape detail along seam velcro fastened insert pocket back right side brand label,functional comfortable knit track pants nike perfect partner work outs whether outdoor run gym team equally comfy tee plus trainers good go,1495.0,1495.0,Track Pants,Apparel,Bottomwear,0.0,Grey Melange,Cotton,Unknown,Unknown,Sports,18,448,29,0,0,1,0,0,0,0,0,0,1,0,0,1,0,7.310550158534422,0.0
3dcdc50a-c1c5-460e-b7b5-6ee66cad4ea7,SCULLERS,Scullers Men Fil A Fil Purple Shirts,wash care wash dark colours separately hand wash machine wash cold using mild detergent wring bleach flat dry shade iron print,not found,1099.0,1099.0,Shirts,Apparel,Topwear,0.0,Purple,Cotton,Regular Fit,Unknown,Unknown,23,663,20,0,0,1,0,0,1,0,0,0,0,1,0,0,0,7.003065458786462,0.0
9fb33386-03ff-4669-a286-51970b677032,SCULLERS,Scullers Men Price Catch Black Shirts,wash care wash dark colours separately hand wash machine wash cold using mild detergent wring bleach flat dry shade iron print,not found,999.0,999.0,Shirts,Apparel,Topwear,0.0,Black,Unknown,Regular Fit,Unknown,Unknown,23,665,20,0,0,1,0,0,1,0,0,0,0,1,0,0,0,6.907755278982137,0.0
c9e4d03f-479b-4697-88d0-781048e5b285,Indigo Nation,Indigo Nation Men Solid Khaki Trousers,wash care wash dark colours separately hand wash machine wash cold use mild detergent wring flat dry shade bleach iron print,not found,899.0,899.0,Trousers,Apparel,Bottomwear,1.0,Khaki,Unknown,Unknown,Unknown,Unknown,11,313,31,0,0,1,0,0,0,0,1,0,0,1,0,0,0,6.802394763324311,0.2
2970e6be-c205-4c54-a732-6b1eb5bc3433,Clarks,Clarks Men Brown Leather Sandals,brown sandalsleather upper forefoot strap criss cross detailergonomic grooves footbedtextured eva outsole patterned grooveswarranty months date purchase manufacturing defect,look casual best pair sandals clarks suggest team shirt pair trousers great look,2799.0,2799.0,Sandals,Footwear,Shoes,1.0,Brown,Unknown,Unknown,Unknown,Unknown,3,55,18,0,0,1,0,0,1,0,0,0,0,0,0,1,0,7.937374696163295,0.2
3c3cc522-9800-464c-b889-ab2e1ffb10d3,Wrangler,Wrangler Men Black Polo Tshirts,red grey black white striped polo neck shirt made 100 cotton tipped collar buttoned chest placket short sleeves vented hem embroidered branding left chest,designed man regal style striped polo shirt wrangler made pure cotton keep fresh comfortable day short sleeves sit snugly around well toned arms vented hem provides comfortablefit team tee denims sports shoes wide range available myntra semi formal casual events,1195.0,1195.0,Tshirts,Apparel,Topwear,1.0,Black,Cotton,Regular Fit,Polo Collar,Casual,27,779,32,0,0,1,0,0,1,0,0,0,0,1,0,0,0,7.086737934510577,0.2
06fa410e-1ac5-4287-8368-a0f42cc0940e,United Colors of Benetton,United Colors of Benetton Men Checks Grey Shirts,composition black grey light brown checked shirt white accents made 100 cotton full arms buttoned cuffs tipped collar striped inner lining collar cuffs front buttoned placket pock,not found,2699.0,2699.0,Shirts,Apparel,Topwear,0.0,Grey,Cotton,Regular Fit,Unknown,Unknown,24,695,20,0,0,1,0,0,1,0,0,0,0,1,0,0,0,7.90100705199242,0.0
41f350bf-da3a-4de0-b7ae-d2bbde046800,Clarks,Clarks Men Brown Leather Boat Shoes,pair brown boat shoesnbsp central lace upsleather uppercushioned leathernbsp footbedevanbsp insoleflexible rubber outsole upraised heelwarranty monthswarranty provided brand owner manufacturer,classic design pair trendy boat shoes surely give fashionable look team casual shirt washed jeans smart appeal,4999.0,4999.0,Casual Shoes,Footwear,Shoes,0.0,Brown,Unknown,Unknown,Unknown,Everyday,3,53,5,0,0,1,0,0,1,0,0,0,0,1,0,0,0,8.517193191416238,0.0
461c5f3f-27e6-4ca7-af53-7bd6a6c0b0a6,Puma,Puma Men Puma midrange tee Black Tshirts,wash care gentle machine wash like colours cool water 30 degrees bleach tumble dry warm iron dry clean,not found,799.0,799.0,Tshirts,Apparel,Topwear,0.0,Black,Cotton,Regular Fit,Round Neck,Unknown,20,541,32,0,0,1,0,0,1,0,0,0,0,1,0,0,0,6.684611727667927,0.0
5fd8fa28-2d6c-4e8e-9bd3-4229050b2091,Nike,Nike Women Blue Dri-Fit Capris,dark blue training capris made dri fit fabric stay cool technology broad waist reinforced stitch detailing along crotch area embroidered nike swoosh left hip dri fit print back right hip pocket built waistband,burn unwanted calories utmost comfort ease nike training capris dri fit engineered fabric wicks sweat away keeps fresh comfortable fitness training sessions smart cuts capri also makes absolutely comfortable casual wear team short shirts sports shoes unparalleled cool,1695.0,1695.0,Capris,Apparel,Bottomwear,1.0,Blue,Nylon,Unknown,Unknown,Unknown,18,479,3,0,0,0,0,1,0,0,0,0,1,0,0,0,1,7.4360278163518485,0.2
ad0143fe-4a1a-47c3-8a97-51e258ed37b7,Clarks,Clarks Men Brown Wild Vibe Leather Closed Sandals,brown closed sandalsleather upper cut detail backfoot strapleather footbed massage nubstextured eva outsole patterned grooveswarranty months date purchase manufacturing defect,inspired clog wild vibe sandal clarks fashionable summer look designed natural shape foot provide incredible comfort casually sporty look making perfect addition wardrobe casual footwear,2999.0,2999.0,Sandals,Footwear,Sandal,0.0,Brown,Unknown,Unknown,Unknown,Unknown,3,56,18,0,0,1,0,0,1,0,0,0,0,0,0,1,0,8.006367567650246,0.0
6014429b-8da5-4e65-a0e1-4399a29e9344,United Colors of Benetton,United Colors of Benetton Women Red Polo T-shirt,red shirt made 100 cotton short sleeves ribbed hems ribbed tipped collar buttoned chest placket embroidered big ben logo vented hem,flash sporty attitude bright red shirt united colors benetton exudes team jeans sports shoes athletic look,899.0,899.0,Tshirts,Apparel,Topwear,1.0,Red,Cotton,Regular Fit,Polo Collar,Casual,24,749,32,0,0,0,0,1,1,0,0,0,0,1,0,0,0,6.802394763324311,0.2
6f9aa500-d1f2-42be-8dcf-cf0967ce7852,Clarks,Clarks Men Black Leather Derbys,pair black derbys central lace upsleather uppercushioned footbedtextured outsole stacked heelwarranty months manufacturing defectswarranty provided brand owner manufacturer,amazing sturdy pair formal shoes something bring unmatched style sophistication office wear team plaid shirt contrast trousers highly impressive officious look,4999.0,4999.0,Formal Shoes,Footwear,Shoes,0.0,Black,Unknown,Unknown,Unknown,Unknown,3,50,10,0,0,1,0,0,0,0,1,0,0,0,0,1,0,8.517193191416238,0.0
a4ea817a-7ebb-4b99-9b42-186373dbb319,Puma,Puma Men Black Watch,watch puma comes heavy duty design stylish dial chunky casing gives watch tough appearance perfect navigating urban jungle case diameter 35 mmdial,na,5995.0,5995.0,Watches,Accessories,Watches,0.0,Black,Unknown,Unknown,Unknown,Unknown,20,510,34,0,0,1,0,0,1,0,0,0,0,0,0,0,1,8.698847859222488,0.0
d767a8a5-66b1-4b7e-be8e-8072eb2e6c20,United Colors of Benetton,United Colors of Benetton Women Green Polo T-shirt,green shirt made 100 cotton short sleeves ribbed hems ribbed tipped collar buttoned chest placket embroidered big ben logo vented hem,flash sporty attitude green shirt united colors benetton exudes team jeans sports shoes athletic look,899.0,899.0,Tshirts,Apparel,Topwear,1.0,Green,Cotton,Regular Fit,Polo Collar,Casual,24,741,32,0,0,0,0,1,1,0,0,0,0,1,0,0,0,6.802394763324311,0.2
ad7dd357-05d3-48ee-897d-b2c854ebb338,United Colors of Benetton,United Colors of Benetton Women Black Polo T-shirt,black shirt made 100 cotton short sleeves ribbed hems ribbed tipped collar buttoned chest placket embroidered big ben logo vented hem,flash sporty attitude black shirt united colors benetton exudes team jeans sports shoes athletic look,899.0,899.0,Tshirts,Apparel,Topwear,1.0,Black,Cotton,Regular Fit,Polo Collar,Casual,24,738,32,0,0,0,0,1,1,0,0,0,0,1,0,0,0,6.802394763324311,0.2
66b63e38-17cf-4fd4-8a17-f243b73a909a,Puma,Puma Men Top Fluctuation Red Black Watches,watch puma comes clean sleek design active watch perfect urban wear serve well gym night clubbing case diameter 40 mm,not found,5450.0,5450.0,Watches,Accessories,Watches,0.0,Black,Unknown,Unknown,Unknown,Unknown,20,558,34,0,0,1,0,0,0,0,0,0,1,0,0,0,1,8.603554357064281,0.0
b3e4bbb8-c04d-42af-918c-5803e57ff80c,Doodle,Doodle Boys Grand Prix White Shirt,white shirt short sleeves fold hems spread collar checked tape inseam front buttoned placket checked inner placket pocket left chest checked piping graphic print right chest back,encourage motor sport spirit little boy grand prix shirt doodle checks add hint smartness shirt fabric keeps fresh comfortable day team trousers sneakers smart look,649.0,649.0,Shirts,Apparel,Topwear,1.0,White,Cotton,Regular Fit,Unknown,Casual,6,132,20,1,0,0,0,0,1,0,0,0,0,1,0,0,0,6.476972362889683,0.2
27db71d6-2516-40f5-b459-3667621507b6,Clarks,Clarks Men Leather Black Formal Shoes,pair black formal shoes central lace upsleather uppercushioned footbedtextured outsole stacked heelwarranty months manufacturing defectswarranty provided brand owner manufacturer,amazing sturdy pair formal shoes something bring unmatched style sophistication office wear team plaid shirt contrast trousers highly impressive officious look,4499.0,4499.0,Formal Shoes,Footwear,Shoes,0.0,Black,Unknown,Unknown,Unknown,Unknown,3,67,10,0,0,1,0,0,0,0,1,0,0,1,0,0,0,8.411832675758411,0.0
123f8d03-bdba-4d54-842c-747d3e14a5f0,Clarks,Clarks Men Black Leather Semiformal Shoes,pair black semiformal shoesleather upper reinforced heel collarcushioned footbed textured outsole patterned grooveswarranty monthswarranty provided brand owner manufacturer,coveted pair semiformal shoes lend look suave classy team shirt pair trousers look cool workplace,4499.0,4499.0,Formal Shoes,Footwear,Shoes,0.0,Black,Unknown,Unknown,Unknown,Unknown,3,52,10,0,0,1,0,0,0,0,0,1,0,0,1,0,0,8.411832675758411,0.0
7c793bf3-e28c-44da-b6e2-306606cfac06,Puma,Puma Men Rod Yellow Black Watches,watch puma comes bold design sub dials puma logo black rectangular dial make stand crowd always get noticed active watch perfe,not found,8995.0,8995.0,Watches,Accessories,Watches,0.0,Black,Unknown,Unknown,Unknown,Unknown,20,546,34,0,0,1,0,0,1,0,0,0,0,0,0,0,1,9.104535313079205,0.0
7a4e06fc-d30c-4d45-8dd9-7a075c958937,Flying Machine,Flying Machine Blue Jeans,washed dark blue slim fit jeans made 100 cotton two insert pockets front side two patch pockets back thread detailing brand patch appliqued waistband back metal zipper button closure,denim person washed blue jeans flying machine perfect mid rise great slim fit pair looks trend stays comfortable day team funky shirts canvas shoes great look,1849.0,1849.0,Jeans,Apparel,Bottomwear,0.0,Blue,Cotton,Slim Fit,Unknown,Casual,9,222,15,0,0,1,0,0,1,0,0,0,0,1,0,0,0,7.52294091807237,0.0
e119710a-253a-4bd1-8984-e2ac6f6bdc1a,Nike,Nike Women Pink Polo Tshirts,pink grey striped polo shirt made 95 cotton spandex ribbed collar cuffs two button placket,creative spin timeless style versatile nike club jersey women shakes look bold stripes tailored cut iconic eye catching logo secret polo versatility subtlety cut fold collar soft feel material tailored cut delivers clean customized look yarn dyed stripes add pop color taking classic design whole new direction short sleeves allow great range motion create casual warm weather style,1195.0,1195.0,Tshirts,Apparel,Topwear,1.0,Pink,Polyester,Regular Fit,Polo Collar,Casual,18,483,32,0,0,0,0,1,0,0,0,0,1,1,0,0,0,7.086737934510577,0.2
a815b8ab-a5f7-4a0e-981e-6dad06690eb3,Clarks,Clarks Women Black Leather Wedges,pair black wedges leather upper leather lined footbedtextured outsolewarranty months date purchase manufacturing defects,take feminine dressing new level pair heels clarks team dainty skirt top girly look,2299.0,2299.0,Heels,Footwear,Shoes,1.0,Black,Unknown,Unknown,Unknown,Casual,3,79,13,0,0,0,0,1,1,0,0,0,0,1,0,0,0,7.7406644019172415,0.2
cff370f6-343b-474a-9fe1-8bea02950056,United Colors of Benetton,United Colors of Benetton Men Green Polo Tshirts,green navy blue striped polo shirt made 100 cotton ribbed collar cuffs buttoned chest placket vented hem embroidered big ben logo upper left chest,subtle stylish striped polo shirt united colors benetton speaks volumes sense heightened style embroidered big ben logo left chest enhances royal fashion statement ribbed sleeve hems contour well toned arms perfectly vented hem offers comfortable fit team jeans lifestyle sportswear cool casual look,1599.0,1599.0,Tshirts,Apparel,Topwear,1.0,Green,Cotton,Regular Fit,Polo Collar,Casual,24,701,32,0,0,1,0,0,1,0,0,0,0,1,0,0,0,7.3777589082278725,0.2
6ab21465-a9d5-43ba-82d1-3d733f4a9acb,Clarks,Clarks Men Leather Brown Formal Shoes,pair black semiformal shoesleather upper reinforced heel collarcushioned footbednbsp textured outsole patterned grooveswarranty monthswarranty provided brand owner manufacturer,amazing sturdy pair formal shoes something bring unmatched style sophistication office wear team plaid shirt contrast trousers highly impressive officious look,4499.0,4499.0,Formal Shoes,Footwear,Shoes,0.0,Brown,Unknown,Unknown,Unknown,Unknown,3,68,10,0,0,1,0,0,0,0,1,0,0,0,1,0,0,8.411832675758411,0.0
141f277d-2aae-45f5-94a2-f36190bdb03c,Flying Machine,Flying Machine Men Red Polo Tshirts,bright red polo shirt white stripes front sleeves made 100 cotton cotton collar brand badge printed left chest chest buttoned placket,stylish hilt partially striped shirt flying machine designed never compromise comfort looks stripes enhance style quotient single toned back speak volumes fashionable taste team shirt jeans sports shoes flaunt fashion statement style,999.0,999.0,Tshirts,Apparel,Topwear,1.0,Red,Cotton,Unknown,Polo Collar,Casual,9,249,32,0,0,1,0,0,1,0,0,0,0,1,0,0,0,6.907755278982137,0.2
20e6a22e-4ce2-4809-8e74-8aaec0ca4691,United Colors of Benetton,United Colors of Benetton Men Maroon Polo Tshirt,maroon polo shirt made 100 cotton ribbed collar buttoned rugged chest placket short sleeves ribbed hems vented hem embroidered big ben logo left chest,subtle stylish magenta polo shirt united colors benetton speaks volumes sense heightened style rugged placket chest coupled thickly embroidered big ben logo left chest enhances regal style ribbed sleeve hems contour well toned arms perfectly vented hem offers comfortable fit team jeans sports shoes cool casual look,1399.0,1399.0,Tshirts,Apparel,Topwear,1.0,Maroon,Cotton,Regular Fit,Polo Collar,Casual,24,706,32,0,0,1,0,0,1,0,0,0,0,1,0,0,0,7.24422751560335,0.2
421635df-a69f-49e5-855b-650d75d0e575,Nike,Nike Women Brown Polo T-shirt,brown striped polo shirt short sleeves fabric tape inseam neckline engineered dri fit technology,matter long match goes stand hard sun blocking nike statement tennis shirt replete features like sweat wicking technology stretch fit front back range motion covers every angle tee looks great paired tennis skirt dri fit capris,1695.0,1695.0,Tshirts,Apparel,Topwear,1.0,Brown,Cotton,Slim Fit,Polo Collar,Sports,18,480,32,0,0,0,0,1,0,0,0,0,1,1,0,0,0,7.4360278163518485,0.2
6faecd5f-094e-456f-9ba9-725acab545a8,Urban Yoga,Urban Yoga Men Solid Beige Track Pants,wash care hand wash separately cold water use mild detergent bleach wring flat dry shade,not found,1199.0,1199.0,Track Pants,Apparel,Bottomwear,1.0,Beige,Unknown,Unknown,Unknown,Unknown,25,764,29,0,0,1,0,0,0,0,0,0,1,1,0,0,0,7.090076835776092,0.2
f757d99e-6f1f-49fb-9742-9d1d5772f0a9,Nike,Nike Men Black Three Quarter Track Pants,black three quarter length pants dri fit technology elasticated waistband inner drawstring fastening insert pockets sides printed branding left thigh darts knees panelled back legs,recycled polyester fabrication dri fit technology boot length pants nike exercise environmental consciousness embody supreme functionality team comfy tee trainers look work whether sweating gym park,1895.0,1895.0,Shorts,Apparel,Bottomwear,0.0,Black,Unknown,Unknown,Unknown,Unknown,18,441,21,0,0,1,0,0,0,0,0,0,1,1,0,0,0,7.547501682814967,0.0
e4d6a94f-07aa-4670-8f4c-e05489d132a7,Clarks,Clarks Women Brown Leather Heels,pair brown heels secured buckle closureleather upperpadded footbedtextured synthetic outsole kitten heels warranty months manufacturing defects,clarks gives casual dressing style boost amazing pair sandals love versatility pair lets wear dresses skirts favourite denims,2999.0,2999.0,Heels,Footwear,Shoes,1.0,Brown,Unknown,Unknown,Unknown,Party,3,80,13,0,0,0,0,1,1,0,0,0,0,0,0,1,0,8.006367567650246,0.2
5c2246c7-a914-479a-bfed-ed20b5f7d3b3,Fastrack,Fastrack Red Printed Tote Bag,red black printed tote bagtwo short handlesone main zip compartment multiple pockets insidewarranty one year manufacturing defectswarranty provided brand owner manufacturer,want make style statement effortlessly tote fastrack come handy look trendy chic pair casual outfits go mall college,795.0,556.0,Handbags,Accessories,Bags,1.0,Red,Unknown,Unknown,Unknown,Casual,8,217,12,0,0,0,0,1,1,0,0,0,0,0,0,0,1,6.679599185844383,0.2
07de2a1c-6553-4256-952b-6f755ac9ff8c,Carrera,Carrera Men Steel strap dial Blue Watches,carrera watch industry five decades proven masters art creating high quality timepieces new range carrera,not found,4450.0,4450.0,Watches,Accessories,Watches,0.0,Blue,Unknown,Unknown,Unknown,Unknown,2,43,34,0,0,1,0,0,1,0,0,0,0,0,0,0,1,8.400884069015854,0.0
bd377fbe-78a0-462d-9e77-b8001a208719,Clarks,Clarks Women White Leather Flats,pair white flatsleather upper stylised thong style strap textured rubber outsole patterned grooves warranty months manufacturing defects,take feminine dressing new level leather flats clarks team dainty skirts tops girly look,1199.0,1199.0,Flats,Footwear,Shoes,0.0,White,Unknown,Unknown,Unknown,Casual,3,93,8,0,0,0,0,1,1,0,0,0,0,0,0,0,1,7.090076835776092,0.0
a5a5e45b-00fe-4a13-82dd-94b429e1f3a0,ESPRIT,Esprit Women Twist Houston White Watches,taking traditional designs giving modern twist makes esprit watches timeless timepieces classic twist houston analog wrist watch esprit exception contemporary tren,not found,5995.0,5995.0,Watches,Accessories,Watches,0.0,White,Unknown,Unknown,Unknown,Unknown,7,213,34,0,0,0,0,1,1,0,0,0,0,0,0,0,1,8.698847859222488,0.0
6df46ad2-a654-421d-a938-0a191a9dcba4,ESPRIT,Esprit Men Avalance Silver Black Steel Watches,taking traditional designs giving modern twist makes esprit watches timeless timepieces classic avalance analog wrist watch esprit exception contemporary trendy,not found,7495.0,7495.0,Watches,Accessories,Watches,0.0,Steel,Unknown,Unknown,Unknown,Unknown,7,155,34,0,0,1,0,0,1,0,0,0,0,0,0,0,1,8.922124823918258,0.0
236392c3-93d8-49a6-b206-f5c334acf549,ESPRIT,Esprit Men Octo Chrono Silver Black Steel Watches,taking traditional designs giving modern twist makes esprit watches timeless timepieces classic octo chrono analog wrist watch esprit exception contemporary trendy,not found,9495.0,9495.0,Watches,Accessories,Watches,0.0,Steel,Unknown,Unknown,Unknown,Unknown,7,168,34,0,0,1,0,0,1,0,0,0,0,0,0,0,1,9.158625936289503,0.0
32348960-ec13-4f48-92ad-5f76d1d97c46,ESPRIT,Esprit Men Velocity Chrono Silver Steel Watches,taking traditional designs giving modern twist makes esprit watches timeless timepieces classic velocit chrono analog wrist watch esprit exception contemporary tre,not found,9495.0,9495.0,Watches,Accessories,Watches,0.0,Steel,Unknown,Unknown,Unknown,Unknown,7,172,34,0,0,1,0,0,1,0,0,0,0,0,0,0,1,9.158625936289503,0.0
d0665bf0-bb41-4285-92de-f7669e21092a,ESPRIT,Esprit Women Romain Brown Steel Watches,taking traditional designs giving modern twist makes esprit watches timeless timepieces classic romain analog wrist watch esprit exception,not found,4495.0,4495.0,Watches,Accessories,Watches,0.0,Steel,Unknown,Unknown,Unknown,Unknown,7,202,34,0,0,0,0,1,1,0,0,0,0,0,0,0,1,8.410943391573527,0.0
83dfbf8e-d818-47e6-b938-9cfaa84546e9,ESPRIT,Esprit Men Velocity Chrono Black Steel Watches,taking traditional designs giving modern twist makes esprit watches timeless timepieces classic velocit chrono analog wrist watch esprit exception contemporary tre,not found,8795.0,8795.0,Watches,Accessories,Watches,0.0,Steel,Unknown,Unknown,Unknown,Unknown,7,171,34,0,0,1,0,0,1,0,0,0,0,0,0,0,1,9.082052351674651,0.0
8092995a-6e15-45b2-ac22-2399f9244963,ESPRIT,Esprit Women Lissomy Two Tone Gold Watches,taking traditional designs giving modern twist makes esprit watches timeless timepieces classic lissomy analog wrist watch esprit exception contemporary trendy,not found,6495.0,6495.0,Watches,Accessories,Watches,0.0,Gold,Unknown,Unknown,Unknown,Unknown,7,193,34,0,0,0,0,1,1,0,0,0,0,0,0,0,1,8.778941881841513,0.0
57ba7a67-1f5e-451e-bd5c-f25e73577eae,ESPRIT,Esprit Women Rocks Houston Black Silver Watches,taking traditional designs giving modern twist makes esprit watches timeless timepieces classic rocks houston analog wrist watch esprit exc,not found,4495.0,4495.0,Watches,Accessories,Watches,0.0,Silver,Unknown,Unknown,Unknown,Unknown,7,201,34,0,0,0,0,1,1,0,0,0,0,0,0,0,1,8.410943391573527,0.0
4564662b-dbeb-4523-805d-7f1436d22bab,ESPRIT,Esprit Women Cinecitta Black Steel Watches,taking traditional designs giving modern twist makes esprit watches timeless timepieces classic cinecitta analog wrist watch esprit exception contemporary trendy,not found,5495.0,5495.0,Watches,Accessories,Watches,0.0,Steel,Unknown,Unknown,Unknown,Unknown,7,176,34,0,0,0,0,1,1,0,0,0,0,0,0,0,1,8.611775833902186,0.0
751a15cf-8427-4b7a-aa16-0cbd38f3148b,ESPRIT,Esprit Women Open Link Black Steel Watches,taking traditional designs giving modern twist makes esprit watches timeless timepieces classic open link analog wrist watch esprit exception contemporary trendy,na,4995.0,4995.0,Watches,Accessories,Watches,0.0,Steel,Unknown,Unknown,Unknown,Unknown,7,194,34,0,0,0,0,1,1,0,0,0,0,0,0,0,1,8.516392871245468,0.0
8f708a82-f4fa-4268-9171-c204439a477a,Puma,Puma Women Heather USP Black Tshirts,wash care gentle machine wash lukewarm water bleach tumble dry cool iron dry clean,not found,999.0,999.0,Tops,Apparel,Topwear,1.0,Black,Unknown,Unknown,Round Neck,Unknown,20,586,28,0,0,0,0,1,1,0,0,0,0,1,0,0,0,6.907755278982137,0.2
8001991c-f7e9-401a-9145-ef36966727be,Carrera,Carrera Women Sqaure dial Pink Watches,carrera watch industry five decades proven masters art creating high quality timepieces new range carrera watches fr,not found,5250.0,5250.0,Watches,Accessories,Watches,0.0,Pink,Unknown,Unknown,Unknown,Unknown,2,47,34,0,0,0,0,1,1,0,0,0,0,0,0,0,1,8.566173813637858,0.0
bd7dcaf9-f3a9-4d5f-910c-c5cc6ce00995,Carrera,Carrera Men Careera dial steel strap patch White Watches,carrera watch industry five decades proven masters art creating high quality timepieces new range carrera watches,not found,9950.0,9950.0,Watches,Accessories,Watches,0.0,White,Unknown,Unknown,Unknown,Unknown,2,25,34,0,0,1,0,0,1,0,0,0,0,0,0,0,1,9.205428327615163,0.0
eaac61b0-ec71-42b1-ac89-9fc96d005764,Flying Machine,Flying Machine Women Pink Polo Tshirts,pink white striped shirt made 100 cotton puffed sleeves ribbed hems ribbed collar buttoned chest placket vented hem,stylish hilt cotton shirt flying machine designed never compromise comfort looks puffed sleeves render feminine touch fabric keeps fresh comfortable day team shirt withjeans sports shoes flaunt fashion statement style,599.0,299.0,Tshirts,Apparel,Topwear,1.0,Pink,Cotton,Regular Fit,Polo Collar,Casual,9,277,32,0,0,0,0,1,1,0,0,0,0,1,0,0,0,6.396929655216146,0.2
777ebee2-c184-4481-a5c9-5a75df87678a,Jealous 21,Jealous 21 Women Ummi Black Shirt,black white checked shirt short puffed sleeves foldover hems tipped collar front buttoned placket mid back pleat ruched waist sides curved hem,flaunt feminity style checked shirt jealous 21 pleat mid back ruched sides enhances curves need flaunted fabric keeps fresh comfortable day team slim fit jeans heeled sandals final touch feminity,999.0,999.0,Shirts,Apparel,Topwear,0.0,Black,Cotton,Regular Fit,Unknown,Casual,13,349,20,0,0,0,0,1,1,0,0,0,0,1,0,0,0,6.907755278982137,0.0
bf67227a-a569-4d2b-86bb-f83d8b153870,United Colors of Benetton,United Colors of Benetton Women Purple Polo T-shirt,purple shirt made 100 cotton short sleeves ribbed hems ribbed tipped collar buttoned chest placket embroidered big ben logo vented hem,flash sporty attitude purple shirt united colors benetton exudes team jeans sports shoes athletic look,899.0,899.0,Tshirts,Apparel,Topwear,1.0,Purple,Cotton,Regular Fit,Polo Collar,Casual,24,748,32,0,0,0,0,1,1,0,0,0,0,1,0,0,0,6.802394763324311,0.2
449f1da8-a26f-4143-8407-76cbd483d9fb,Carlton London,Carlton London Women Silver Flats,silver slip thong style strap silver glitter upper toe separator smooth padded footbed branding tough rubber outsole grooves,sure become instant favourite deny glitter dusted thong slippers certain appeal carlton london summer essentials pretty want wear round year,795.0,795.0,Flats,Footwear,Shoes,0.0,Silver,Unknown,Unknown,Unknown,Casual,1,20,8,0,0,0,0,1,1,0,0,0,0,0,1,0,0,6.679599185844383,0.0
55800b11-a88a-45f2-adbc-bfe612cc7275,ESPRIT,Esprit Men Nova Genesis Brown Gold Watches,taking traditional designs giving modern twist makes esprit watches timeless timepieces classic nova genesis analog wrist watch esprit exception,not found,4450.0,4450.0,Watches,Accessories,Watches,0.0,Gold,Unknown,Unknown,Unknown,Unknown,7,167,34,0,0,1,0,0,0,0,1,0,0,0,0,0,1,8.400884069015854,0.0
4fd1d3eb-427d-421f-a475-cbe324fd8b67,Carlton London,Carlton London Women Silver Solid Open Toe,pair silver square toe flats regular styling slip detailsynthetic uppercushioned footbedtextured patterned outsole,round shoe collection pair stylish flats carlton london match silver pair dark wash jeans high class tee going eat friends,795.0,795.0,Flats,Footwear,Shoes,0.0,Silver,Unknown,Unknown,Unknown,Casual,1,21,8,0,0,0,0,1,1,0,0,0,0,0,1,0,0,6.679599185844383,0.0
167ebd57-44b1-4309-b4a8-8b3a253fb518,Carlton London,Carlton London Men Black Oxford Wingtip Brogues,pair black pointed toe oxford wingtip brogues central lace ups low top stylingcomfortable footbedtextured outsole,not found,3495.0,3495.0,Formal Shoes,Footwear,Shoes,0.0,Black,Unknown,Unknown,Unknown,Unknown,1,2,10,0,0,1,0,0,0,0,1,0,0,0,0,0,1,8.159374736775426,0.0
0f67f292-4e86-4f9f-bb40-f4ca207b4c7b,Murcia,Murcia Women Black Black Handbags,bag carerub surface dry clean cloth remove dust dirt use mild leather cleaner,na,3625.0,3625.0,Handbags,Accessories,Bags,1.0,Black,Unknown,Unknown,Unknown,Casual,16,373,12,0,0,0,0,1,1,0,0,0,0,0,0,0,1,8.195885391314796,0.2
bac39af7-720a-47f0-a7b1-189acfd588b1,Murcia,Murcia Women Mcc Red Red Handbags,bag carerub surface dry clean cloth remove dust dirt use mild leather cleaner,na,3375.0,3375.0,Handbags,Accessories,Bags,1.0,Red,Unknown,Unknown,Unknown,Casual,16,416,12,0,0,0,0,1,1,0,0,0,0,0,0,0,1,8.124446855715847,0.2
805b544c-3261-4672-a13a-9afbc5a8d219,Murcia,Murcia Women Dusvatar Coffee Brown Handbags,bag carerub surface dry clean cloth remove dust dirt use mild leather cleaner,na,3375.0,3375.0,Handbags,Accessories,Bags,1.0,Brown,Unknown,Unknown,Unknown,Casual,16,379,12,0,0,0,0,1,1,0,0,0,0,0,0,0,1,8.124446855715847,0.2
6789cd9f-dd07-40cc-8bfd-4f968dd4675c,Murcia,Murcia Women Brown Brown Handbags,bag carerub surface dry clean cloth remove dust dirt use mild leather cleaner,na,3625.0,3625.0,Handbags,Accessories,Bags,1.0,Brown,Unknown,Unknown,Unknown,Casual,16,374,12,0,0,0,0,1,1,0,0,0,0,0,0,0,1,8.195885391314796,0.2
94cab539-48ff-4541-91ff-5f9e3d68cd35,Murcia,Murcia Women Mcc Green Green Handbags,bag carerub surface dry clean cloth remove dust dirt use mild leather cleaner,na,3375.0,3375.0,Handbags,Accessories,Bags,1.0,Green,Unknown,Unknown,Unknown,Casual,16,414,12,0,0,0,0,1,1,0,0,0,0,0,0,0,1,8.124446855715847,0.2
d61092c4-1dfd-4a49-bcfd-fa1f630a0d9f,Murcia,Murcia Women Lorra Red Red Handbags,bag carerub surface dry clean cloth remove dust dirt use mild leather cleaner,na,3375.0,3375.0,Handbags,Accessories,Bags,1.0,Red,Unknown,Unknown,Unknown,Casual,16,409,12,0,0,0,0,1,1,0,0,0,0,0,0,0,1,8.124446855715847,0.2
5e9a2547-24a5-4514-8da3-948432fa968b,Murcia,Murcia Women Lorra Grey Grey Handbags,bag carerub surface dry clean cloth remove dust dirt use mild leather cleaner,na,3375.0,3375.0,Handbags,Accessories,Bags,1.0,Grey,Unknown,Unknown,Unknown,Casual,16,408,12,0,0,0,0,1,1,0,0,0,0,0,0,0,1,8.124446855715847,0.2
98210908-bc32-489f-a1d0-3e4161c8a5b9,Murcia,Murcia Women Zoe Brown Handbags,bag carerub surface dry clean cloth remove dust dirtuse mild leather cleaner,na,1450.0,1450.0,Handbags,Accessories,Bags,1.0,Brown,Unknown,Unknown,Unknown,Casual,16,424,12,0,0,0,0,1,1,0,0,0,0,0,0,0,1,7.280008252884188,0.2
c513b7c4-2d23-4b55-9a77-b136ab6ff093,Murcia,Murcia Women Hahk Brown Handbags,bag carerub surface dry clean cloth remove dust dirtuse mild leather cleaner,na,1450.0,1450.0,Handbags,Accessories,Bags,1.0,Brown,Unknown,Unknown,Unknown,Casual,16,387,12,0,0,0,0,1,1,0,0,0,0,0,0,0,1,7.280008252884188,0.2
ef69f011-412b-4293-b2ea-10d436ee95fe,Murcia,Murcia Women Hmzaab Black Handbags,bag carerub surface dry clean cloth remove dust dirtuse mild leather cleaner,na,2775.0,2775.0,Handbags,Accessories,Bags,1.0,Black,Unknown,Unknown,Unknown,Casual,16,394,12,0,0,0,0,1,1,0,0,0,0,0,0,0,1,7.9287663216266955,0.2
e53e54a7-a97a-4b32-a74e-f674527d545b,Murcia,Murcia Women Mcc Black Black Handbags,bag carerub surface dry clean cloth remove dust dirtuse mild leather cleaner,na,3375.0,3341.0,Handbags,Accessories,Bags,1.0,Black,Unknown,Unknown,Unknown,Casual,16,413,12,0,0,0,0,1,1,0,0,0,0,0,0,0,1,8.124446855715847,0.2
3427deca-0181-4c6c-9f82-68e06bb2a1ad,Murcia,Murcia Women Emma Red Handbags,bag carerub surface dry clean cloth remove dust dirtuse mild leather cleaner,na,1350.0,1350.0,Handbags,Accessories,Bags,1.0,Red,Unknown,Unknown,Unknown,Casual,16,383,12,0,0,0,0,1,1,0,0,0,0,0,0,0,1,7.208600337960199,0.2
76e2d0c8-f734-4883-9089-49d07b7451c2,Murcia,Murcia Women Mary Grey Handbags,bag carerub surface dry clean cloth remove dust dirtuse mild leather cleaner,na,1350.0,1350.0,Handbags,Accessories,Bags,1.0,Grey,Unknown,Unknown,Unknown,Casual,16,410,12,0,0,0,0,1,1,0,0,0,0,0,0,0,1,7.208600337960199,0.2
86527d74-ed66-4469-8dd6-4376215d96b6,Murcia,Murcia Women Mcc Purple Purple Handbags,bag carerub surface dry clean cloth remove dust dirtuse mild leather cleaner,na,3375.0,3375.0,Handbags,Accessories,Bags,1.0,Purple,Unknown,Unknown,Unknown,Casual,16,415,12,0,0,0,0,1,1,0,0,0,0,0,0,0,1,8.124446855715847,0.2
0073ebde-1822-4645-8a4f-587f8eeb1f43,Murcia,Murcia Women Lorra Coffee Brown Handbags,bag carerub surface dry clean cloth remove dust dirtuse mild leather cleaner,na,3375.0,3375.0,Handbags,Accessories,Bags,1.0,Brown,Unknown,Unknown,Unknown,Casual,16,407,12,0,0,0,0,1,1,0,0,0,0,0,0,0,1,8.124446855715847,0.2
c54b8847-c096-4bb0-a0f0-416e10856cb5,Murcia,Murcia Women Claudia Green Handbags,bag carerub surface dry clean cloth remove dust dirtuse mild leather cleaner,na,1250.0,1250.0,Handbags,Accessories,Bags,1.0,Green,Unknown,Unknown,Unknown,Casual,16,376,12,0,0,0,0,1,1,0,0,0,0,0,0,0,1,7.1316985104669115,0.2
31d39165-a02e-4392-bd0a-fe17d1231a9c,Murcia,Murcia Women Hddcs Grey Handbags,bag carerub surface dry clean cloth remove dust dirtuse mild leather cleaner,na,1350.0,1350.0,Handbags,Accessories,Bags,1.0,Grey,Unknown,Unknown,Unknown,Casual,16,393,12,0,0,0,0,1,1,0,0,0,0,0,0,0,1,7.208600337960199,0.2
ce5d429f-d583-4530-b267-65c6808e20c8,Murcia,Murcia Women SLB Bag Brown Handbags,bag carerub surface dry clean cloth remove dust dirtuse mild leather cleaner,na,1250.0,1250.0,Handbags,Accessories,Bags,1.0,Brown,Unknown,Unknown,Unknown,Casual,16,419,12,0,0,0,0,1,1,0,0,0,0,0,0,0,1,7.1316985104669115,0.2
3bc766b1-b9f9-4cb5-a28f-d425baa78895,Murcia,Murcia Women Lorra Black Black Handbags,bag carerub surface dry clean cloth remove dust dirtuse mild leather cleaner,na,3375.0,3375.0,Handbags,Accessories,Bags,1.0,Black,Unknown,Unknown,Unknown,Casual,16,406,12,0,0,0,0,1,1,0,0,0,0,0,0,0,1,8.124446855715847,0.2
2fbf6a1e-68cc-4138-989e-070f3ab51ad3,Murcia,Murcia Women Dusvatar Brown Brown Handbags,bag carerub surface dry clean cloth remove dust dirtuse mild leather cleaner,na,3375.0,3375.0,Handbags,Accessories,Bags,1.0,Brown,Unknown,Unknown,Unknown,Casual,16,378,12,0,0,0,0,1,1,0,0,0,0,0,0,0,1,8.124446855715847,0.2
98a04516-029c-452c-ac7e-050eb11c167c,Murcia,Murcia Women Green Green Handbags,bag carerub surface dry clean cloth remove dust dirtuse mild leather cleaner,na,3625.0,3625.0,Handbags,Accessories,Bags,1.0,Green,Unknown,Unknown,Unknown,Casual,16,384,12,0,0,0,0,1,1,0,0,0,0,0,0,0,1,8.195885391314796,0.2
6cbb7864-ecbf-499f-a9ec-73d781a91ef6,United Colors of Benetton,United Colors of Benetton Blue Solid Sling Bag,blue solid sling bag zip closure2 main compartments inner pocketstablet sleeve nowarranty warranty,stylish handbag united colors benetton must addition outfit create ideal look matter minutes pairing blue bag caged heels fitted top leather trimmed accessories,3099.0,3099.0,Handbags,Accessories,Bags,1.0,Blue,Unknown,Unknown,Unknown,Casual,24,690,12,0,0,0,0,1,1,0,0,0,0,1,0,0,0,8.039157390473237,0.2
5c18f041-e7fc-48e5-98e7-80f56bccdc83,Puma,Puma Men Black Printed Shield T-shirt,black shirt ribbed round neck short sleeves graphic print front printed branding back neck,looking hip comes easy black shield shirt puma smart graphic pattern front makes shirt absolutely irresistible team washed denims casual shoes effortlessly cool look,899.0,899.0,Tshirts,Apparel,Topwear,1.0,Black,Cotton,Regular Fit,Round Neck,Casual,20,509,32,0,0,1,0,0,1,0,0,0,0,0,0,1,0,6.802394763324311,0.2
ca755b98-8fdc-4de8-9612-8fb1183bbcac,Carlton London,Carlton London Men Brown Slip-On Shoes,pair round toed brown slip shoes low top stylingcomfortable footbedtextured outsole,expand trendy shoe collection comfy carlton london casual shoes style brown pair dark denims graphic tee chill look weekend,2495.0,2495.0,Casual Shoes,Footwear,Shoes,0.0,Brown,Unknown,Unknown,Unknown,Everyday,1,4,5,0,0,1,0,0,1,0,0,0,0,0,0,0,1,7.822444729489319,0.0
e07fd4da-a7da-45fe-8f2d-93fffa9f3935,Puma,Puma Women Black Essential Racerback Tank Top,black top scoop neck sleeveless racer back crafted moisture management dry cell technique,perk work sessions comfortable racer back vest puma work lesser sweat least feel working vest maximum moisture management dry cell system pair pair track pants sports shoes achieve maximum performance,1399.0,839.0,Tops,Apparel,Topwear,1.0,Black,Viscose Rayon,Unknown,Scoop Neck,Casual,20,578,28,0,0,0,0,1,0,0,0,0,1,1,0,0,0,7.24422751560335,0.2
3b5c5603-b670-40d0-a229-7b72eaec1142,Carlton London,Carlton London Men CL Casual Navy Blue Casual Shoes,round toed blue shoes mid tops central lace ups mildly padded inner textured sole,smart pair midtops like hard come note minimalist upper classic design pair love suggest styling blue denims tee,2995.0,2995.0,Casual Shoes,Footwear,Shoes,0.0,Navy Blue,Unknown,Unknown,Unknown,Unknown,1,6,5,0,0,1,0,0,1,0,0,0,0,0,0,0,1,8.005033344637111,0.0
697c2181-5df9-45a1-bca6-4b25b9696dea,Clarks,Clarks Brown Leather Casual Shoes,pair brown casual shoesleather uppercushioned footbedtextured outsole,express new trendy clarks casual shoes keep casual date matching tan pair trim denims classic leather jacket,3999.0,3999.0,Casual Shoes,Footwear,Shoes,0.0,Brown,Unknown,Unknown,Unknown,Everyday,3,48,5,0,0,1,0,0,1,0,0,0,0,1,0,0,0,8.294049640102028,0.0
e98bf898-fad1-49c2-ad14-38823b7917d8,Puma,Puma Women Flux Shadow  266 Black Watches,warranty years,not found,4950.0,4950.0,Watches,Accessories,Watches,0.0,Black,Unknown,Unknown,Unknown,Unknown,20,584,34,0,0,0,0,1,1,0,0,0,0,0,0,0,1,8.507344855361422,0.0
f46c0f88-0c4e-4b76-a1be-e3fcb500ac03,Puma,Puma Women Spark 351 Black Watches,warranty years,not found,5995.0,5995.0,Watches,Accessories,Watches,0.0,Black,Unknown,Unknown,Unknown,Unknown,20,595,34,0,0,0,0,1,1,0,0,0,0,0,0,0,1,8.698847859222488,0.0
a332e0cb-1884-4cd2-ad69-aba173992de5,Puma,Puma Women Finesse 232 White Watches,warranty years,not found,4250.0,4250.0,Watches,Accessories,Watches,0.0,White,Unknown,Unknown,Unknown,Unknown,20,581,34,0,0,0,0,1,1,0,0,0,0,0,0,0,1,8.35490952835879,0.0
d2576658-cc63-4a77-ac7b-d71dc89caaa7,Puma,Puma Women Finesse 233 White Watches,warranty years,not found,4250.0,4250.0,Watches,Accessories,Watches,0.0,White,Unknown,Unknown,Unknown,Unknown,20,582,34,0,0,0,0,1,1,0,0,0,0,0,0,0,1,8.35490952835879,0.0
d27a7ad4-9101-4253-adeb-cc8e0e198cbd,Puma,Puma Women Pure Pliancy 258 White Watches,warranty years,not found,5950.0,5950.0,Watches,Accessories,Watches,0.0,White,Unknown,Unknown,Unknown,Unknown,20,592,34,0,0,0,0,1,1,0,0,0,0,0,0,0,1,8.691314551644853,0.0
0ea8dc60-db52-4a99-bf57-47ed2fef496d,Puma,Puma Men Star Dust 145 White Watches,warranty years,not found,5950.0,5950.0,Watches,Accessories,Watches,0.0,White,Unknown,Unknown,Unknown,Unknown,20,555,34,0,0,1,0,0,1,0,0,0,0,0,0,0,1,8.691314551644853,0.0
dfd2975e-7a19-4c23-8441-efa6af5fe043,Puma,Puma Men Drift 244 Black Watches,warranty years,not found,7950.0,7950.0,Watches,Accessories,Watches,0.0,Black,Unknown,Unknown,Unknown,Unknown,20,520,34,0,0,1,0,0,1,0,0,0,0,0,0,0,1,8.981052985901483,0.0
1ad46fc2-d5be-46d7-bfa3-3550f11cdadb,Puma,Puma Women Pliancy 199 Pink Watches,warranty years,not found,4950.0,4950.0,Watches,Accessories,Watches,0.0,Pink,Unknown,Unknown,Unknown,Unknown,20,590,34,0,0,0,0,1,1,0,0,0,0,0,0,0,1,8.507344855361422,0.0
587e4a8b-4785-49ee-b61e-ac1d20bf859d,Puma,Puma Men Indication  178 Black Watches,warranty years,not found,7950.0,7950.0,Watches,Accessories,Watches,0.0,Black,Unknown,Unknown,Unknown,Unknown,20,531,34,0,0,1,0,0,1,0,0,0,0,0,0,0,1,8.981052985901483,0.0
277bc582-5b5f-4741-bfaa-99bfdf4040c9,Puma,Puma Women Vitality Stones 168 White Watches,warranty years,not found,5950.0,5950.0,Watches,Accessories,Watches,0.0,White,Unknown,Unknown,Unknown,Unknown,20,602,34,0,0,0,0,1,1,0,0,0,0,0,0,0,1,8.691314551644853,0.0
95920820-79f8-4660-831b-24499aa86a86,Puma,Puma Women Vitality Gold Stones  169 White Watches,warranty years,not found,6450.0,6450.0,Watches,Accessories,Watches,0.0,White,Unknown,Unknown,Unknown,Unknown,20,601,34,0,0,0,0,1,1,0,0,0,0,0,0,0,1,8.771990436532242,0.0
563bce09-d1e6-4213-99a5-b6917db4df35,Carlton London,Carlton London Men Casual Navy Blue Casual Shoes,na,na,2495.0,2495.0,Casual Shoes,Footwear,Shoes,0.0,Navy Blue,Unknown,Unknown,Unknown,Everyday,1,9,5,0,0,1,0,0,1,0,0,0,0,0,0,0,1,7.822444729489319,0.0
5bf6342d-61d5-45fe-8307-c2bf8613359c,Disney,Disney Kids Girl Pooh Face Orange Casual Shoes,not found,not found,299.0,299.0,Casual Shoes,Footwear,Shoes,0.0,Orange,Unknown,Unknown,Unknown,Unknown,5,94,5,0,0,0,0,1,1,0,0,0,0,0,0,0,1,5.703782474656201,0.0
a31b83c8-2600-414e-a0a2-685f4c28e90c,ESPRIT,Esprit Men Momentum Black Black Watches,not found,not found,8495.0,8495.0,Watches,Accessories,Watches,0.0,Black,Unknown,Unknown,Unknown,Unknown,7,166,34,0,0,1,0,0,1,0,0,0,0,0,0,0,1,9.04735074348172,0.0
116ea318-e1b5-4f32-b884-4f3dac77d48a,Carrera,Carrera Men Strap dial Yellow Watches,not found,not found,4450.0,4450.0,Watches,Accessories,Watches,0.0,Yellow,Unknown,Unknown,Unknown,Unknown,2,45,34,0,0,1,0,0,1,0,0,0,0,0,0,0,1,8.400884069015854,0.0
e1b0669a-187d-468f-bcfe-a14d22408019,Nike,Nike Women Training Blue Capris,not found,not found,1695.0,1695.0,Capris,Apparel,Bottomwear,0.0,Blue,Unknown,Unknown,Unknown,Unknown,18,485,3,0,0,0,0,1,1,0,0,0,0,1,0,0,0,7.4360278163518485,0.0
