id,idx
18481,0
43465,1
22480,2
52080,3
18482,4
26059,5
39631,6
17845,7
21727,8
52079,9
4157,10
43769,11
39232,12
48526,13
3597,14
6641,15
5461,16
9395,17
5315,18
9394,19
4152,20
3610,21
3373,22
5542,23
3591,24
4151,25
52052,26
5616,27
4044,28
38974,29
13207,30
4145,31
29095,32
12966,33
12969,34
5608,35
1832,36
6680,37
6829,38
6676,39
6674,40
6830,41
22524,42
40579,43
6744,44
3181,45
7581,46
3182,47
39233,48
8214,49
4168,50
41636,51
18474,52
27563,53
42129,54
41385,55
12711,56
9401,57
5248,58
43885,59
30202,60
30201,61
36922,62
41402,63
37856,64
36235,65
4045,66
43003,67
31312,68
42999,69
5628,70
1928,71
17841,72
3461,73
4174,74
37723,75
37780,76
37739,77
37781,78
37774,79
12955,80
37770,81
37771,82
46806,83
13205,84
37769,85
38822,86
39235,87
41591,88
41592,89
41596,90
40396,91
41594,92
41595,93
29091,94
46361,95
46360,96
13214,97
5556,98
37854,99
46362,100
46365,101
41597,102
36742,103
37263,104
42131,105
42846,106
46367,107
18473,108
3309,109
36741,110
4166,111
3151,112
42399,113
4156,114
39732,115
36733,116
46353,117
33061,118
43703,119
4154,120
42880,121
32588,122
41520,123
32587,124
41512,125
33751,126
32590,127
44913,128
47124,129
3150,130
41517,131
4146,132
34375,133
41593,134
35332,135
5243,136
7526,137
5242,138
42934,139
5726,140
42991,141
4164,142
24710,143
40436,144
5103,145
40219,146
53248,147
5631,148
32585,149
46352,150
38534,151
3306,152
40565,153
36914,154
32720,155
36907,156
42056,157
3846,158
6673,159
44880,160
30205,161
5630,162
7593,163
49564,164
27589,165
5646,166
42139,167
46344,168
44902,169
44893,170
3307,171
40269,172
34469,173
40272,174
11253,175
4155,176
6833,177
33941,178
44894,179
42035,180
17832,181
4565,182
44910,183
4144,184
3305,185
3325,186
27596,187
44882,188
42845,189
45941,190
45943,191
45942,192
33943,193
33935,194
30184,195
4037,196
40119,197
44918,198
42856,199
30183,200
44856,201
42124,202
26986,203
26987,204
26985,205
26984,206
4158,207
26982,208
4985,209
42933,210
44921,211
42886,212
42136,213
42881,214
18567,215
49562,216
44911,217
26983,218
40435,219
42857,220
34466,221
29504,222
18401,223
44900,224
4148,225
39622,226
40584,227
42993,228
4266,229
41765,230
1962,231
40596,232
7579,233
38565,234
4147,235
42843,236
27561,237
3371,238
42134,239
44890,240
27558,241
19319,242
43955,243
18483,244
35483,245
3298,246
42864,247
3296,248
41315,249
23858,250
47108,251
41313,252
4172,253
3303,254
45831,255
42146,256
41322,257
3304,258
41316,259
42935,260
41317,261
44803,262
47119,263
43560,264
40261,265
4171,266
33067,267
35049,268
40255,269
41587,270
42401,271
40382,272
15721,273
27012,274
45796,275
50419,276
33064,277
42842,278
39764,279
47101,280
42380,281
33058,282
41609,283
37742,284
33290,285
4169,286
36841,287
46963,288
46962,289
31317,290
37734,291
37726,292
42128,293
39071,294
33081,295
47114,296
42990,297
32246,298
3302,299
32247,300
31234,301
39230,302
33083,303
44883,304
39219,305
45931,306
4043,307
43889,308
46885,309
42885,310
46836,311
47105,312
43888,313
43887,314
45871,315
25242,316
42891,317
43818,318
27511,319
9051,320
10126,321
33057,322
49773,323
45872,324
43878,325
17847,326
13202,327
43817,328
29690,329
24702,330
5322,331
39226,332
39237,333
43876,334
38150,335
39216,336
4039,337
35036,338
33080,339
39222,340
41700,341
47019,342
30355,343
43681,344
46881,345
43680,346
49882,347
47091,348
39215,349
17827,350
34423,351
43891,352
32251,353
45817,354
46958,355
34428,356
42054,357
39218,358
44867,359
20897,360
45642,361
41699,362
46959,363
28955,364
41696,365
47113,366
42943,367
47095,368
35007,369
41701,370
4267,371
41695,372
45821,373
44866,374
43879,375
44014,376
8099,377
45815,378
43300,379
45887,380
43299,381
43301,382
44848,383
4047,384
31700,385
7244,386
32227,387
40400,388
7247,389
47087,390
49884,391
41693,392
41694,393
39720,394
35034,395
32721,396
35037,397
35035,398
30191,399
45898,400
43968,401
49894,402
37119,403
37141,404
40411,405
42848,406
49889,407
7242,408
7239,409
10037,410
37866,411
41303,412
43489,413
7241,414
44137,415
49890,416
45742,417
39236,418
44776,419
44777,420
26058,421
42852,422
7234,423
42049,424
33648,425
41472,426
41471,427
45748,428
44842,429
40224,430
34492,431
43816,432
42870,433
44040,434
43483,435
36909,436
6350,437
39721,438
44051,439
49846,440
49902,441
44125,442
44076,443
13211,444
3171,445
41909,446
49903,447
49893,448
5618,449
49868,450
44053,451
49888,452
5619,453
39225,454
45924,455
43880,456
41309,457
30206,458
32256,459
49897,460
25484,461
40421,462
42928,463
44843,464
46844,465
44018,466
42917,467
7243,468
14329,469
38524,470
34906,471
5958,472
44036,473
3844,474
7257,475
42926,476
49875,477
44056,478
44091,479
30574,480
37652,481
39063,482
45811,483
42922,484
8522,485
39758,486
5533,487
44042,488
45800,489
34908,490
4577,491
35478,492
5620,493
36638,494
39723,495
44112,496
3824,497
3823,498
43873,499
43874,500
46908,501
39728,502
49874,503
6349,504
39067,505
4046,506
43871,507
46850,508
49848,509
43978,510
42997,511
44420,512
20896,513
49845,514
45725,515
3847,516
3845,517
43979,518
38525,519
45733,520
44772,521
34945,522
5319,523
42036,524
24420,525
46777,526
5576,527
5729,528
44039,529
32250,530
45816,531
50662,532
38546,533
38547,534
49880,535
43875,536
37706,537
50660,538
17838,539
36622,540
2189,541
44752,542
44759,543
8532,544
32568,545
45799,546
22724,547
25449,548
42148,549
41731,550
7217,551
7218,552
48126,553
44763,554
48119,555
44762,556
37639,557
43772,558
48115,559
22726,560
4286,561
48121,562
22725,563
32824,564
35481,565
44783,566
48116,567
41312,568
44750,569
44757,570
44756,571
22032,572
35491,573
44751,574
4578,575
43493,576
44049,577
48114,578
13198,579
38548,580
38549,581
15717,582
3460,583
37640,584
7220,585
7219,586
6348,587
37973,588
6366,589
48117,590
8516,591
34979,592
38531,593
42927,594
35237,595
42949,596
48118,597
43492,598
41469,599
17829,600
58446,601
40487,602
12710,603
35018,604
40410,605
47121,606
18410,607
29689,608
44782,609
41466,610
7587,611
40424,612
42127,613
49861,614
44069,615
42140,616
22698,617
41468,618
22731,619
42995,620
7594,621
36216,622
43884,623
6682,624
43330,625
44034,626
40460,627
36217,628
49863,629
49859,630
37650,631
36215,632
13210,633
13206,634
22732,635
23092,636
41875,637
16246,638
49561,639
44610,640
16239,641
41866,642
36208,643
5627,644
36199,645
41723,646
7575,647
7578,648
47120,649
8529,650
37646,651
3455,652
17842,653
40203,654
13213,655
42181,656
49578,657
13203,658
49597,659
42132,660
13164,661
36845,662
32472,663
36884,664
22730,665
9038,666
9037,667
7255,668
7259,669
4710,670
22707,671
4709,672
4995,673
4284,674
23093,675
8574,676
48125,677
46944,678
44122,679
5476,680
8530,681
44130,682
46780,683
44712,684
38976,685
8517,686
18484,687
5465,688
40412,689
22034,690
4708,691
7252,692
4283,693
44135,694
12769,695
40216,696
4996,697
22711,698
5468,699
22033,700
48124,701
48123,702
42920,703
35008,704
32473,705
44710,706
8526,707
44101,708
44709,709
8524,710
44785,711
39762,712
8638,713
34806,714
2645,715
37102,716
11927,717
44714,718
5569,719
37111,720
22027,721
43881,722
8603,723
49827,724
41724,725
32430,726
24722,727
22690,728
37103,729
4066,730
49594,731
35633,732
8528,733
8535,734
40295,735
42044,736
25564,737
8525,738
5641,739
5610,740
34395,741
30751,742
44718,743
4691,744
4692,745
22697,746
17840,747
30764,748
4715,749
24721,750
24421,751
4690,752
4693,753
30752,754
4274,755
44068,756
22071,757
22054,758
22070,759
37547,760
22074,761
5584,762
44647,763
42853,764
18417,765
4714,766
5540,767
7222,768
28544,769
44726,770
4954,771
7240,772
47355,773
5537,774
10102,775
8506,776
12885,777
10111,778
7227,779
6751,780
44646,781
44755,782
8304,783
5629,784
5614,785
13166,786
42177,787
20892,788
8520,789
4279,790
4281,791
4282,792
7235,793
4069,794
13167,795
5615,796
35019,797
9036,798
4068,799
7236,800
43298,801
42831,802
9032,803
4133,804
4134,805
34321,806
6748,807
9039,808
9040,809
8513,810
32828,811
9044,812
4665,813
38832,814
8512,815
5735,816
9726,817
9026,818
5734,819
7246,820
22701,821
34977,822
9024,823
9023,824
24422,825
6640,826
5730,827
6639,828
7262,829
7263,830
10056,831
5571,832
12708,833
7746,834
44705,835
1534,836
40286,837
5606,838
8088,839
1556,840
25479,841
28659,842
5479,843
25282,844
7589,845
18403,846
5654,847
22699,848
13165,849
9097,850
9033,851
9042,852
9041,853
9397,854
7224,855
7226,856
3579,857
9396,858
4470,859
2188,860
31690,861
4643,862
7741,863
5703,864
5699,865
8242,866
3453,867
28660,868
9031,869
9030,870
9027,871
42948,872
30960,873
1618,874
1533,875
30779,876
11929,877
9089,878
7230,879
7228,880
49851,881
7250,882
10493,883
21175,884
44643,885
4695,886
35711,887
1540,888
44721,889
6649,890
18412,891
18413,892
22534,893
24410,894
1563,895
6647,896
42941,897
9817,898
44649,899
6741,900
18414,901
6345,902
9102,903
6628,904
9101,905
42940,906
6545,907
6740,908
5573,909
56672,910
3586,911
24217,912
24218,913
25457,914
31949,915
46767,916
5042,917
8299,918
7601,919
9043,920
46768,921
20674,922
7858,923
13199,924
5536,925
17972,926
42916,927
12701,928
4641,929
8302,930
4642,931
8300,932
4644,933
5538,934
48528,935
44054,936
20831,937
22710,938
1833,939
4149,940
9096,941
8527,942
5625,943
8521,944
35784,945
28633,946
4067,947
6755,948
6752,949
6754,950
48531,951
9770,952
23846,953
4994,954
41298,955
20886,956
20885,957
44132,958
42417,959
5539,960
7233,961
7231,962
46932,963
4574,964
9025,965
8076,966
48527,967
5535,968
46797,969
46798,970
46770,971
22510,972
13648,973
20924,974
9086,975
10081,976
11968,977
6359,978
43264,979
6360,980
8075,981
4993,982
8238,983
7232,984
28651,985
22718,986
22719,987
26448,988
18480,989
1831,990
18479,991
9020,992
11831,993
36138,994
1836,995
18657,996
8215,997
21176,998
5053,999
13204,1000
3154,1001
22716,1002
46852,1003
5069,1004
6370,1005
13209,1006
6368,1007
7389,1008
6664,1009
35803,1010
5622,1011
41305,1012
5621,1013
5336,1014
20960,1015
13168,1016
7238,1017
17977,1018
7584,1019
3798,1020
6665,1021
20895,1022
20890,1023
11949,1024
4645,1025
34822,1026
4575,1027
1532,1028
41522,1029
41209,1030
5712,1031
30763,1032
56681,1033
30783,1034
37638,1035
30757,1036
24159,1037
4580,1038
4543,1039
8074,1040
44142,1041
6544,1042
9028,1043
8519,1044
4064,1045
4065,1046
11966,1047
5341,1048
30762,1049
9034,1050
4568,1051
9091,1052
14959,1053
9035,1054
44231,1055
46774,1056
7407,1057
30759,1058
18667,1059
46779,1060
27181,1061
3566,1062
10171,1063
5047,1064
26452,1065
5693,1066
22704,1067
5694,1068
41521,1069
56676,1070
27935,1071
8518,1072
8523,1073
4544,1074
9107,1075
4579,1076
7576,1077
4110,1078
24412,1079
4109,1080
13208,1081
19387,1082
4272,1083
3498,1084
22703,1085
10104,1086
46772,1087
30951,1088
22736,1089
5054,1090
9274,1091
29688,1092
3492,1093
41759,1094
46776,1095
26450,1096
42904,1097
23847,1098
5046,1099
5068,1100
6747,1101
7748,1102
7603,1103
14543,1104
7248,1105
15718,1106
15744,1107
7523,1108
44030,1109
7216,1110
24476,1111
22729,1112
4666,1113
4694,1114
19944,1115
10080,1116
5483,1117
6814,1118
5532,1119
20891,1120
5289,1121
20888,1122
31208,1123
20894,1124
24180,1125
26818,1126
5324,1127
1538,1128
51317,1129
7046,1130
5429,1131
8344,1132
44232,1133
9075,1134
22735,1135
51318,1136
15931,1137
17743,1138
22734,1139
17740,1140
31974,1141
31975,1142
44136,1143
4664,1144
34798,1145
4701,1146
9950,1147
6634,1148
6623,1149
3618,1150
10172,1151
24425,1152
6565,1153
7251,1154
17742,1155
5658,1156
36219,1157
2504,1158
2503,1159
2502,1160
30881,1161
23935,1162
46800,1163
7329,1164
28649,1165
19310,1166
5590,1167
5519,1168
9748,1169
4516,1170
8103,1171
14334,1172
8345,1173
30930,1174
38407,1175
9087,1176
9090,1177
4111,1178
7733,1179
12704,1180
31950,1181
23932,1182
7322,1183
24668,1184
29970,1185
5875,1186
4105,1187
31947,1188
31948,1189
7045,1190
5568,1191
34803,1192
4653,1193
25418,1194
4698,1195
7864,1196
29963,1197
7727,1198
24188,1199
7254,1200
4696,1201
40566,1202
36892,1203
27936,1204
29964,1205
26453,1206
15309,1207
24187,1208
8085,1209
15308,1210
5344,1211
41208,1212
4702,1213
4997,1214
2501,1215
29959,1216
30850,1217
20938,1218
55139,1219
55122,1220
55134,1221
55140,1222
55136,1223
55142,1224
55144,1225
5700,1226
46623,1227
5701,1228
30072,1229
4697,1230
4436,1231
55256,1232
8084,1233
12709,1234
8093,1235
5290,1236
4112,1237
6800,1238
12819,1239
4104,1240
4114,1241
17834,1242
7376,1243
30782,1244
31689,1245
5038,1246
1539,1247
18675,1248
18672,1249
12740,1250
27939,1251
4518,1252
6801,1253
18494,1254
43001,1255
4472,1256
18427,1257
4120,1258
10095,1259
10097,1260
9953,1261
10096,1262
20932,1263
7249,1264
30788,1265
4569,1266
22733,1267
10034,1268
6624,1269
6626,1270
9100,1271
23091,1272
42326,1273
9022,1274
4961,1275
6643,1276
10176,1277
4508,1278
4510,1279
30872,1280
18656,1281
3606,1282
12974,1283
30193,1284
13169,1285
13727,1286
4439,1287
6644,1288
4808,1289
28389,1290
25415,1291
38408,1292
30075,1293
4867,1294
30797,1295
8303,1296
15747,1297
23243,1298
7754,1299
42045,1300
3219,1301
4711,1302
5469,1303
7605,1304
46775,1305
38411,1306
12716,1307
7237,1308
15729,1309
4179,1310
4851,1311
4859,1312
4796,1313
4832,1314
6669,1315
14934,1316
12699,1317
24411,1318
6630,1319
36232,1320
19414,1321
29278,1322
29290,1323
30074,1324
46799,1325
4797,1326
24424,1327
29967,1328
4437,1329
19316,1330
29955,1331
29244,1332
30959,1333
30958,1334
7381,1335
6961,1336
4549,1337
8223,1338
4786,1339
5459,1340
4833,1341
5683,1342
4444,1343
4443,1344
4809,1345
17839,1346
17485,1347
7370,1348
43002,1349
9732,1350
15290,1351
5471,1352
6650,1353
4471,1354
6372,1355
4438,1356
6735,1357
23926,1358
23246,1359
38392,1360
42141,1361
42142,1362
32496,1363
6629,1364
7775,1365
7774,1366
9049,1367
30065,1368
9045,1369
30064,1370
30076,1371
9103,1372
25445,1373
6982,1374
31952,1375
17844,1376
6127,1377
5062,1378
6131,1379
13215,1380
5873,1381
5883,1382
8250,1383
9289,1384
4440,1385
24418,1386
8073,1387
46773,1388
20874,1389
25469,1390
6632,1391
22688,1392
6631,1393
7260,1394
22727,1395
6362,1396
6361,1397
6363,1398
30746,1399
23245,1400
9678,1401
12683,1402
5229,1403
7604,1404
24460,1405
38400,1406
30744,1407
6374,1408
14937,1409
30063,1410
4636,1411
17830,1412
4635,1413
15726,1414
5473,1415
27940,1416
4962,1417
10168,1418
4269,1419
21921,1420
4707,1421
7735,1422
5870,1423
6339,1424
11732,1425
10003,1426
9392,1427
7366,1428
6799,1429
24458,1430
17043,1431
6853,1432
5682,1433
2474,1434
25270,1435
24428,1436
14556,1437
17843,1438
4937,1439
4705,1440
9683,1441
31935,1442
5686,1443
26319,1444
39040,1445
6783,1446
30067,1447
13535,1448
30902,1449
31937,1450
24670,1451
4858,1452
6347,1453
13650,1454
3795,1455
17971,1456
17975,1457
17965,1458
8081,1459
9433,1460
10167,1461
10177,1462
2187,1463
16236,1464
26617,1465
4656,1466
5291,1467
10178,1468
4654,1469
22693,1470
19770,1471
4699,1472
1727,1473
31977,1474
30087,1475
4506,1476
5450,1477
24408,1478
31976,1479
24671,1480
30085,1481
10602,1482
15741,1483
10017,1484
4634,1485
6470,1486
10089,1487
4633,1488
4632,1489
4445,1490
6379,1491
4107,1492
4270,1493
4108,1494
41530,1495
6667,1496
30917,1497
4563,1498
7599,1499
19927,1500
10093,1501
14940,1502
4927,1503
22486,1504
9681,1505
22692,1506
9670,1507
4278,1508
7321,1509
55121,1510
55129,1511
55132,1512
55143,1513
55138,1514
55141,1515
55221,1516
10148,1517
18409,1518
25144,1519
12713,1520
24191,1521
4652,1522
36136,1523
5691,1524
24192,1525
6810,1526
10025,1527
36137,1528
24173,1529
14941,1530
3594,1531
30070,1532
17831,1533
17828,1534
14345,1535
29253,1536
14330,1537
8089,1538
4945,1539
18658,1540
32497,1541
10145,1542
5481,1543
12888,1544
28613,1545
6848,1546
9729,1547
6709,1548
6710,1549
35936,1550
19771,1551
17627,1552
31302,1553
24417,1554
4640,1555
27718,1556
22980,1557
25261,1558
6621,1559
6663,1560
6619,1561
4925,1562
4657,1563
23778,1564
14960,1565
14961,1566
23766,1567
18659,1568
11276,1569
23758,1570
7047,1571
8247,1572
18439,1573
7042,1574
7038,1575
10110,1576
4638,1577
30066,1578
7048,1579
4637,1580
10128,1581
14558,1582
38389,1583
16248,1584
6055,1585
17978,1586
5485,1587
20929,1588
7036,1589
25719,1590
5288,1591
12991,1592
28655,1593
57230,1594
13171,1595
13782,1596
9393,1597
22722,1598
24176,1599
26522,1600
57231,1601
18007,1602
22723,1603
11933,1604
7044,1605
30082,1606
29263,1607
42138,1608
20825,1609
31960,1610
23768,1611
36890,1612
12693,1613
12696,1614
12692,1615
23769,1616
4048,1617
10144,1618
44614,1619
7041,1620
26614,1621
24165,1622
23927,1623
7874,1624
24426,1625
3223,1626
22709,1627
22713,1628
5611,1629
30080,1630
4639,1631
24413,1632
7383,1633
24174,1634
6809,1635
11015,1636
26613,1637
26624,1638
4663,1639
14347,1640
10267,1641
55294,1642
17846,1643
30793,1644
4938,1645
24169,1646
55290,1647
27010,1648
25487,1649
7331,1650
11662,1651
20807,1652
11664,1653
36226,1654
4928,1655
27726,1656
24457,1657
24456,1658
39039,1659
55234,1660
24257,1661
4661,1662
7405,1663
24129,1664
9019,1665
9018,1666
30317,1667
5086,1668
32249,1669
24175,1670
12750,1671
5878,1672
4864,1673
13651,1674
19928,1675
5871,1676
27552,1677
11285,1678
30537,1679
32937,1680
28871,1681
8342,1682
46801,1683
19862,1684
10174,1685
10175,1686
25453,1687
7602,1688
4946,1689
10112,1690
24356,1691
9305,1692
4662,1693
20802,1694
39523,1695
13529,1696
10146,1697
15310,1698
4573,1699
5327,1700
4830,1701
4947,1702
22982,1703
46752,1704
11028,1705
6825,1706
14936,1707
4943,1708
6912,1709
6376,1710
22063,1711
30311,1712
11730,1713
34799,1714
24453,1715
20140,1716
8965,1717
5055,1718
4655,1719
30318,1720
30798,1721
4651,1722
24168,1723
44234,1724
1561,1725
1562,1726
44235,1727
24158,1728
30091,1729
10517,1730
24172,1731
3912,1732
1549,1733
4487,1734
10151,1735
10153,1736
17984,1737
4649,1738
5678,1739
13649,1740
4501,1741
39034,1742
20804,1743
3917,1744
30892,1745
30095,1746
9894,1747
18674,1748
23770,1749
26990,1750
30776,1751
24136,1752
39038,1753
23774,1754
3910,1755
23788,1756
23785,1757
7853,1758
9892,1759
13784,1760
7854,1761
4926,1762
22979,1763
25175,1764
39036,1765
4488,1766
25234,1767
20963,1768
10117,1769
1649,1770
6341,1771
35710,1772
3911,1773
5126,1774
12957,1775
5866,1776
27628,1777
30778,1778
1594,1779
9585,1780
4499,1781
4500,1782
55227,1783
16792,1784
30897,1785
11727,1786
13576,1787
6742,1788
10143,1789
4490,1790
4496,1791
4489,1792
22052,1793
9404,1794
5754,1795
46753,1796
22916,1797
9854,1798
11293,1799
1828,1800
10150,1801
28731,1802
6469,1803
8406,1804
9058,1805
35712,1806
6517,1807
21243,1808
24429,1809
21269,1810
25204,1811
27629,1812
4474,1813
22494,1814
10173,1815
4975,1816
6563,1817
12691,1818
17410,1819
23931,1820
17416,1821
6516,1822
12712,1823
12990,1824
19406,1825
42987,1826
24204,1827
17409,1828
4566,1829
28709,1830
17411,1831
7776,1832
20925,1833
14563,1834
3909,1835
30754,1836
6854,1837
9443,1838
32498,1839
19320,1840
7715,1841
13532,1842
25198,1843
12806,1844
7716,1845
42994,1846
7600,1847
33156,1848
5647,1849
11744,1850
13621,1851
19329,1852
13630,1853
9059,1854
6918,1855
13624,1856
21271,1857
8249,1858
20926,1859
1651,1860
24156,1861
5531,1862
5577,1863
25217,1864
19281,1865
32210,1866
23939,1867
13627,1868
4139,1869
25223,1870
7221,1871
6489,1872
5710,1873
23254,1874
7223,1875
1530,1876
24461,1877
14752,1878
27273,1879
4955,1880
13580,1881
14568,1882
23776,1883
13578,1884
7043,1885
23943,1886
26996,1887
9146,1888
23942,1889
27271,1890
31785,1891
29727,1892
3923,1893
6620,1894
5045,1895
4852,1896
5696,1897
4855,1898
18518,1899
8754,1900
4853,1901
17527,1902
5043,1903
6531,1904
13783,1905
24167,1906
17603,1907
11734,1908
8083,1909
9733,1910
3919,1911
3921,1912
6856,1913
19863,1914
3920,1915
6855,1916
46931,1917
31784,1918
16637,1919
29724,1920
4136,1921
1553,1922
26991,1923
26424,1924
27281,1925
7522,1926
16638,1927
31782,1928
29725,1929
14342,1930
6080,1931
9672,1932
29249,1933
4123,1934
21268,1935
9441,1936
23842,1937
20799,1938
10010,1939
11736,1940
4976,1941
4948,1942
9310,1943
24427,1944
3221,1945
23094,1946
4953,1947
5679,1948
30856,1949
18303,1950
4536,1951
12993,1952
32763,1953
32215,1954
16198,1955
4944,1956
44611,1957
26124,1958
24199,1959
19568,1960
8307,1961
16224,1962
8308,1963
17605,1964
17599,1965
17596,1966
17601,1967
21893,1968
17607,1969
30857,1970
17602,1971
30068,1972
21883,1973
26480,1974
16639,1975
5762,1976
5761,1977
11764,1978
4559,1979
18905,1980
7395,1981
28766,1982
25296,1983
28614,1984
5681,1985
5680,1986
23936,1987
25297,1988
4078,1989
4077,1990
29272,1991
6383,1992
30345,1993
1595,1994
14577,1995
10129,1996
25294,1997
12985,1998
12987,1999
44612,2000
14552,2001
12792,2002
9056,2003
24385,2004
9057,2005
8411,2006
55114,2007
35713,2008
27292,2009
4740,2010
25295,2011
6150,2012
4558,2013
55115,2014
7368,2015
27272,2016
35934,2017
55113,2018
13656,2019
35935,2020
27278,2021
25291,2022
24423,2023
18257,2024
5688,2025
20933,2026
27015,2027
30189,2028
10286,2029
4957,2030
18287,2031
10147,2032
10149,2033
26863,2034
24307,2035
1578,2036
9779,2037
10169,2038
10170,2039
4512,2040
4511,2041
4498,2042
4497,2043
18435,2044
9685,2045
9777,2046
9400,2047
8218,2048
21369,2049
4848,2050
26040,2051
5258,2052
39887,2053
14565,2054
12873,2055
20927,2056
9309,2057
19864,2058
6129,2059
8289,2060
5702,2061
27286,2062
21367,2063
8298,2064
24371,2065
21884,2066
12286,2067
6815,2068
28606,2069
10288,2070
10270,2071
23857,2072
3439,2073
30839,2074
31696,2075
24374,2076
23930,2077
10078,2078
19282,2079
8222,2080
3441,2081
31607,2082
17413,2083
17414,2084
15660,2085
27289,2086
16380,2087
27284,2088
27285,2089
27276,2090
30890,2091
30196,2092
6130,2093
27277,2094
42988,2095
13726,2096
55071,2097
36141,2098
36142,2099
19261,2100
10099,2101
4441,2102
18293,2103
30925,2104
3918,2105
17981,2106
3922,2107
30924,2108
20604,2109
4963,2110
6445,2111
21248,2112
31698,2113
11926,2114
27268,2115
10154,2116
5583,2117
10571,2118
5674,2119
5673,2120
40110,2121
29196,2122
21247,2123
9147,2124
18268,2125
26404,2126
5228,2127
10107,2128
10570,2129
27283,2130
9321,2131
6678,2132
7753,2133
4787,2134
11781,2135
4818,2136
10152,2137
12994,2138
13533,2139
12732,2140
5593,2141
27623,2142
6508,2143
7365,2144
30922,2145
27624,2146
7773,2147
42903,2148
32737,2149
32736,2150
1617,2151
24380,2152
10566,2153
4448,2154
6192,2155
13657,2156
13534,2157
15461,2158
18438,2159
13163,2160
9403,2161
13653,2162
17960,2163
24366,2164
31694,2165
31971,2166
29735,2167
14570,2168
8542,2169
5714,2170
45259,2171
19280,2172
25241,2173
21381,2174
21380,2175
11778,2176
7771,2177
4959,2178
9399,2179
13654,2180
12798,2181
7772,2182
10155,2183
2479,2184
7063,2185
5589,2186
6756,2187
11237,2188
9444,2189
26408,2190
10574,2191
9526,2192
4473,2193
7686,2194
30780,2195
4495,2196
9092,2197
25299,2198
4494,2199
42894,2200
13574,2201
38397,2202
20910,2203
21382,2204
5089,2205
5343,2206
6504,2207
29405,2208
17626,2209
18490,2210
47250,2211
25460,2212
25459,2213
36140,2214
4242,2215
3312,2216
10307,2217
7846,2218
5215,2219
1625,2220
4964,2221
29730,2222
4222,2223
4647,2224
22983,2225
4648,2226
22984,2227
22717,2228
7404,2229
4956,2230
3765,2231
11010,2232
32234,2233
17819,2234
22978,2235
22977,2236
14028,2237
12992,2238
11011,2239
6554,2240
36248,2241
6550,2242
18744,2243
25461,2244
36243,2245
22702,2246
26974,2247
16615,2248
23870,2249
2484,2250
24303,2251
18416,2252
16611,2253
18743,2254
16634,2255
8752,2256
32944,2257
13174,2258
19167,2259
17993,2260
10039,2261
20966,2262
20968,2263
16612,2264
30832,2265
16230,2266
9922,2267
33820,2268
5704,2269
5692,2270
5739,2271
6520,2272
7023,2273
8116,2274
8531,2275
6506,2276
6514,2277
6518,2278
16625,2279
31029,2280
29402,2281
21600,2282
17900,2283
25263,2284
7332,2285
19264,2286
7021,2287
3734,2288
33857,2289
6041,2290
29399,2291
16610,2292
29265,2293
33817,2294
5082,2295
19481,2296
12883,2297
30921,2298
19260,2299
4741,2300
19642,2301
19270,2302
19309,2303
21379,2304
13573,2305
7026,2306
4717,2307
10290,2308
19314,2309
6627,2310
4960,2311
10312,2312
41842,2313
5467,2314
7396,2315
6625,2316
10138,2317
14573,2318
19253,2319
5096,2320
9958,2321
52023,2322
10082,2323
33839,2324
32188,2325
21376,2326
16614,2327
5541,2328
32738,2329
27274,2330
7379,2331
21375,2332
13189,2333
32727,2334
14557,2335
18523,2336
29048,2337
25313,2338
17757,2339
12977,2340
14907,2341
9956,2342
12989,2343
23884,2344
4140,2345
4137,2346
22491,2347
2486,2348
17758,2349
12705,2350
20843,2351
4486,2352
13023,2353
4509,2354
13146,2355
5466,2356
14908,2357
14932,2358
2403,2359
9437,2360
9439,2361
17826,2362
19255,2363
6816,2364
28212,2365
29734,2366
19277,2367
13015,2368
24194,2369
38671,2370
3694,2371
9144,2372
6675,2373
6773,2374
14576,2375
19274,2376
8967,2377
4550,2378
11771,2379
6043,2380
19287,2381
3766,2382
10274,2383
7782,2384
11759,2385
46022,2386
27275,2387
43000,2388
4958,2389
2478,2390
10568,2391
30919,2392
19278,2393
30920,2394
28807,2395
3585,2396
32949,2397
26605,2398
2191,2399
4492,2400
4493,2401
23854,2402
15730,2403
15727,2404
15302,2405
41707,2406
21245,2407
18688,2408
21246,2409
14343,2410
25274,2411
18671,2412
12430,2413
17763,2414
28739,2415
18687,2416
13019,2417
10573,2418
18476,2419
8284,2420
18477,2421
15463,2422
18478,2423
18407,2424
5124,2425
7180,2426
23934,2427
13632,2428
7027,2429
2107,2430
7683,2431
19812,2432
16787,2433
21881,2434
6767,2435
25491,2436
15743,2437
7256,2438
13095,2439
12886,2440
28808,2441
10268,2442
4860,2443
13179,2444
33856,2445
6082,2446
4017,2447
4815,2448
24855,2449
2106,2450
32179,2451
19813,2452
9145,2453
10572,2454
16463,2455
7020,2456
7692,2457
8811,2458
26646,2459
24164,2460
7039,2461
7037,2462
6658,2463
19293,2464
6049,2465
4921,2466
25148,2467
5470,2468
10565,2469
9149,2470
7592,2471
4835,2472
10136,2473
11770,2474
16626,2475
16630,2476
19856,2477
4238,2478
19256,2479
19814,2480
7364,2481
14333,2482
10410,2483
27295,2484
7713,2485
13738,2486
7134,2487
17632,2488
30771,2489
27213,2490
4935,2491
32180,2492
8631,2493
18289,2494
8403,2495
4560,2496
4718,2497
17823,2498
3300,2499
4504,2500
4502,2501
7777,2502
27626,2503
28789,2504
33840,2505
12874,2506
4103,2507
13732,2508
12823,2509
6557,2510
32189,2511
6559,2512
6555,2513
12829,2514
31574,2515
19272,2516
7131,2517
18259,2518
24918,2519
8343,2520
3372,2521
29099,2522
7133,2523
9273,2524
14338,2525
20683,2526
28806,2527
7968,2528
27011,2529
2402,2530
6537,2531
16976,2532
32306,2533
11507,2534
6793,2535
6541,2536
27683,2537
21270,2538
5050,2539
5049,2540
14861,2541
19584,2542
27183,2543
9135,2544
7778,2545
11230,2546
9730,2547
26702,2548
6126,2549
31695,2550
7779,2551
5707,2552
2401,2553
26703,2554
32263,2555
18625,2556
8968,2557
24452,2558
11019,2559
12998,2560
3301,2561
5008,2562
32262,2563
28878,2564
13609,2565
57886,2566
9142,2567
16461,2568
14566,2569
13607,2570
5825,2571
23925,2572
25492,2573
27907,2574
6391,2575
9180,2576
6392,2577
7696,2578
9182,2579
6390,2580
6446,2581
17761,2582
7060,2583
14344,2584
19298,2585
19252,2586
17762,2587
18846,2588
11018,2589
19283,2590
2493,2591
6456,2592
6453,2593
6736,2594
28943,2595
7533,2596
21889,2597
4861,2598
5136,2599
31699,2600
7067,2601
11517,2602
2497,2603
17719,2604
8433,2605
27186,2606
7258,2607
20814,2608
7677,2609
30830,2610
26140,2611
28879,2612
32226,2613
4184,2614
14571,2615
18400,2616
11329,2617
13605,2618
17764,2619
17765,2620
2491,2621
40180,2622
19171,2623
4922,2624
4469,2625
25167,2626
12880,2627
6622,2628
2490,2629
26156,2630
12703,2631
8063,2632
10563,2633
18917,2634
22970,2635
22969,2636
7783,2637
33825,2638
13150,2639
31788,2640
25243,2641
17483,2642
11511,2643
25210,2644
13359,2645
56620,2646
9047,2647
10263,2648
9099,2649
9046,2650
11495,2651
9151,2652
26135,2653
17768,2654
9085,2655
9580,2656
4118,2657
14559,2658
9581,2659
9583,2660
9582,2661
25222,2662
25417,2663
19299,2664
4119,2665
7518,2666
32746,2667
31697,2668
22493,2669
25466,2670
25464,2671
44227,2672
46017,2673
10564,2674
7969,2675
7011,2676
4773,2677
46014,2678
19254,2679
7253,2680
20919,2681
41843,2682
10315,2683
9060,2684
6826,2685
5083,2686
29224,2687
26497,2688
16915,2689
2105,2690
30772,2691
8404,2692
17714,2693
7694,2694
8390,2695
17713,2696
26496,2697
19259,2698
7320,2699
7726,2700
7728,2701
14554,2702
26498,2703
17717,2704
55223,2705
22112,2706
3293,2707
17727,2708
5108,2709
4965,2710
7985,2711
18718,2712
4503,2713
19307,2714
18884,2715
6027,2716
9181,2717
9783,2718
12995,2719
6068,2720
4507,2721
10578,2722
13172,2723
8094,2724
5266,2725
18868,2726
47168,2727
5019,2728
6802,2729
7679,2730
16475,2731
26388,2732
4466,2733
13016,2734
18701,2735
13013,2736
18867,2737
18844,2738
13599,2739
9132,2740
6097,2741
15299,2742
17726,2743
11024,2744
7693,2745
9131,2746
17715,2747
15406,2748
7135,2749
15376,2750
16786,2751
4619,2752
17815,2753
7695,2754
17816,2755
12442,2756
17722,2757
17721,2758
6389,2759
11025,2760
10287,2761
13593,2762
21901,2763
5155,2764
28608,2765
8765,2766
18842,2767
30639,2768
20921,2769
13584,2770
13590,2771
19809,2772
17481,2773
13184,2774
26636,2775
14560,2776
42119,2777
6574,2778
26486,2779
25447,2780
6642,2781
10179,2782
7061,2783
5154,2784
10180,2785
10166,2786
20920,2787
18408,2788
35050,2789
19276,2790
19300,2791
23294,2792
4931,2793
40108,2794
18906,2795
5579,2796
6913,2797
16465,2798
5150,2799
12706,2800
13031,2801
6824,2802
14572,2803
35931,2804
4942,2805
13675,2806
11215,2807
24720,2808
21373,2809
35930,2810
26623,2811
26616,2812
6795,2813
11012,2814
5778,2815
10282,2816
29063,2817
11014,2818
4468,2819
2108,2820
13567,2821
17723,2822
19295,2823
8098,2824
21927,2825
22495,2826
9687,2827
12523,2828
13566,2829
42088,2830
30742,2831
3370,2832
13571,2833
19829,2834
32945,2835
28164,2836
30581,2837
26485,2838
26494,2839
38673,2840
14946,2841
7066,2842
23836,2843
15249,2844
18670,2845
6769,2846
40178,2847
4826,2848
31789,2849
7537,2850
18862,2851
2481,2852
10272,2853
4553,2854
2483,2855
26495,2856
19810,2857
4572,2858
15283,2859
4223,2860
4548,2861
32228,2862
15274,2863
8817,2864
55238,2865
9711,2866
18861,2867
13188,2868
55236,2869
18691,2870
23262,2871
7674,2872
17623,2873
18695,2874
7012,2875
9584,2876
18440,2877
5482,2878
14575,2879
6406,2880
18693,2881
34818,2882
11022,2883
31951,2884
40165,2885
19846,2886
6410,2887
6409,2888
5109,2889
4966,2890
4626,2891
20793,2892
5113,2893
4627,2894
8710,2895
18705,2896
29268,2897
9601,2898
18700,2899
32191,2900
34737,2901
7187,2902
9124,2903
6460,2904
16458,2905
7132,2906
11016,2907
28159,2908
10133,2909
16298,2910
8175,2911
13602,2912
35707,2913
5110,2914
15400,2915
7682,2916
15374,2917
6950,2918
40170,2919
5214,2920
5093,2921
11229,2922
4547,2923
6515,2924
2489,2925
28163,2926
10269,2927
3832,2928
21386,2929
4834,2930
18703,2931
22953,2932
30112,2933
22952,2934
10141,2935
10157,2936
8619,2937
4479,2938
16293,2939
15169,2940
10101,2941
12968,2942
12975,2943
26492,2944
40181,2945
8082,2946
15280,2947
15337,2948
3763,2949
12685,2950
6739,2951
19845,2952
8346,2953
4576,2954
8487,2955
6794,2956
6823,2957
11774,2958
30111,2959
6822,2960
19290,2961
4535,2962
6796,2963
5052,2964
7128,2965
19291,2966
6792,2967
17746,2968
19323,2969
16627,2970
29384,2971
13180,2972
7129,2973
9782,2974
23762,2975
6760,2976
29371,2977
5599,2978
32276,2979
7059,2980
4117,2981
4122,2982
34732,2983
16924,2984
19305,2985
32326,2986
23759,2987
19548,2988
26478,2989
22981,2990
6652,2991
10427,2992
13569,2993
3507,2994
7127,2995
18940,2996
40167,2997
3764,2998
19269,2999
19279,3000
6948,3001
6030,3002
19322,3003
40166,3004
19324,3005
5457,3006
8220,3007
6149,3008
7130,3009
4933,3010
29228,3011
12388,3012
13751,3013
11017,3014
20873,3015
25214,3016
7056,3017
10289,3018
10298,3019
20677,3020
11208,3021
11270,3022
13670,3023
42274,3024
14944,3025
32182,3026
13356,3027
9775,3028
3297,3029
9989,3030
13565,3031
38761,3032
19321,3033
11296,3034
28688,3035
5903,3036
13611,3037
10271,3038
1548,3039
24487,3040
13613,3041
9599,3042
28294,3043
10105,3044
6648,3045
34841,3046
4932,3047
4625,3048
6771,3049
10013,3050
2614,3051
14495,3052
11023,3053
17848,3054
28293,3055
6095,3056
9774,3057
7542,3058
16927,3059
8693,3060
8467,3061
7932,3062
6672,3063
19859,3064
36146,3065
4235,3066
5303,3067
4073,3068
32655,3069
11772,3070
27007,3071
9604,3072
6076,3073
26475,3074
11510,3075
8950,3076
19825,3077
28289,3078
5698,3079
15865,3080
15866,3081
6388,3082
15867,3083
28291,3084
6116,3085
14000,3086
6467,3087
8981,3088
23711,3089
17747,3090
17732,3091
16368,3092
9405,3093
8507,3094
15264,3095
23278,3096
8617,3097
8087,3098
22138,3099
6926,3100
33833,3101
28290,3102
32275,3103
8698,3104
9055,3105
19826,3106
6880,3107
4616,3108
36144,3109
4941,3110
10380,3111
27009,3112
4873,3113
13088,3114
10278,3115
27004,3116
6928,3117
19772,3118
18854,3119
17624,3120
2480,3121
7722,3122
28288,3123
29390,3124
6164,3125
42023,3126
18855,3127
6791,3128
22481,3129
10098,3130
14950,3131
9220,3132
9129,3133
17541,3134
16923,3135
34797,3136
11847,3137
6777,3138
16378,3139
4546,3140
6021,3141
5677,3142
13170,3143
13042,3144
9128,3145
5131,3146
10702,3147
17625,3148
7185,3149
7186,3150
17851,3151
5112,3152
10576,3153
6761,3154
24308,3155
33843,3156
9901,3157
12424,3158
24309,3159
13564,3160
16469,3161
3311,3162
18848,3163
17628,3164
6924,3165
30865,3166
17959,3167
9265,3168
14481,3169
3894,3170
3895,3171
6525,3172
4075,3173
46808,3174
20875,3175
38749,3176
18597,3177
5600,3178
18593,3179
40179,3180
17945,3181
17557,3182
6820,3183
7009,3184
22739,3185
17537,3186
18869,3187
6790,3188
6819,3189
17540,3190
28296,3191
5819,3192
11417,3193
16369,3194
10279,3195
17947,3196
18847,3197
1765,3198
18870,3199
4552,3200
39056,3201
9772,3202
7729,3203
4564,3204
25192,3205
18941,3206
20790,3207
6203,3208
23731,3209
27026,3210
17563,3211
30842,3212
17575,3213
21067,3214
6670,3215
11845,3216
15518,3217
30598,3218
15512,3219
18678,3220
18849,3221
28602,3222
7204,3223
28283,3224
23757,3225
31790,3226
28299,3227
34749,3228
4076,3229
17560,3230
6026,3231
4480,3232
30866,3233
19306,3234
23272,3235
7714,3236
13617,3237
5815,3238
31938,3239
11777,3240
19311,3241
16291,3242
26645,3243
26471,3244
17760,3245
6787,3246
18911,3247
25410,3248
5582,3249
55073,3250
17852,3251
4766,3252
12694,3253
31182,3254
13615,3255
13616,3256
11496,3257
9054,3258
9052,3259
12700,3260
26635,3261
7126,3262
30795,3263
8979,3264
5676,3265
25239,3266
22852,3267
21877,3268
17629,3269
9605,3270
9921,3271
3907,3272
7563,3273
18680,3274
4523,3275
26490,3276
9919,3277
9920,3278
16373,3279
6435,3280
12422,3281
10405,3282
3788,3283
7769,3284
4902,3285
28295,3286
13740,3287
5445,3288
5330,3289
5332,3290
16503,3291
40173,3292
25025,3293
16502,3294
24143,3295
18866,3296
28302,3297
28307,3298
8219,3299
29061,3300
6084,3301
4482,3302
30906,3303
10414,3304
6524,3305
16382,3306
25520,3307
26642,3308
26639,3309
16339,3310
5706,3311
25191,3312
5484,3313
4936,3314
16332,3315
30938,3316
8980,3317
8696,3318
28607,3319
6206,3320
44916,3321
6527,3322
25458,3323
31941,3324
30599,3325
3908,3326
31683,3327
8972,3328
8973,3329
4018,3330
13691,3331
7136,3332
19245,3333
46079,3334
6434,3335
3831,3336
11493,3337
10050,3338
6433,3339
42040,3340
12864,3341
38744,3342
11518,3343
24717,3344
26601,3345
18121,3346
14489,3347
32269,3348
20706,3349
5147,3350
18117,3351
16376,3352
6521,3353
23921,3354
6191,3355
16283,3356
3366,3357
24132,3358
7561,3359
14930,3360
14949,3361
6988,3362
17904,3363
11851,3364
4628,3365
25516,3366
14384,3367
5027,3368
18681,3369
17539,3370
16379,3371
35938,3372
20707,3373
18131,3374
25533,3375
9264,3376
7205,3377
13352,3378
38753,3379
15417,3380
8951,3381
18487,3382
23764,3383
15415,3384
38747,3385
6725,3386
40172,3387
6733,3388
17551,3389
23756,3390
22714,3391
8475,3392
26587,3393
23843,3394
6784,3395
9266,3396
24130,3397
18896,3398
17542,3399
4514,3400
40169,3401
33837,3402
33838,3403
40171,3404
22364,3405
33834,3406
25530,3407
28161,3408
6190,3409
30777,3410
18135,3411
10367,3412
8466,3413
17546,3414
24663,3415
13702,3416
9781,3417
15265,3418
23837,3419
13701,3420
22737,3421
11319,3422
35933,3423
16987,3424
3816,3425
28306,3426
24299,3427
17552,3428
28157,3429
34826,3430
26633,3431
8763,3432
26629,3433
8436,3434
22363,3435
26634,3436
17040,3437
7836,3438
8450,3439
20816,3440
6066,3441
23721,3442
12976,3443
17041,3444
6661,3445
14564,3446
17576,3447
9390,3448
3906,3449
4225,3450
11971,3451
15408,3452
22689,3453
23780,3454
15378,3455
9081,3456
27734,3457
23699,3458
8706,3459
6231,3460
30595,3461
30596,3462
8461,3463
7008,3464
8476,3465
5301,3466
5747,3467
5723,3468
32494,3469
16326,3470
8954,3471
23781,3472
12870,3473
26939,3474
19303,3475
3796,3476
19302,3477
10014,3478
1668,3479
19703,3480
8454,3481
20789,3482
18679,3483
5111,3484
17731,3485
40315,3486
4827,3487
19242,3488
4476,3489
7069,3490
12688,3491
15405,3492
23792,3493
5685,3494
30840,3495
10236,3496
5525,3497
16975,3498
13618,3499
16358,3500
15344,3501
11262,3502
2627,3503
2626,3504
8662,3505
13090,3506
9412,3507
4545,3508
10373,3509
4555,3510
4562,3511
12420,3512
8442,3513
4631,3514
44640,3515
27853,3516
7534,3517
18244,3518
39891,3519
22471,3520
7540,3521
26610,3522
8648,3523
9053,3524
6774,3525
26326,3526
25606,3527
13121,3528
10364,3529
22482,3530
28201,3531
13096,3532
11169,3533
30760,3534
6079,3535
5463,3536
5464,3537
2380,3538
6738,3539
7607,3540
5128,3541
5725,3542
10007,3543
15715,3544
20155,3545
4825,3546
40164,3547
10407,3548
35424,3549
6836,3550
4491,3551
11925,3552
6161,3553
6686,3554
4700,3555
4332,3556
11026,3557
6831,3558
11853,3559
29256,3560
12997,3561
18265,3562
8437,3563
6677,3564
44613,3565
17039,3566
11498,3567
11466,3568
20156,3569
10265,3570
11172,3571
30576,3572
17534,3573
5129,3574
7719,3575
6022,3576
3367,3577
9198,3578
18644,3579
10842,3580
10366,3581
11315,3582
34815,3583
28282,3584
14346,3585
8664,3586
9272,3587
3821,3588
20171,3589
19794,3590
6023,3591
11203,3592
7000,3593
34859,3594
2368,3595
6895,3596
46845,3597
4731,3598
8768,3599
21902,3600
4903,3601
6772,3602
4831,3603
4522,3604
26325,3605
17767,3606
6053,3607
6519,3608
27006,3609
10338,3610
6189,3611
16316,3612
30197,3613
7137,3614
4913,3615
21895,3616
40319,3617
16916,3618
19693,3619
22705,3620
9330,3621
6199,3622
19924,3623
20670,3624
52786,3625
43006,3626
11027,3627
6432,3628
12791,3629
13244,3630
6227,3631
19482,3632
13372,3633
6377,3634
15907,3635
4186,3636
24473,3637
19816,3638
30575,3639
18685,3640
8239,3641
9771,3642
6564,3643
6195,3644
35932,3645
29260,3646
19327,3647
22543,3648
19577,3649
13092,3650
4475,3651
16931,3652
20679,3653
17983,3654
20680,3655
27008,3656
25411,3657
13216,3658
10379,3659
5023,3660
4131,3661
16355,3662
19195,3663
20337,3664
4554,3665
8172,3666
15439,3667
15304,3668
9768,3669
18684,3670
9671,3671
6995,3672
18706,3673
8901,3674
18682,3675
30284,3676
15269,3677
6181,3678
15912,3679
1575,3680
13104,3681
19680,3682
6198,3683
13098,3684
20172,3685
8760,3686
14486,3687
28310,3688
6226,3689
38541,3690
26622,3691
6536,3692
30270,3693
20145,3694
18683,3695
4275,3696
18450,3697
20170,3698
30274,3699
6162,3700
28928,3701
30954,3702
9658,3703
7845,3704
8971,3705
18983,3706
10281,3707
3294,3708
27220,3709
4872,3710
3310,3711
25179,3712
6118,3713
36501,3714
5084,3715
20669,3716
4276,3717
30799,3718
20686,3719
36147,3720
19795,3721
34825,3722
4979,3723
26049,3724
22036,3725
8903,3726
8905,3727
22864,3728
21256,3729
4049,3730
28927,3731
11170,3732
22243,3733
9410,3734
18897,3735
10839,3736
6220,3737
8643,3738
8650,3739
39906,3740
20167,3741
20168,3742
9900,3743
24329,3744
6788,3745
26713,3746
40089,3747
30573,3748
5727,3749
11175,3750
7482,3751
19578,3752
7391,3753
16333,3754
12497,3755
26320,3756
12507,3757
20146,3758
36502,3759
5026,3760
9682,3761
4897,3762
23339,3763
10699,3764
7931,3765
26628,3766
28926,3767
28929,3768
10406,3769
14490,3770
18628,3771
9673,3772
42125,3773
30558,3774
18852,3775
8050,3776
6123,3777
4934,3778
11755,3779
12954,3780
3904,3781
8701,3782
7516,3783
19612,3784
1752,3785
26716,3786
20160,3787
8447,3788
8539,3789
7481,3790
5602,3791
5603,3792
13728,3793
11021,3794
11318,3795
20665,3796
5947,3797
33766,3798
6063,3799
29257,3800
9686,3801
9551,3802
28303,3803
6892,3804
11317,3805
20667,3806
8651,3807
23777,3808
7549,3809
6729,3810
8904,3811
8704,3812
1976,3813
10106,3814
3902,3815
14955,3816
11985,3817
17902,3818
7838,3819
28300,3820
8983,3821
18850,3822
16925,3823
26608,3824
6142,3825
7852,3826
46042,3827
8459,3828
8762,3829
46846,3830
19719,3831
20762,3832
20761,3833
18291,3834
3874,3835
19056,3836
7065,3837
26621,3838
26620,3839
26619,3840
6172,3841
19509,3842
8697,3843
13639,3844
4896,3845
7547,3846
8702,3847
36503,3848
4912,3849
12999,3850
28278,3851
6040,3852
1754,3853
8458,3854
30792,3855
30560,3856
19709,3857
18254,3858
8816,3859
18851,3860
19288,3861
10378,3862
5605,3863
25505,3864
7501,3865
11020,3866
6264,3867
6170,3868
14731,3869
14777,3870
8703,3871
3903,3872
8505,3873
30835,3874
26643,3875
26644,3876
30572,3877
30562,3878
13111,3879
25966,3880
20147,3881
8771,3882
4159,3883
8446,3884
20671,3885
1886,3886
28305,3887
12801,3888
5720,3889
4478,3890
7573,3891
1977,3892
4923,3893
20791,3894
20169,3895
5022,3896
9674,3897
36307,3898
18517,3899
14392,3900
26720,3901
5092,3902
10425,3903
38968,3904
19154,3905
6797,3906
17034,3907
16021,3908
17725,3909
30873,3910
7721,3911
1541,3912
9413,3913
8409,3914
25504,3915
20792,3916
19174,3917
5946,3918
23859,3919
7064,3920
8374,3921
28304,3922
9603,3923
10108,3924
17484,3925
24324,3926
23285,3927
15226,3928
18498,3929
19556,3930
30950,3931
19733,3932
7494,3933
30721,3934
9050,3935
14956,3936
7504,3937
11492,3938
5241,3939
2611,3940
16606,3941
16292,3942
11632,3943
16607,3944
13242,3945
9408,3946
19068,3947
6168,3948
21743,3949
42566,3950
8444,3951
13255,3952
3705,3953
12988,3954
20668,3955
10363,3956
30571,3957
21257,3958
14779,3959
9684,3960
30565,3961
23282,3962
21750,3963
22833,3964
7712,3965
30804,3966
16018,3967
3706,3968
5828,3969
13105,3970
24328,3971
13280,3972
5257,3973
7588,3974
5675,3975
34734,3976
6448,3977
22024,3978
6882,3979
6991,3980
29557,3981
29570,3982
29571,3983
29569,3984
15258,3985
5763,3986
8432,3987
39623,3988
20163,3989
10698,3990
19607,3991
3374,3992
11761,3993
17996,3994
10593,3995
6450,3996
29554,3997
30145,3998
21882,3999
23775,4000
10369,4001
42271,4002
4016,4003
7495,4004
6381,4005
3804,4006
6251,4007
24993,4008
25556,4009
19173,4010
30781,4011
19143,4012
20166,4013
20165,4014
8449,4015
25555,4016
5021,4017
14321,4018
6645,4019
21745,4020
5003,4021
18729,4022
7483,4023
23771,4024
7062,4025
16299,4026
12979,4027
22832,4028
14954,4029
10261,4030
19142,4031
21744,4032
30567,4033
5015,4034
29089,4035
8830,4036
10237,4037
5009,4038
29088,4039
12215,4040
13120,4041
5588,4042
3695,4043
28277,4044
18428,4045
9917,4046
10264,4047
15724,4048
10259,4049
15967,4050
13776,4051
15735,4052
8472,4053
30871,4054
5460,4055
20164,4056
30852,4057
15315,4058
5777,4059
15284,4060
19089,4061
12423,4062
15722,4063
6707,4064
11123,4065
6653,4066
13370,4067
17997,4068
6511,4069
13761,4070
8812,4071
16020,4072
4542,4073
30870,4074
16285,4075
9573,4076
13637,4077
8969,4078
8970,4079
6385,4080
11228,4081
6577,4082
19555,4083
8992,4084
13877,4085
37907,4086
10258,4087
11418,4088
8966,4089
9137,4090
5137,4091
14733,4092
26609,4093
6859,4094
6570,4095
38743,4096
15398,4097
27478,4098
6585,4099
19066,4100
30566,4101
42270,4102
5130,4103
8680,4104
7643,4105
18864,4106
24665,4107
26904,4108
27360,4109
4720,4110
6038,4111
30569,4112
3802,4113
5433,4114
20159,4115
31794,4116
30180,4117
21879,4118
5007,4119
8471,4120
27359,4121
6807,4122
9196,4123
18352,4124
5788,4125
11303,4126
3833,4127
30802,4128
14500,4129
30933,4130
14502,4131
6159,4132
2134,4133
20161,4134
13139,4135
14480,4136
14749,4137
18360,4138
47137,4139
6523,4140
7840,4141
19649,4142
5967,4143
18345,4144
2215,4145
6775,4146
34850,4147
15285,4148
7175,4149
14958,4150
6996,4151
8982,4152
21925,4153
6441,4154
18357,4155
12218,4156
6440,4157
16009,4158
20796,4159
8805,4160
6436,4161
20180,4162
15399,4163
4828,4164
15397,4165
6973,4166
29254,4167
30887,4168
6785,4169
5755,4170
16288,4171
3876,4172
28280,4173
15121,4174
4992,4175
8626,4176
20148,4177
5280,4178
16284,4179
2747,4180
8216,4181
15281,4182
19159,4183
19507,4184
9095,4185
15514,4186
20094,4187
16022,4188
17036,4189
19508,4190
4477,4191
13365,4192
10815,4193
11506,4194
6583,4195
24701,4196
9383,4197
13874,4198
5448,4199
9794,4200
30738,4201
8243,4202
11414,4203
26044,4204
10257,4205
11728,4206
6731,4207
7480,4208
16353,4209
11124,4210
3892,4211
19604,4212
18346,4213
6660,4214
26596,4215
4620,4216
8705,4217
6808,4218
13108,4219
10721,4220
8457,4221
15914,4222
15353,4223
4250,4224
6512,4225
20755,4226
2206,4227
19371,4228
20173,4229
13110,4230
24415,4231
8681,4232
8975,4233
9524,4234
11713,4235
4621,4236
3693,4237
47132,4238
1870,4239
6827,4240
15855,4241
25486,4242
3757,4243
3758,4244
22913,4245
20174,4246
7645,4247
6535,4248
10260,4249
8451,4250
13089,4251
17898,4252
15651,4253
7996,4254
6872,4255
15109,4256
15879,4257
15880,4258
6768,4259
20181,4260
26885,4261
30908,4262
12973,4263
13112,4264
7940,4265
39725,4266
14783,4267
19077,4268
15736,4269
27358,4270
15696,4271
20713,4272
20182,4273
20185,4274
25206,4275
10294,4276
8976,4277
8688,4278
35703,4279
6734,4280
4519,4281
4246,4282
5020,4283
5690,4284
27357,4285
11264,4286
9402,4287
14530,4288
30785,4289
15972,4290
8948,4291
31959,4292
6484,4293
9407,4294
11854,4295
20672,4296
3692,4297
23289,4298
4907,4299
5458,4300
18756,4301
27361,4302
6548,4303
15122,4304
10777,4305
9795,4306
6952,4307
6488,4308
30556,4309
5127,4310
14764,4311
4878,4312
4879,4313
11216,4314
30918,4315
27902,4316
30877,4317
15910,4318
10135,4319
15254,4320
5740,4321
7826,4322
10134,4323
21888,4324
11994,4325
19071,4326
6588,4327
18296,4328
33250,4329
8217,4330
8974,4331
19054,4332
13178,4333
9269,4334
3243,4335
8439,4336
7311,4337
18356,4338
15436,4339
7261,4340
7647,4341
13381,4342
19081,4343
16019,4344
13387,4345
13729,4346
19632,4347
26592,4348
20594,4349
5731,4350
15145,4351
20587,4352
20588,4353
5456,4354
26379,4355
26593,4356
8438,4357
47135,4358
26380,4359
4991,4360
31936,4361
3793,4362
6185,4363
20141,4364
19058,4365
7835,4366
18698,4367
10794,4368
17939,4369
27356,4370
39500,4371
15011,4372
18728,4373
16974,4374
26477,4375
4268,4376
26534,4377
7650,4378
16972,4379
16973,4380
18350,4381
4248,4382
30949,4383
12526,4384
34848,4385
26640,4386
12970,4387
34849,4388
26638,4389
14759,4390
5024,4391
26382,4392
9391,4393
3899,4394
13762,4395
30564,4396
19161,4397
30787,4398
8096,4399
20705,4400
8463,4401
26383,4402
20704,4403
24347,4404
27364,4405
8108,4406
9676,4407
34733,4408
26909,4409
16969,4410
5668,4411
16970,4412
24551,4413
22968,4414
10316,4415
17691,4416
8814,4417
15915,4418
20176,4419
4768,4420
27365,4421
5667,4422
7520,4423
18524,4424
37910,4425
9442,4426
8453,4427
4618,4428
7035,4429
5240,4430
12986,4431
47141,4432
6956,4433
5817,4434
6485,4435
34863,4436
18371,4437
36229,4438
8101,4439
9566,4440
6194,4441
17697,4442
11514,4443
14762,4444
16928,4445
16425,4446
10810,4447
15306,4448
20175,4449
11757,4450
16910,4451
23894,4452
3690,4453
3898,4454
26603,4455
14755,4456
20371,4457
9078,4458
7058,4459
6786,4460
4141,4461
26838,4462
11741,4463
30805,4464
5107,4465
16334,4466
23257,4467
12972,4468
26825,4469
10137,4470
10859,4471
26384,4472
6025,4473
23041,4474
8758,4475
3893,4476
16278,4477
22845,4478
12223,4479
30910,4480
8673,4481
21344,4482
15830,4483
8443,4484
15151,4485
47144,4486
16296,4487
13226,4488
15272,4489
20151,4490
15235,4491
10788,4492
7319,4493
29125,4494
15237,4495
20373,4496
30144,4497
15690,4498
20372,4499
19583,4500
8002,4501
22533,4502
9654,4503
7150,4504
20775,4505
20774,4506
5594,4507
6275,4508
16073,4509
8993,4510
10009,4511
31688,4512
8833,4513
5014,4514
31954,4515
24592,4516
4870,4517
7684,4518
9949,4519
7687,4520
16920,4521
37906,4522
11992,4523
4026,4524
27384,4525
7970,4526
40320,4527
2492,4528
21887,4529
10857,4530
6636,4531
20177,4532
6136,4533
11993,4534
1857,4535
6138,4536
8489,4537
23040,4538
6139,4539
30953,4540
6057,4541
15247,4542
37909,4543
13735,4544
10874,4545
13109,4546
3708,4547
25503,4548
19669,4549
15804,4550
20773,4551
6477,4552
28211,4553
19023,4554
14786,4555
5085,4556
20178,4557
30538,4558
5446,4559
5171,4560
5453,4561
18372,4562
6274,4563
38735,4564
9563,4565
3707,4566
11222,4567
4757,4568
6197,4569
6287,4570
6237,4571
10580,4572
8672,4573
6115,4574
17899,4575
11704,4576
11217,4577
6216,4578
4887,4579
33835,4580
23886,4581
21343,4582
20690,4583
18726,4584
11505,4585
5789,4586
18374,4587
29139,4588
29133,4589
7343,4590
4719,4591
11712,4592
39632,4593
6803,4594
6798,4595
10581,4596
11292,4597
20150,4598
20149,4599
11995,4600
19510,4601
22290,4602
42562,4603
43776,4604
28195,4605
34121,4606
20815,4607
33836,4608
22075,4609
3785,4610
8470,4611
34075,4612
10376,4613
6493,4614
20179,4615
10382,4616
23838,4617
23855,4618
4905,4619
24127,4620
23648,4621
24520,4622
5604,4623
6478,4624
11519,4625
10858,4626
37908,4627
6765,4628
16341,4629
20731,4630
25578,4631
20162,4632
20729,4633
6951,4634
11990,4635
32555,4636
5980,4637
23853,4638
23865,4639
36270,4640
10809,4641
10873,4642
7597,4643
11989,4644
15287,4645
26652,4646
11991,4647
6695,4648
5122,4649
24126,4650
28208,4651
9636,4652
20152,4653
18262,4654
11739,4655
5689,4656
30952,4657
19072,4658
19137,4659
8666,4660
18630,4661
16985,4662
33763,4663
22057,4664
15693,4665
8161,4666
29369,4667
16350,4668
5975,4669
12748,4670
17033,4671
19060,4672
15810,4673
15807,4674
6805,4675
26488,4676
10205,4677
20123,4678
14738,4679
18261,4680
4247,4681
25546,4682
4876,4683
4877,4684
17707,4685
18643,4686
7266,4687
7057,4688
6804,4689
4758,4690
5018,4691
6697,4692
5572,4693
20584,4694
4551,4695
16275,4696
33543,4697
2400,4698
18290,4699
7144,4700
9217,4701
10109,4702
26472,4703
36271,4704
7988,4705
10127,4706
42272,4707
6238,4708
10079,4709
15111,4710
11266,4711
18725,4712
25444,4713
9688,4714
19136,4715
19797,4716
4924,4717
10224,4718
19055,4719
25289,4720
5449,4721
26487,4722
3792,4723
11309,4724
20188,4725
6320,4726
32553,4727
15144,4728
4344,4729
5560,4730
20189,4731
25290,4732
11221,4733
25286,4734
25287,4735
20783,4736
7572,4737
12344,4738
13368,4739
39137,4740
29129,4741
4023,4742
30939,4743
11163,4744
19506,4745
17496,4746
11710,4747
18304,4748
4455,4749
22018,4750
4454,4751
16282,4752
6496,4753
4784,4754
13423,4755
18727,4756
23864,4757
5142,4758
3901,4759
42564,4760
6272,4761
3855,4762
28203,4763
28207,4764
17692,4765
4871,4766
6113,4767
14110,4768
30937,4769
13091,4770
13731,4771
22069,4772
6883,4773
40087,4774
22816,4775
10870,4776
6501,4777
7567,4778
7901,4779
28337,4780
15125,4781
47146,4782
3215,4783
30786,4784
19413,4785
10594,4786
30833,4787
26691,4788
4505,4789
13113,4790
19091,4791
10358,4792
19476,4793
7310,4794
7371,4795
47145,4796
38783,4797
12889,4798
6462,4799
5773,4800
7544,4801
42269,4802
11207,4803
13094,4804
5145,4805
17633,4806
47133,4807
4894,4808
25876,4809
13093,4810
11166,4811
4895,4812
18274,4813
4782,4814
6307,4815
17985,4816
32638,4817
42135,4818
4783,4819
30948,4820
19069,4821
17946,4822
30940,4823
14550,4824
14526,4825
42268,4826
6832,4827
3242,4828
21880,4829
34744,4830
15970,4831
19085,4832
24166,4833
6196,4834
34743,4835
3791,4836
26470,4837
30794,4838
5329,4839
6060,4840
16417,4841
19505,4842
3648,4843
3688,4844
27221,4845
4249,4846
26724,4847
6297,4848
4142,4849
4849,4850
16926,4851
19094,4852
4297,4853
3782,4854
26327,4855
29255,4856
16424,4857
49061,4858
11267,4859
27150,4860
27149,4861
4816,4862
9638,4863
8635,4864
16274,4865
19067,4866
7502,4867
1885,4868
16423,4869
20455,4870
9637,4871
8402,4872
9465,4873
17916,4874
22392,4875
10831,4876
35262,4877
3786,4878
3979,4879
30796,4880
3916,4881
8963,4882
7146,4883
6312,4884
18689,4885
19082,4886
23790,4887
11711,4888
7569,4889
6526,4890
6522,4891
11668,4892
4724,4893
8149,4894
6703,4895
6778,4896
7265,4897
5075,4898
20730,4899
6465,4900
27216,4901
5279,4902
18166,4903
9976,4904
17490,4905
17948,4906
10142,4907
3781,4908
19946,4909
38444,4910
47505,4911
13097,4912
18280,4913
9111,4914
13844,4915
10850,4916
9113,4917
15550,4918
7833,4919
3375,4920
20559,4921
25477,4922
25478,4923
10705,4924
17999,4925
32621,4926
20186,4927
6399,4928
3789,4929
6224,4930
5117,4931
26837,4932
6986,4933
5440,4934
8078,4935
13025,4936
7802,4937
1567,4938
3640,4939
10832,4940
10192,4941
4817,4942
6402,4943
6400,4944
6398,4945
31787,4946
6401,4947
35694,4948
9947,4949
20695,4950
3761,4951
7634,4952
3812,4953
10869,4954
6558,4955
9415,4956
26083,4957
6311,4958
30947,4959
48385,4960
25316,4961
11220,4962
7557,4963
26084,4964
11848,4965
17917,4966
30941,4967
6204,4968
12714,4969
3783,4970
5451,4971
29097,4972
11979,4973
19791,4974
11263,4975
11268,4976
4989,4977
8112,4978
17745,4979
4811,4980
8180,4981
38754,4982
7755,4983
18916,4984
23816,4985
15716,4986
3877,4987
10778,4988
17896,4989
5574,4990
6780,4991
14335,4992
8998,4993
7990,4994
17506,4995
9079,4996
7685,4997
47147,4998
25031,4999
33885,5000
20788,5001
44304,5002
4886,5003
7752,5004
7756,5005
9112,5006
17502,5007
18263,5008
6248,5009
23895,5010
30942,5011
30880,5012
11407,5013
23901,5014
8115,5015
42531,5016
4904,5017
47503,5018
20593,5019
3759,5020
21566,5021
9602,5022
5478,5023
15414,5024
4187,5025
7586,5026
12858,5027
30410,5028
16280,5029
30849,5030
4982,5031
6668,5032
19525,5033
24513,5034
19349,5035
7690,5036
7005,5037
7306,5038
17505,5039
27230,5040
16385,5041
5120,5042
16387,5043
16388,5044
27158,5045
20092,5046
18655,5047
9874,5048
3229,5049
6471,5050
3787,5051
13840,5052
18639,5053
2639,5054
16732,5055
16733,5056
19352,5057
22976,5058
24483,5059
10347,5060
11257,5061
22975,5062
18278,5063
14306,5064
18724,5065
18162,5066
30885,5067
21339,5068
7639,5069
3691,5070
19062,5071
32757,5072
12813,5073
3689,5074
39142,5075
15806,5076
4467,5077
11223,5078
6036,5079
12514,5080
13744,5081
8234,5082
4801,5083
9451,5084
10239,5085
5000,5086
36205,5087
30946,5088
13888,5089
3709,5090
24638,5091
30843,5092
15190,5093
7689,5094
6087,5095
16447,5096
10028,5097
12984,5098
14307,5099
59859,5100
18145,5101
18294,5102
16000,5103
10700,5104
20154,5105
9153,5106
5080,5107
15407,5108
21340,5109
17499,5110
7304,5111
15245,5112
47148,5113
7558,5114
7636,5115
9215,5116
9115,5117
8186,5118
20787,5119
17498,5120
23852,5121
9116,5122
5017,5123
26942,5124
18976,5125
3508,5126
19593,5127
7548,5128
4175,5129
6886,5130
18500,5131
5100,5132
18640,5133
5767,5134
34122,5135
25858,5136
20262,5137
13465,5138
15728,5139
18275,5140
40050,5141
11740,5142
13101,5143
4527,5144
6671,5145
18501,5146
9501,5147
13099,5148
14510,5149
20193,5150
9450,5151
6479,5152
14515,5153
13039,5154
4800,5155
7528,5156
5285,5157
17759,5158
15154,5159
16330,5160
9664,5161
26911,5162
20250,5163
19139,5164
20465,5165
5774,5166
6141,5167
22098,5168
39144,5169
38745,5170
10533,5171
6300,5172
6303,5173
8888,5174
15147,5175
3988,5176
9460,5177
19074,5178
52045,5179
30845,5180
29098,5181
6706,5182
6983,5183
5719,5184
6222,5185
18627,5186
47139,5187
15152,5188
15141,5189
38676,5190
4650,5191
30932,5192
19011,5193
3249,5194
15795,5195
10791,5196
20194,5197
20733,5198
15815,5199
20493,5200
10285,5201
10035,5202
25442,5203
5999,5204
25443,5205
4658,5206
4173,5207
19799,5208
9797,5209
18520,5210
36148,5211
17924,5212
23851,5213
18609,5214
9436,5215
34255,5216
30800,5217
6314,5218
19087,5219
24542,5220
19101,5221
19942,5222
18488,5223
24532,5224
8159,5225
10374,5226
4127,5227
13774,5228
27222,5229
24506,5230
13486,5231
9717,5232
20482,5233
5966,5234
20261,5235
6476,5236
10318,5237
24183,5238
42107,5239
1678,5240
20490,5241
28155,5242
10790,5243
23709,5244
8022,5245
15778,5246
15768,5247
15771,5248
20137,5249
19102,5250
14513,5251
9155,5252
6888,5253
9136,5254
15150,5255
15112,5256
23899,5257
17928,5258
6693,5259
9134,5260
9133,5261
5283,5262
4532,5263
4531,5264
23900,5265
10412,5266
3875,5267
7631,5268
52044,5269
5141,5270
7606,5271
4027,5272
26632,5273
8183,5274
7149,5275
24547,5276
24535,5277
18636,5278
2616,5279
2618,5280
4675,5281
7302,5282
8194,5283
12702,5284
5559,5285
14519,5286
31119,5287
16414,5288
6246,5289
6278,5290
18638,5291
47504,5292
15645,5293
9114,5294
27680,5295
11497,5296
9191,5297
8820,5298
6994,5299
1642,5300
8314,5301
18521,5302
20617,5303
26631,5304
19940,5305
44922,5306
20837,5307
6020,5308
15140,5309
9498,5310
21348,5311
42510,5312
11469,5313
5687,5314
18284,5315
14012,5316
20384,5317
13136,5318
10851,5319
15263,5320
19098,5321
6997,5322
42512,5323
4525,5324
1906,5325
4524,5326
13872,5327
8258,5328
8150,5329
39135,5330
6966,5331
27376,5332
9591,5333
9333,5334
20771,5335
4022,5336
29096,5337
8181,5338
23889,5339
15811,5340
20091,5341
20187,5342
17458,5343
31733,5344
24182,5345
26660,5346
15813,5347
20770,5348
9434,5349
15803,5350
12799,5351
9709,5352
5567,5353
21341,5354
6635,5355
19099,5356
32417,5357
30916,5358
18299,5359
7813,5360
13745,5361
12795,5362
4100,5363
13422,5364
15812,5365
15776,5366
39143,5367
9466,5368
6947,5369
23032,5370
2613,5371
24184,5372
4914,5373
2612,5374
20158,5375
10804,5376
20122,5377
14518,5378
17698,5379
15341,5380
16281,5381
14512,5382
27377,5383
19162,5384
19075,5385
47142,5386
6094,5387
24185,5388
9461,5389
9464,5390
18181,5391
16093,5392
16087,5393
1620,5394
8586,5395
10305,5396
16421,5397
3784,5398
5507,5399
42273,5400
12715,5401
36308,5402
29773,5403
6562,5404
15800,5405
48392,5406
18745,5407
16109,5408
28480,5409
8405,5410
10306,5411
6949,5412
15783,5413
17709,5414
42532,5415
9424,5416
18746,5417
36131,5418
19475,5419
15785,5420
26600,5421
11865,5422
13634,5423
10352,5424
6215,5425
10787,5426
12727,5427
7314,5428
11867,5429
14517,5430
16406,5431
3987,5432
18610,5433
20201,5434
3993,5435
10805,5436
10015,5437
6062,5438
4763,5439
2608,5440
20618,5441
19065,5442
9645,5443
10849,5444
18079,5445
13437,5446
6200,5447
6890,5448
9335,5449
16983,5450
30249,5451
20464,5452
8197,5453
15792,5454
14815,5455
30868,5456
34776,5457
15312,5458
8483,5459
36309,5460
13389,5461
15998,5462
1998,5463
29140,5464
3609,5465
7303,5466
19397,5467
10852,5468
6698,5469
6143,5470
5447,5471
33024,5472
8020,5473
4980,5474
39138,5475
15780,5476
15340,5477
31213,5478
34981,5479
50996,5480
20583,5481
28175,5482
40478,5483
5004,5484
28172,5485
15831,5486
20457,5487
9472,5488
16886,5489
16646,5490
31792,5491
6029,5492
15110,5493
6613,5494
7554,5495
5414,5496
9416,5497
9156,5498
17035,5499
30801,5500
18734,5501
8964,5502
10226,5503
9423,5504
30847,5505
13396,5506
9422,5507
26376,5508
8824,5509
30931,5510
10819,5511
16664,5512
19430,5513
10044,5514
6556,5515
18295,5516
20130,5517
18925,5518
9473,5519
20477,5520
19073,5521
16435,5522
19519,5523
12224,5524
9456,5525
13257,5526
12824,5527
10020,5528
18633,5529
18642,5530
34949,5531
14529,5532
20131,5533
18641,5534
3299,5535
14018,5536
16098,5537
3760,5538
12797,5539
7663,5540
18750,5541
4074,5542
8821,5543
16094,5544
22492,5545
16105,5546
26597,5547
51030,5548
26599,5549
7496,5550
20467,5551
26598,5552
25225,5553
26873,5554
1841,5555
5281,5556
12170,5557
20767,5558
20766,5559
13493,5560
7491,5561
9421,5562
31797,5563
7497,5564
9219,5565
12185,5566
14534,5567
5321,5568
5992,5569
15114,5570
19083,5571
20113,5572
7003,5573
31142,5574
26125,5575
7666,5576
34984,5577
22248,5578
22247,5579
51029,5580
38666,5581
7697,5582
39635,5583
15316,5584
5139,5585
5983,5586
7309,5587
8898,5588
18749,5589
50994,5590
6059,5591
7717,5592
13425,5593
29137,5594
42020,5595
50450,5596
28786,5597
18629,5598
26952,5599
11502,5600
8244,5601
6472,5602
7305,5603
13406,5604
14027,5605
9457,5606
27460,5607
13252,5608
46090,5609
37681,5610
25043,5611
9152,5612
8160,5613
34072,5614
18300,5615
8169,5616
8184,5617
9449,5618
16007,5619
27744,5620
17849,5621
4129,5622
15231,5623
18092,5624
15839,5625
52767,5626
18631,5627
2638,5628
10401,5629
20100,5630
34907,5631
18878,5632
10471,5633
4739,5634
19925,5635
1902,5636
6209,5637
20114,5638
16103,5639
4093,5640
6552,5641
13002,5642
14315,5643
7688,5644
4024,5645
27373,5646
11241,5647
9447,5648
3240,5649
21063,5650
11421,5651
21364,5652
10820,5653
5978,5654
18632,5655
10818,5656
10817,5657
11451,5658
19093,5659
5442,5660
11454,5661
34767,5662
11849,5663
18634,5664
27372,5665
6979,5666
24325,5667
6532,5668
17584,5669
30607,5670
36500,5671
4732,5672
47502,5673
9500,5674
16412,5675
23089,5676
18716,5677
32654,5678
10202,5679
40321,5680
18715,5681
16002,5682
14051,5683
15802,5684
27374,5685
40276,5686
6953,5687
35429,5688
19096,5689
5011,5690
20139,5691
8148,5692
20696,5693
9425,5694
27370,5695
22665,5696
34782,5697
44309,5698
27375,5699
27369,5700
8551,5701
11188,5702
20103,5703
10584,5704
8410,5705
11753,5706
7151,5707
34996,5708
11388,5709
5326,5710
18566,5711
5314,5712
41822,5713
42553,5714
11410,5715
33767,5716
16096,5717
16095,5718
16100,5719
6177,5720
4343,5721
3247,5722
2628,5723
24100,5724
25877,5725
27368,5726
20431,5727
27350,5728
16883,5729
42112,5730
18375,5731
1869,5732
20138,5733
16276,5734
10354,5735
56186,5736
56187,5737
2629,5738
18622,5739
25165,5740
9502,5741
31684,5742
3564,5743
27525,5744
31791,5745
8152,5746
5765,5747
8889,5748
34770,5749
13201,5750
4899,5751
3853,5752
4898,5753
14521,5754
27352,5755
11243,5756
6936,5757
29262,5758
13894,5759
3702,5760
15118,5761
11674,5762
1673,5763
23033,5764
39136,5765
16734,5766
16735,5767
6236,5768
9157,5769
11701,5770
6998,5771
34989,5772
11889,5773
4901,5774
27353,5775
19535,5776
17704,5777
10704,5778
15271,5779
15266,5780
9754,5781
8397,5782
29291,5783
20492,5784
27348,5785
3806,5786
27349,5787
8011,5788
34990,5789
19064,5790
20116,5791
9477,5792
9506,5793
34991,5794
6937,5795
14781,5796
20118,5797
20839,5798
17706,5799
39520,5800
5994,5801
5140,5802
25344,5803
23754,5804
34765,5805
4900,5806
19530,5807
12904,5808
18432,5809
29128,5810
18433,5811
6157,5812
18620,5813
14520,5814
26929,5815
10026,5816
15255,5817
12618,5818
35705,5819
50446,5820
18613,5821
24543,5822
5077,5823
10701,5824
18635,5825
5810,5826
42514,5827
27189,5828
30724,5829
20523,5830
5118,5831
7188,5832
5976,5833
10816,5834
8413,5835
10365,5836
5595,5837
10317,5838
1619,5839
27347,5840
56188,5841
1844,5842
9470,5843
33748,5844
4754,5845
18618,5846
18932,5847
25403,5848
5480,5849
9077,5850
5425,5851
32194,5852
17585,5853
5012,5854
34987,5855
13354,5856
19092,5857
14516,5858
8815,5859
9445,5860
15774,5861
10320,5862
34755,5863
4889,5864
3467,5865
8832,5866
4888,5867
3807,5868
4130,5869
33749,5870
3504,5871
14120,5872
14041,5873
20403,5874
32623,5875
8040,5876
16624,5877
35263,5878
8996,5879
15531,5880
33750,5881
19086,5882
8819,5883
9622,5884
16389,5885
16336,5886
16444,5887
17592,5888
20157,5889
33052,5890
51047,5891
5955,5892
5006,5893
7317,5894
5151,5895
8155,5896
9614,5897
25258,5898
27225,5899
6587,5900
8271,5901
5985,5902
13839,5903
3852,5904
34630,5905
9474,5906
19651,5907
5013,5908
18637,5909
6393,5910
6005,5911
15401,5912
6394,5913
6395,5914
4756,5915
6396,5916
19511,5917
16407,5918
11255,5919
20099,5920
6397,5921
34771,5922
5454,5923
18549,5924
18550,5925
26479,5926
4336,5927
7767,5928
6093,5929
12049,5930
8185,5931
7158,5932
34768,5933
15963,5934
5152,5935
40760,5936
10266,5937
34772,5938
18611,5939
14784,5940
8147,5941
22049,5942
17586,5943
4484,5944
34994,5945
23057,5946
4880,5947
6099,5948
7362,5949
34829,5950
2609,5951
19688,5952
18738,5953
10183,5954
32648,5955
9519,5956
5342,5957
18619,5958
34769,5959
16422,5960
4805,5961
18615,5962
4881,5963
6357,5964
7641,5965
18614,5966
28354,5967
13362,5968
28344,5969
23911,5970
28349,5971
26493,5972
17594,5973
9576,5974
22192,5975
28343,5976
4987,5977
3820,5978
3897,5979
7551,5980
16437,5981
9492,5982
9490,5983
9491,5984
15989,5985
22958,5986
20522,5987
11214,5988
5073,5989
23793,5990
26607,5991
15988,5992
9619,5993
16445,5994
18612,5995
26606,5996
2630,5997
10222,5998
10220,5999
30453,6000
14528,6001
8808,6002
25582,6003
9628,6004
14332,6005
6931,6006
9076,6007
12697,6008
4737,6009
9453,6010
42543,6011
28523,6012
19522,6013
3809,6014
21994,6015
6012,6016
14527,6017
14522,6018
9983,6019
34629,6020
30827,6021
15120,6022
20528,6023
16556,6024
13434,6025
5717,6026
46401,6027
25024,6028
11235,6029
28194,6030
5998,6031
16890,6032
8829,6033
9420,6034
12500,6035
9911,6036
15987,6037
8047,6038
4113,6039
36247,6040
4528,6041
25194,6042
29287,6043
16885,6044
15742,6045
9471,6046
10083,6047
9522,6048
21292,6049
7301,6050
9517,6051
12510,6052
21291,6053
8398,6054
8195,6055
9271,6056
14040,6057
10043,6058
9454,6059
1909,6060
10802,6061
7330,6062
16416,6063
36269,6064
8056,6065
4781,6066
9959,6067
9704,6068
39907,6069
12726,6070
30823,6071
32953,6072
2634,6073
33039,6074
16978,6075
35426,6076
23088,6077
14765,6078
20252,6079
9521,6080
4483,6081
10803,6082
34901,6083
12933,6084
7068,6085
10245,6086
33016,6087
11422,6088
18731,6089
3819,6090
20591,6091
32740,6092
3657,6093
34993,6094
4910,6095
9478,6096
7521,6097
2625,6098
51027,6099
1759,6100
27666,6101
7353,6102
4087,6103
4338,6104
1881,6105
4983,6106
24300,6107
15119,6108
9594,6109
11376,6110
18621,6111
24539,6112
18645,6113
3900,6114
17694,6115
10248,6116
5101,6117
5962,6118
25860,6119
9458,6120
8825,6121
17921,6122
25485,6123
11242,6124
34958,6125
27032,6126
18961,6127
12930,6128
4208,6129
24737,6130
24712,6131
8162,6132
6571,6133
14523,6134
9612,6135
19090,6136
11245,6137
11247,6138
7555,6139
33864,6140
6929,6141
4915,6142
5759,6143
16789,6144
41901,6145
14548,6146
34766,6147
18180,6148
8835,6149
9632,6150
13183,6151
10707,6152
6481,6153
9903,6154
33045,6155
51016,6156
42613,6157
7198,6158
4226,6159
48457,6160
13837,6161
32619,6162
15289,6163
9624,6164
34904,6165
34905,6166
8890,6167
30644,6168
7030,6169
16619,6170
20120,6171
9762,6172
5431,6173
16428,6174
8490,6175
6223,6176
12781,6177
6106,6178
19857,6179
1880,6180
14780,6181
1641,6182
9648,6183
18554,6184
6746,6185
20119,6186
13838,6187
8265,6188
3818,6189
13364,6190
11463,6191
3817,6192
19684,6193
18302,6194
8891,6195
51021,6196
4243,6197
15840,6198
12941,6199
11692,6200
18624,6201
34902,6202
17038,6203
5578,6204
29123,6205
34609,6206
4736,6207
27198,6208
9557,6209
5957,6210
18553,6211
7745,6212
14320,6213
3754,6214
5580,6215
9520,6216
31732,6217
18733,6218
7174,6219
21294,6220
52772,6221
8151,6222
25446,6223
18623,6224
14053,6225
24500,6226
6105,6227
38542,6228
51020,6229
14622,6230
51028,6231
26788,6232
24451,6233
13106,6234
15115,6235
21293,6236
27197,6237
19654,6238
18283,6239
18730,6240
18522,6241
8156,6242
9627,6243
15375,6244
8838,6245
10490,6246
34079,6247
15983,6248
25473,6249
18879,6250
21298,6251
18288,6252
6938,6253
44290,6254
6006,6255
23906,6256
3814,6257
8462,6258
25859,6259
21995,6260
4884,6261
4804,6262
41361,6263
4885,6264
12931,6265
12935,6266
9932,6267
10862,6268
8818,6269
6259,6270
9527,6271
11423,6272
16628,6273
11684,6274
16200,6275
23871,6276
4526,6277
17908,6278
5282,6279
33886,6280
9935,6281
10585,6282
6003,6283
27195,6284
2748,6285
10800,6286
21431,6287
5662,6288
5842,6289
6266,6290
6306,6291
8786,6292
27207,6293
25577,6294
8291,6295
37747,6296
22349,6297
36266,6298
8492,6299
9918,6300
15548,6301
22030,6302
10217,6303
7145,6304
3644,6305
28363,6306
3896,6307
12176,6308
27215,6309
19411,6310
9623,6311
5104,6312
5173,6313
32438,6314
6877,6315
14310,6316
18568,6317
4780,6318
5826,6319
6482,6320
51054,6321
5138,6322
33830,6323
5843,6324
1616,6325
44288,6326
4863,6327
4917,6328
23744,6329
3559,6330
23727,6331
3560,6332
51019,6333
8193,6334
43009,6335
43008,6336
28482,6337
6875,6338
38757,6339
31742,6340
9483,6341
18273,6342
8153,6343
57241,6344
13419,6345
47128,6346
6208,6347
20129,6348
4969,6349
9484,6350
16415,6351
16623,6352
8182,6353
23750,6354
3813,6355
16557,6356
8110,6357
1907,6358
30726,6359
5813,6360
24376,6361
28518,6362
13436,6363
25425,6364
7761,6365
15753,6366
6414,6367
25389,6368
6576,6369
13855,6370
11218,6371
16273,6372
10372,6373
26374,6374
20621,6375
3826,6376
25042,6377
26586,6378
18354,6379
6879,6380
3992,6381
20481,6382
3915,6383
4096,6384
26689,6385
3811,6386
13103,6387
12932,6388
20450,6389
16616,6390
11213,6391
6572,6392
18509,6393
22784,6394
24069,6395
2635,6396
26688,6397
2636,6398
18258,6399
6044,6400
20769,6401
8017,6402
8030,6403
31555,6404
19431,6405
14035,6406
7805,6407
8138,6408
8828,6409
28196,6410
18921,6411
15760,6412
19152,6413
5986,6414
26943,6415
9608,6416
26685,6417
9417,6418
18267,6419
20128,6420
5513,6421
33942,6422
8441,6423
8167,6424
4061,6425
22284,6426
20396,6427
5143,6428
18722,6429
24378,6430
9973,6431
40074,6432
12288,6433
9455,6434
12929,6435
21752,6436
6569,6437
8484,6438
7553,6439
11192,6440
5660,6441
6590,6442
10833,6443
23734,6444
15767,6445
5423,6446
10716,6447
10223,6448
20509,6449
29024,6450
38536,6451
32193,6452
18377,6453
34910,6454
6547,6455
13851,6456
27219,6457
28658,6458
16227,6459
26585,6460
9225,6461
6046,6462
3810,6463
29252,6464
29294,6465
8823,6466
15549,6467
9798,6468
11468,6469
29288,6470
42615,6471
26945,6472
41357,6473
9884,6474
7142,6475
38568,6476
16621,6477
4908,6478
8896,6479
11358,6480
28496,6481
28204,6482
33050,6483
9610,6484
10799,6485
17705,6486
15719,6487
7536,6488
14113,6489
9503,6490
4988,6491
6001,6492
16622,6493
18912,6494
32580,6495
25188,6496
7545,6497
14532,6498
2049,6499
7001,6500
19022,6501
8164,6502
2030,6503
16489,6504
15739,6505
17927,6506
42275,6507
4071,6508
29103,6509
8910,6510
29766,6511
5115,6512
25480,6513
7758,6514
15976,6515
26812,6516
4706,6517
6933,6518
20529,6519
19061,6520
5960,6521
15823,6522
9981,6523
16719,6524
21599,6525
4541,6526
11686,6527
9546,6528
5515,6529
52756,6530
31957,6531
4195,6532
5670,6533
5430,6534
6225,6535
46187,6536
10029,6537
19105,6538
3715,6539
7954,6540
20582,6541
20566,6542
32428,6543
3815,6544
29229,6545
17695,6546
19181,6547
17702,6548
16399,6549
8761,6550
6909,6551
43819,6552
42276,6553
21346,6554
30829,6555
5963,6556
13889,6557
4337,6558
20557,6559
4102,6560
11522,6561
5794,6562
4738,6563
43474,6564
9703,6565
43777,6566
4750,6567
3753,6568
38736,6569
24709,6570
8154,6571
20112,6572
20153,6573
3913,6574
18617,6575
4909,6576
11399,6577
15975,6578
5320,6579
20619,6580
6289,6581
31743,6582
8211,6583
8984,6584
10861,6585
30828,6586
4759,6587
49633,6588
10814,6589
16708,6590
13087,6591
13927,6592
13085,6593
4197,6594
9640,6595
18732,6596
25878,6597
9481,6598
5001,6599
28174,6600
41391,6601
17749,6602
16272,6603
10335,6604
28180,6605
28182,6606
11714,6607
28186,6608
28199,6609
12174,6610
6108,6611
29239,6612
12768,6613
9489,6614
45976,6615
4704,6616
18277,6617
4538,6618
9574,6619
7051,6620
9575,6621
14787,6622
47126,6623
5954,6624
15241,6625
3712,6626
6009,6627
23705,6628
7541,6629
6090,6630
11716,6631
18002,6632
8163,6633
9187,6634
18616,6635
7642,6636
44948,6637
13444,6638
3953,6639
15751,6640
22203,6641
5516,6642
20210,6643
5002,6644
3854,6645
42802,6646
45977,6647
15837,6648
16620,6649
1760,6650
41396,6651
8191,6652
41392,6653
28200,6654
16881,6655
6148,6656
26683,6657
5669,6658
16402,6659
11455,6660
6540,6661
1801,6662
15587,6663
11694,6664
3624,6665
51015,6666
13391,6667
20558,6668
8196,6669
10187,6670
36493,6671
10186,6672
19945,6673
8292,6674
42557,6675
24495,6676
8004,6677
7156,6678
29279,6679
16882,6680
34612,6681
2918,6682
32448,6683
10399,6684
20126,6685
9130,6686
11254,6687
9702,6688
10796,6689
10797,6690
20757,6691
5991,6692
22959,6693
6035,6694
21316,6695
37265,6696
9790,6697
30826,6698
9186,6699
15134,6700
4703,6701
15270,6702
2642,6703
2641,6704
6252,6705
38750,6706
31781,6707
6292,6708
6052,6709
5990,6710
18626,6711
6538,6712
15129,6713
14674,6714
5672,6715
14297,6716
16493,6717
6874,6718
15259,6719
13451,6720
34078,6721
18301,6722
23210,6723
6174,6724
11858,6725
10351,6726
14770,6727
17968,6728
8285,6729
5498,6730
5499,6731
14337,6732
4916,6733
6861,6734
50949,6735
32922,6736
6017,6737
4485,6738
23644,6739
10821,6740
8804,6741
17516,6742
5132,6743
7166,6744
3717,6745
6679,6746
16487,6747
8018,6748
15215,6749
33029,6750
7672,6751
4132,6752
29677,6753
9208,6754
9764,6755
7952,6756
15828,6757
13841,6758
6219,6759
8909,6760
9970,6761
8276,6762
17738,6763
41513,6764
15766,6765
9877,6766
18286,6767
19070,6768
16223,6769
18292,6770
6176,6771
14313,6772
50944,6773
30831,6774
6911,6775
6551,6776
23703,6777
9195,6778
10230,6779
17969,6780
7197,6781
40085,6782
23730,6783
16498,6784
5952,6785
30809,6786
26653,6787
25236,6788
7173,6789
4296,6790
17514,6791
28197,6792
51013,6793
30822,6794
51014,6795
30825,6796
8102,6797
20132,6798
32459,6799
28191,6800
7658,6801
5661,6802
25354,6803
8192,6804
20235,6805
8189,6806
4086,6807
4778,6808
10807,6809
12780,6810
11416,6811
1877,6812
18185,6813
7660,6814
28381,6815
45848,6816
39338,6817
6609,6818
30821,6819
23783,6820
18231,6821
1863,6822
36494,6823
18297,6824
12211,6825
12920,6826
28661,6827
39339,6828
10994,6829
8166,6830
26146,6831
16197,6832
9814,6833
45534,6834
19687,6835
14033,6836
7812,6837
17696,6838
4290,6839
4539,6840
3044,6841
15187,6842
8187,6843
44315,6844
7953,6845
7809,6846
11724,6847
29774,6848
31287,6849
18922,6850
18857,6851
9080,6852
20565,6853
50040,6854
7324,6855
24240,6856
12194,6857
14026,6858
20629,6859
6813,6860
20264,6861
29282,6862
24536,6863
6452,6864
6451,6865
34948,6866
23643,6867
11499,6868
18561,6869
30824,6870
18562,6871
11762,6872
43619,6873
6155,6874
4020,6875
17905,6876
15764,6877
18378,6878
4911,6879
20688,6880
13306,6881
13307,6882
6549,6883
6907,6884
10345,6885
5718,6886
12770,6887
5845,6888
5964,6889
50978,6890
7552,6891
4723,6892
13429,6893
19135,6894
20497,6895
33936,6896
23908,6897
10184,6898
52026,6899
6690,6900
20689,6901
18276,6902
10867,6903
10185,6904
23746,6905
29240,6906
28205,6907
5847,6908
50997,6909
36230,6910
4019,6911
23500,6912
6616,6913
23745,6914
23743,6915
23719,6916
15966,6917
17708,6918
23718,6919
13494,6920
10074,6921
24383,6922
6683,6923
8796,6924
23736,6925
8277,6926
41518,6927
3930,6928
15762,6929
23735,6930
16401,6931
4567,6932
22394,6933
28451,6934
11526,6935
11861,6936
14066,6937
6806,6938
18366,6939
12646,6940
34756,6941
22694,6942
7562,6943
41405,6944
6586,6945
12698,6946
17994,6947
4967,6948
5671,6949
7139,6950
15826,6951
6258,6952
20133,6953
7140,6954
23747,6955
23749,6956
29233,6957
8133,6958
18856,6959
6561,6960
41404,6961
52029,6962
11973,6963
18859,6964
24639,6965
29280,6966
45649,6967
15761,6968
15977,6969
11981,6970
14508,6971
4866,6972
23619,6973
9493,6974
1871,6975
20564,6976
3308,6977
30808,6978
15765,6979
7049,6980
24301,6981
10864,6982
20255,6983
8190,6984
43421,6985
22269,6986
10319,6987
10313,6988
5037,6989
22268,6990
7157,6991
12195,6992
6042,6993
5848,6994
22012,6995
41519,6996
12807,6997
11857,6998
7168,6999
33036,7000
43631,7001
8916,7002
18858,7003
7980,7004
34753,7005
20534,7006
4128,7007
11069,7008
7979,7009
47064,7010
11354,7011
20580,7012
22829,7013
7525,7014
14680,7015
12642,7016
11386,7017
6612,7018
33937,7019
20625,7020
10863,7021
10008,7022
18227,7023
4929,7024
11485,7025
26681,7026
6188,7027
5821,7028
10321,7029
20209,7030
26682,7031
12644,7032
7160,7033
16394,7034
8480,7035
5617,7036
22798,7037
50979,7038
5170,7039
8803,7040
9197,7041
5079,7042
7167,7043
23079,7044
23929,7045
21308,7046
23738,7047
15467,7048
21307,7049
6088,7050
8141,7051
4918,7052
3700,7053
23751,7054
14628,7055
43004,7056
11350,7057
9207,7058
20753,7059
5340,7060
13137,7061
33292,7062
22797,7063
6086,7064
20752,7065
13371,7066
39765,7067
23706,7068
5839,7069
24065,7070
34788,7071
50972,7072
5664,7073
10865,7074
20904,7075
52030,7076
1882,7077
50039,7078
7633,7079
3701,7080
12168,7081
4730,7082
38647,7083
9479,7084
32952,7085
28498,7086
13266,7087
22265,7088
16730,7089
7734,7090
16729,7091
3965,7092
6962,7093
11038,7094
29286,7095
18883,7096
6146,7097
32645,7098
23725,7099
11974,7100
6280,7101
38319,7102
4101,7103
43877,7104
28497,7105
6294,7106
12643,7107
12210,7108
7956,7109
23702,7110
4678,7111
10806,7112
15006,7113
13353,7114
7506,7115
36283,7116
6475,7117
23710,7118
23739,7119
23740,7120
38758,7121
25256,7122
8799,7123
28529,7124
18485,7125
35258,7126
15365,7127
20501,7128
6183,7129
39506,7130
4515,7131
13102,7132
6487,7133
26396,7134
7170,7135
7532,7136
4687,7137
8802,7138
20251,7139
15720,7140
33068,7141
20441,7142
5959,7143
20521,7144
3946,7145
10872,7146
10871,7147
10188,7148
10189,7149
15172,7150
20516,7151
31677,7152
8474,7153
5339,7154
23720,7155
20445,7156
6214,7157
3932,7158
5095,7159
31967,7160
6905,7161
31969,7162
50037,7163
14016,7164
50038,7165
9910,7166
4229,7167
8272,7168
28331,7169
22536,7170
6249,7171
3756,7172
15257,7173
26591,7174
6158,7175
9379,7176
27204,7177
24066,7178
23752,7179
26590,7180
36251,7181
9616,7182
32644,7183
1791,7184
18226,7185
5087,7186
42552,7187
34757,7188
41379,7189
2304,7190
18266,7191
6637,7192
12735,7193
24467,7194
5737,7195
12808,7196
9109,7197
30725,7198
24416,7199
40093,7200
31729,7201
6638,7202
7595,7203
13234,7204
20108,7205
44906,7206
16553,7207
6897,7208
23817,7209
9342,7210
6244,7211
20765,7212
2934,7213
35259,7214
44786,7215
33311,7216
6876,7217
18532,7218
5972,7219
30895,7220
4814,7221
8274,7222
18527,7223
9504,7224
4094,7225
10866,7226
10848,7227
27880,7228
12816,7229
18223,7230
26515,7231
34148,7232
5317,7233
1648,7234
6611,7235
14314,7236
54486,7237
17913,7238
30635,7239
8897,7240
13373,7241
16555,7242
10203,7243
17701,7244
59015,7245
26946,7246
13143,7247
11699,7248
12421,7249
25851,7250
15838,7251
29289,7252
29315,7253
15737,7254
8473,7255
10811,7256
9200,7257
3986,7258
21338,7259
7308,7260
5422,7261
3716,7262
6480,7263
20556,7264
10190,7265
18578,7266
8793,7267
12166,7268
7169,7269
1544,7270
27878,7271
6160,7272
28379,7273
14683,7274
10210,7275
18281,7276
16724,7277
6267,7278
13288,7279
12900,7280
24692,7281
20700,7282
14048,7283
20699,7284
9796,7285
6444,7286
9587,7287
6812,7288
4862,7289
27203,7290
38650,7291
18892,7292
20127,7293
11366,7294
6442,7295
9916,7296
7508,7297
3137,7298
34781,7299
6016,7300
6014,7301
15519,7302
7571,7303
10801,7304
6914,7305
5981,7306
3762,7307
5153,7308
5233,7309
49847,7310
4919,7311
42021,7312
32951,7313
33951,7314
6103,7315
8991,7316
7749,7317
16433,7318
6821,7319
22706,7320
18475,7321
23489,7322
4170,7323
25839,7324
21580,7325
8134,7326
25233,7327
54484,7328
36139,7329
4630,7330
8990,7331
52027,7332
12809,7333
5443,7334
34959,7335
6689,7336
29221,7337
11703,7338
14331,7339
4092,7340
13267,7341
21152,7342
25885,7343
6575,7344
3714,7345
31352,7346
26868,7347
3725,7348
4673,7349
40035,7350
54482,7351
6974,7352
5156,7353
19682,7354
10343,7355
18260,7356
8813,7357
17515,7358
11351,7359
34636,7360
7751,7361
23819,7362
6708,7363
24272,7364
22356,7365
47312,7366
4672,7367
25649,7368
37309,7369
33549,7370
26525,7371
14296,7372
3755,7373
29026,7374
11345,7375
6048,7376
22358,7377
26524,7378
25824,7379
4712,7380
16400,7381
20502,7382
22267,7383
20764,7384
10209,7385
38964,7386
12381,7387
21740,7388
8165,7389
12501,7390
33047,7391
11370,7392
15162,7393
51333,7394
23055,7395
29573,7396
35422,7397
40082,7398
9127,7399
22008,7400
23862,7401
18222,7402
36284,7403
28375,7404
11129,7405
3985,7406
10240,7407
50029,7408
12919,7409
5005,7410
4906,7411
19573,7412
51018,7413
3887,7414
29292,7415
6811,7416
6054,7417
9339,7418
18673,7419
1846,7420
19574,7421
12626,7422
5771,7423
15191,7424
21741,7425
3991,7426
4263,7427
11353,7428
19448,7429
18282,7430
5514,7431
12812,7432
5076,7433
27232,7434
5121,7435
14135,7436
22174,7437
33038,7438
29563,7439
3537,7440
33062,7441
10344,7442
10204,7443
43633,7444
25293,7445
45960,7446
5116,7447
5724,7448
8417,7449
18221,7450
25292,7451
9606,7452
6405,7453
6407,7454
40055,7455
26143,7456
29242,7457
6242,7458
5432,7459
6408,7460
8026,7461
4089,7462
47320,7463
15684,7464
3049,7465
46414,7466
10213,7467
59421,7468
4729,7469
19308,7470
45637,7471
10225,7472
24773,7473
11374,7474
23665,7475
4153,7476
31210,7477
31035,7478
28629,7479
38458,7480
9382,7481
12503,7482
5300,7483
41393,7484
16398,7485
7938,7486
3245,7487
34748,7488
34747,7489
10198,7490
8313,7491
12934,7492
14300,7493
7524,7494
27481,7495
29218,7496
15862,7497
30618,7498
10601,7499
15863,7500
15864,7501
4930,7502
6325,7503
8104,7504
8807,7505
1647,7506
6013,7507
7936,7508
20291,7509
7935,7510
13411,7511
7307,7512
31211,7513
20506,7514
25886,7515
26949,7516
5490,7517
38416,7518
1646,7519
20616,7520
5722,7521
7172,7522
29223,7523
7214,7524
8157,7525
5231,7526
13224,7527
19979,7528
4968,7529
16552,7530
31956,7531
28392,7532
19133,7533
28426,7534
4777,7535
3621,7536
5134,7537
27480,7538
10402,7539
5993,7540
26947,7541
23818,7542
13027,7543
3881,7544
17923,7545
12744,7546
9344,7547
28394,7548
14729,7549
13438,7550
20244,7551
6067,7552
14408,7553
6257,7554
15608,7555
14438,7556
18368,7557
6213,7558
29067,7559
3928,7560
26887,7561
18391,7562
9667,7563
26938,7564
14743,7565
12386,7566
23455,7567
13439,7568
7165,7569
36206,7570
10238,7571
6692,7572
26875,7573
6691,7574
29219,7575
12387,7576
20290,7577
15132,7578
3649,7579
13452,7580
40118,7581
33771,7582
33772,7583
6037,7584
8140,7585
6073,7586
26669,7587
26668,7588
19009,7589
31214,7590
7098,7591
13445,7592
4126,7593
26940,7594
24715,7595
12369,7596
22239,7597
6656,7598
24091,7599
10452,7600
14626,7601
48380,7602
19234,7603
25888,7604
5157,7605
33051,7606
10207,7607
8977,7608
3957,7609
24302,7610
20260,7611
1951,7612
28450,7613
14745,7614
12613,7615
30604,7616
50574,7617
20253,7618
4244,7619
10813,7620
18915,7621
3865,7622
5971,7623
29220,7624
34073,7625
17992,7626
18913,7627
15165,7628
6331,7629
28599,7630
30732,7631
20459,7632
12609,7633
8491,7634
31057,7635
5074,7636
1542,7637
50608,7638
8188,7639
6578,7640
5833,7641
59410,7642
5770,7643
1842,7644
2226,7645
10046,7646
4970,7647
11805,7648
26148,7649
43632,7650
7163,7651
9937,7652
26526,7653
8003,7654
28780,7655
6069,7656
26527,7657
3880,7658
26611,7659
12374,7660
15160,7661
26612,7662
25646,7663
5078,7664
8800,7665
26160,7666
15734,7667
10403,7668
30681,7669
12615,7670
34631,7671
15763,7672
51319,7673
4264,7674
15221,7675
20203,7676
18491,7677
28492,7678
1876,7679
10033,7680
34068,7681
14312,7682
19644,7683
40071,7684
5973,7685
21592,7686
22547,7687
11593,7688
38962,7689
6403,7690
11440,7691
5040,7692
6980,7693
50711,7694
28636,7695
13520,7696
10047,7697
23841,7698
14372,7699
23060,7700
21244,7701
16617,7702
6404,7703
20505,7704
10483,7705
12928,7706
11193,7707
32410,7708
10019,7709
20458,7710
14677,7711
51023,7712
8827,7713
27206,7714
2141,7715
7162,7716
13836,7717
10812,7718
10880,7719
40012,7720
40010,7721
6597,7722
6598,7723
7315,7724
18528,7725
32164,7726
3607,7727
22113,7728
50449,7729
35970,7730
4095,7731
22258,7732
6254,7733
6010,7734
6065,7735
8978,7736
28539,7737
7961,7738
16905,7739
31094,7740
27205,7741
31446,7742
50683,7743
50454,7744
18788,7745
33198,7746
6327,7747
6277,7748
39621,7749
28598,7750
29283,7751
31783,7752
50576,7753
30601,7754
14410,7755
5953,7756
2211,7757
2224,7758
23753,7759
8478,7760
3878,7761
10435,7762
14309,7763
6607,7764
18877,7765
13240,7766
22489,7767
23540,7768
6985,7769
11435,7770
28951,7771
3983,7772
19947,7773
18923,7774
3752,7775
25044,7776
22357,7777
51010,7778
5969,7779
27621,7780
18168,7781
7316,7782
15524,7783
15511,7784
15523,7785
7153,7786
19594,7787
7669,7788
19341,7789
6818,7790
7700,7791
4028,7792
40186,7793
4421,7794
9323,7795
9348,7796
20503,7797
40185,7798
35350,7799
17712,7800
4990,7801
5764,7802
11334,7803
4677,7804
16488,7805
6870,7806
24849,7807
15168,7808
15195,7809
16929,7810
9940,7811
27604,7812
35260,7813
4776,7814
6595,7815
6878,7816
23760,7817
3642,7818
15758,7819
15682,7820
6243,7821
6253,7822
44287,7823
14003,7824
6145,7825
6147,7826
15242,7827
18270,7828
5435,7829
50607,7830
46185,7831
13298,7832
25836,7833
6610,7834
2383,7835
23451,7836
4725,7837
18957,7838
50610,7839
50451,7840
23058,7841
15485,7842
12645,7843
31097,7844
10510,7845
22876,7846
18531,7847
15196,7848
12634,7849
9980,7850
20207,7851
7530,7852
25830,7853
2192,7854
33553,7855
6589,7856
32166,7857
22754,7858
17770,7859
11436,7860
4334,7861
2091,7862
45869,7863
4088,7864
5090,7865
31096,7866
50681,7867
36456,7868
9656,7869
18534,7870
18526,7871
18533,7872
36233,7873
12206,7874
39998,7875
10231,7876
36209,7877
24370,7878
12734,7879
18219,7880
1875,7881
4760,7882
51657,7883
46190,7884
19559,7885
22391,7886
22355,7887
8293,7888
4058,7889
18217,7890
9082,7891
33554,7892
11342,7893
52028,7894
18720,7895
3619,7896
15824,7897
3623,7898
33572,7899
33191,7900
12882,7901
20385,7902
42640,7903
11347,7904
15012,7905
5979,7906
24718,7907
50609,7908
8479,7909
18216,7910
18218,7911
18220,7912
12203,7913
31970,7914
3741,7915
15157,7916
20491,7917
13848,7918
19189,7919
20256,7920
8278,7921
7312,7922
23876,7923
4920,7924
39867,7925
4021,7926
16127,7927
15752,7928
10012,7929
50453,7930
16980,7931
50565,7932
32634,7933
30682,7934
34640,7935
7529,7936
34614,7937
20479,7938
9969,7939
9992,7940
20206,7941
9701,7942
6293,7943
35268,7944
20498,7945
15192,7946
15750,7947
49980,7948
15201,7949
50561,7950
39996,7951
20257,7952
7724,7953
20258,7954
46182,7955
20195,7956
6894,7957
23230,7958
22687,7959
23787,7960
12496,7961
8899,7962
15243,7963
49978,7964
6033,7965
50564,7966
16902,7967
19449,7968
45641,7969
15262,7970
15267,7971
15250,7972
9938,7973
13062,7974
12316,7975
6461,7976
6449,7977
4728,7978
15827,7979
33578,7980
16903,7981
21508,7982
37902,7983
52043,7984
20134,7985
9700,7986
10764,7987
6447,7988
9971,7989
50510,7990
6024,7991
23945,7992
16602,7993
3956,7994
41831,7995
26530,7996
33190,7997
13895,7998
26529,7999
23110,8000
15200,8001
32463,8002
1905,8003
15185,8004
10478,8005
21748,8006
7484,8007
4025,8008
12736,8009
40323,8010
34617,8011
13086,8012
11125,8013
32257,8014
15821,8015
6230,8016
2227,8017
3990,8018
3982,8019
9915,8020
19639,8021
31953,8022
21210,8023
26704,8024
13892,8025
5099,8026
35261,8027
5742,8028
9914,8029
10208,8030
10776,8031
6513,8032
43792,8033
3890,8034
50563,8035
3654,8036
6887,8037
25470,8038
7948,8039
15202,8040
23845,8041
15459,8042
19558,8043
11428,8044
11126,8045
11481,8046
6930,8047
8384,8048
15854,8049
47681,8050
8385,8051
15888,8052
15889,8053
15887,8054
30926,8055
13115,8056
33173,8057
23786,8058
25573,8059
25525,8060
40064,8061
40081,8062
12311,8063
25574,8064
8131,8065
8124,8066
8106,8067
3870,8068
27598,8069
41899,8070
6235,8071
6234,8072
15817,8073
31092,8074
9802,8075
30590,8076
15199,8077
50447,8078
30611,8079
46054,8080
24372,8081
10221,8082
50562,8083
6011,8084
18215,8085
3989,8086
3552,8087
15819,8088
2953,8089
10130,8090
7959,8091
44342,8092
4761,8093
31090,8094
7213,8095
15416,8096
12944,8097
43794,8098
49976,8099
12978,8100
6505,8101
4762,8102
8282,8103
15197,8104
38738,8105
4998,8106
15825,8107
11408,8108
7768,8109
31442,8110
18269,8111
38662,8112
33551,8113
12773,8114
4038,8115
15759,8116
12717,8117
36185,8118
15339,8119
22691,8120
4091,8121
15646,8122
22583,8123
36819,8124
30817,8125
10314,8126
11320,8127
2854,8128
18236,8129
7513,8130
15166,8131
18530,8132
14064,8133
9799,8134
33829,8135
11096,8136
3873,8137
38661,8138
28603,8139
43461,8140
26521,8141
8488,8142
4735,8143
12309,8144
3945,8145
10714,8146
44343,8147
50973,8148
9431,8149
35968,8150
28600,8151
12322,8152
6228,8153
32077,8154
14109,8155
29562,8156
43460,8157
29561,8158
29045,8159
7403,8160
18860,8161
18006,8162
29566,8163
13420,8164
11807,8165
19050,8166
30679,8167
18880,8168
29565,8169
18929,8170
49951,8171
51012,8172
12866,8173
6633,8174
13129,8175
6104,8176
6474,8177
10611,8178
22532,8179
34615,8180
6463,8181
18525,8182
7949,8183
35994,8184
40197,8185
6762,8186
23332,8187
4623,8188
4674,8189
6211,8190
52758,8191
28507,8192
38526,8193
16499,8194
9801,8195
8414,8196
36444,8197
8415,8198
36276,8199
39163,8200
5455,8201
19438,8202
11086,8203
4984,8204
4345,8205
11062,8206
27864,8207
30678,8208
8290,8209
23054,8210
39504,8211
4206,8212
11339,8213
16124,8214
7963,8215
30192,8216
4253,8217
41783,8218
10844,8219
6205,8220
14004,8221
36274,8222
27474,8223
36222,8224
14728,8225
30185,8226
37304,8227
39999,8228
11656,8229
11079,8230
8740,8231
10371,8232
3914,8233
6286,8234
36221,8235
20475,8236
20476,8237
17630,8238
30819,8239
34146,8240
6111,8241
5850,8242
3866,8243
8145,8244
42998,8245
14621,8246
4252,8247
15127,8248
6582,8249
4090,8250
52754,8251
6495,8252
6497,8253
25030,8254
39240,8255
10215,8256
4713,8257
10837,8258
7054,8259
50971,8260
12295,8261
43634,8262
17210,8263
19038,8264
31448,8265
20405,8266
17215,8267
7154,8268
17966,8269
30058,8270
18529,8271
7514,8272
22202,8273
31101,8274
15238,8275
20518,8276
18436,8277
4309,8278
10229,8279
32503,8280
41666,8281
45633,8282
5949,8283
30039,8284
6418,8285
6411,8286
7527,8287
13220,8288
18934,8289
5165,8290
30717,8291
31451,8292
3131,8293
26528,8294
17617,8295
10216,8296
46192,8297
9968,8298
28151,8299
3974,8300
43643,8301
27472,8302
38664,8303
18752,8304
10836,8305
3952,8306
35265,8307
20555,8308
36290,8309
14387,8310
5849,8311
4676,8312
7962,8313
6107,8314
40083,8315
20397,8316
20463,8317
20462,8318
18936,8319
17454,8320
20489,8321
25346,8322
47318,8323
5772,8324
8279,8325
11530,8326
21354,8327
17926,8328
16501,8329
20682,8330
26531,8331
30899,8332
8485,8333
26532,8334
27584,8335
22353,8336
30636,8337
18926,8338
8810,8339
7155,8340
3933,8341
14049,8342
21355,8343
17925,8344
20246,8345
1879,8346
30718,8347
30715,8348
25260,8349
25227,8350
14911,8351
6864,8352
18751,8353
4220,8354
19974,8355
12282,8356
37421,8357
15851,8358
50974,8359
30927,8360
11640,8361
3482,8362
14772,8363
29019,8364
6031,8365
3749,8366
14643,8367
5420,8368
5232,8369
24760,8370
12371,8371
15869,8372
15868,8373
42039,8374
16909,8375
30814,8376
1889,8377
10199,8378
3696,8379
25029,8380
8452,8381
10200,8382
5792,8383
8288,8384
36826,8385
6089,8386
3747,8387
10715,8388
18541,8389
14288,8390
26651,8391
11356,8392
18542,8393
7531,8394
35947,8395
36441,8396
38564,8397
14644,8398
6110,8399
18713,8400
16908,8401
30898,8402
30904,8403
6944,8404
3639,8405
26671,8406
16941,8407
24393,8408
37419,8409
3748,8410
29069,8411
23856,8412
26670,8413
6987,8414
12800,8415
30900,8416
6943,8417
11359,8418
4973,8419
23228,8420
26649,8421
9138,8422
6884,8423
15671,8424
9139,8425
24085,8426
9384,8427
8295,8428
5544,8429
7498,8430
39592,8431
3529,8432
3951,8433
20527,8434
25176,8435
11191,8436
6424,8437
11094,8438
18170,8439
50975,8440
7283,8441
16187,8442
12534,8443
15902,8444
4339,8445
43050,8446
6685,8447
18924,8448
38156,8449
8275,8450
27671,8451
10284,8452
7965,8453
42985,8454
27727,8455
10361,8456
5741,8457
19182,8458
42031,8459
23491,8460
24624,8461
15484,8462
9902,8463
4143,8464
4734,8465
11438,8466
3539,8467
14062,8468
23119,8469
49646,8470
9927,8471
16608,8472
20627,8473
11361,8474
16835,8475
28535,8476
26693,8477
17214,8478
17225,8479
6061,8480
3506,8481
14989,8482
17219,8483
3241,8484
17231,8485
17205,8486
10709,8487
23142,8488
16704,8489
3718,8490
18985,8491
19172,8492
19965,8493
12358,8494
12360,8495
12354,8496
4211,8497
3723,8498
6941,8499
7766,8500
26661,8501
17226,8502
26662,8503
38670,8504
50970,8505
13100,8506
12361,8507
10051,8508
33546,8509
28652,8510
15666,8511
25630,8512
6910,8513
33277,8514
10710,8515
20020,8516
42611,8517
5748,8518
5769,8519
20681,8520
15419,8521
31100,8522
36457,8523
6240,8524
8908,8525
6908,8526
22794,8527
40316,8528
33423,8529
14921,8530
15670,8531
8205,8532
13998,8533
30669,8534
10717,8535
3927,8536
29266,8537
5743,8538
6507,8539
30928,8540
39893,8541
14108,8542
14478,8543
32578,8544
10718,8545
15366,8546
3886,8547
13448,8548
9213,8549
50441,8550
13487,8551
4742,8552
28536,8553
6591,8554
36278,8555
4971,8556
30815,8557
17930,8558
33232,8559
15214,8560
30810,8561
36264,8562
11234,8563
36590,8564
26618,8565
27508,8566
10342,8567
7190,8568
4307,8569
13668,8570
31020,8571
22229,8572
5230,8573
15482,8574
20136,8575
31449,8576
41903,8577
6934,8578
24213,8579
17942,8580
30638,8581
16226,8582
9386,8583
9387,8584
40182,8585
33210,8586
7355,8587
44895,8588
30812,8589
33288,8590
3829,8591
11459,8592
9571,8593
30818,8594
8310,8595
7732,8596
32943,8597
17941,8598
26533,8599
5418,8600
6085,8601
20589,8602
10996,8603
9174,8604
33175,8605
9885,8606
42137,8607
5543,8608
13083,8609
9649,8610
33548,8611
5988,8612
12181,8613
16952,8614
18034,8615
22999,8616
35704,8617
3602,8618
13449,8619
5784,8620
6271,8621
48062,8622
12305,8623
15755,8624
26650,8625
6217,8626
8206,8627
6233,8628
5837,8629
34762,8630
28534,8631
18005,8632
18920,8633
19491,8634
6688,8635
9160,8636
6245,8637
32421,8638
11986,8639
32579,8640
34832,8641
6091,8642
41407,8643
37087,8644
17929,8645
8477,8646
4520,8647
29319,8648
4529,8649
27625,8650
4521,8651
16122,8652
14686,8653
9126,8654
11424,8655
6443,8656
20387,8657
6382,8658
19488,8659
37085,8660
5776,8661
51331,8662
19487,8663
6282,8664
3218,8665
25026,8666
39624,8667
36474,8668
34861,8669
30053,8670
9650,8671
10498,8672
15754,8673
4949,8674
6457,8675
40009,8676
20507,8677
18939,8678
6454,8679
9222,8680
13107,8681
3553,8682
3862,8683
23240,8684
2389,8685
4221,8686
45488,8687
18712,8688
23539,8689
25963,8690
10442,8691
6455,8692
4733,8693
19484,8694
30043,8695
16802,8696
32947,8697
18038,8698
6171,8699
11467,8700
15022,8701
30671,8702
49955,8703
37210,8704
22988,8705
16225,8706
3551,8707
3557,8708
47431,8709
3926,8710
6684,8711
9876,8712
9830,8713
34760,8714
20234,8715
4210,8716
16911,8717
37754,8718
19605,8719
28662,8720
2939,8721
36265,8722
32574,8723
4215,8724
25038,8725
41408,8726
6687,8727
9533,8728
3934,8729
9878,8730
9924,8731
30674,8732
9925,8733
4300,8734
18927,8735
3608,8736
5477,8737
9385,8738
20612,8739
23141,8740
23835,8741
13964,8742
11075,8743
13929,8744
15206,8745
4570,8746
11432,8747
11387,8748
11009,8749
30045,8750
16567,8751
36223,8752
15027,8753
25962,8754
15965,8755
10256,8756
20613,8757
27426,8758
10752,8759
3501,8760
15876,8761
52032,8762
22318,8763
43432,8764
10255,8765
3671,8766
15875,8767
11250,8768
15288,8769
7342,8770
26697,8771
4302,8772
10886,8773
11446,8774
2396,8775
40737,8776
7943,8777
37737,8778
7287,8779
39238,8780
7797,8781
19021,8782
22241,8783
34042,8784
7960,8785
27509,8786
23669,8787
11529,8788
24556,8789
14325,8790
14323,8791
9523,8792
8743,8793
36277,8794
11665,8795
25340,8796
34764,8797
18893,8798
7964,8799
25481,8800
18933,8801
30042,8802
14316,8803
19490,8804
37418,8805
16492,8806
26709,8807
22136,8808
14317,8809
22814,8810
49954,8811
5558,8812
25358,8813
46596,8814
6592,8815
48367,8816
25964,8817
8556,8818
46399,8819
6817,8820
12198,8821
46198,8822
21560,8823
21562,8824
12811,8825
39527,8826
25664,8827
8546,8828
11894,8829
36753,8830
4234,8831
23137,8832
23146,8833
10989,8834
43663,8835
5791,8836
15179,8837
49070,8838
15822,8839
33858,8840
33859,8841
49648,8842
10596,8843
2388,8844
45664,8845
3750,8846
23138,8847
32413,8848
14094,8849
34032,8850
32466,8851
13047,8852
29011,8853
19744,8854
32422,8855
32415,8856
32414,8857
3295,8858
14580,8859
14679,8860
43856,8861
3872,8862
19328,8863
24357,8864
7195,8865
28993,8866
19202,8867
6464,8868
32467,8869
27199,8870
41790,8871
29035,8872
5296,8873
3569,8874
10694,8875
10845,8876
43049,8877
27510,8878
21559,8879
34828,8880
7598,8881
9810,8882
12196,8883
39320,8884
39503,8885
14682,8886
28656,8887
9104,8888
10690,8889
4063,8890
49647,8891
31435,8892
26589,8893
23666,8894
6889,8895
26588,8896
19419,8897
6857,8898
3944,8899
37905,8900
23148,8901
23223,8902
7109,8903
8731,8904
38321,8905
10440,8906
10475,8907
13427,8908
7489,8909
9964,8910
10139,8911
3863,8912
42989,8913
51475,8914
14730,8915
26163,8916
5094,8917
6008,8918
3285,8919
28352,8920
17620,8921
17903,8922
22789,8923
20735,8924
12320,8925
22262,8926
22263,8927
12731,8928
3882,8929
32118,8930
25224,8931
10473,8932
16940,8933
10495,8934
23311,8935
31444,8936
19129,8937
19128,8938
19130,8939
2637,8940
22987,8941
27014,8942
4258,8943
23145,8944
23143,8945
20579,8946
14374,8947
20578,8948
21991,8949
33404,8950
10193,8951
9880,8952
39108,8953
12494,8954
31116,8955
10433,8956
11465,8957
34633,8958
3871,8959
8268,8960
23112,8961
17631,8962
28783,8963
23136,8964
49993,8965
22994,8966
28495,8967
36732,8968
29182,8969
11912,8970
4813,8971
30728,8972
20419,8973
20237,8974
11375,8975
11377,8976
13490,8977
29012,8978
45655,8979
8759,8980
34632,8981
12654,8982
38396,8983
46055,8984
8734,8985
39107,8986
23233,8987
24448,8988
46002,8989
12695,8990
48064,8991
8144,8992
17216,8993
8280,8994
30673,8995
25881,8996
9875,8997
3850,8998
25235,8999
21185,9000
16948,9001
21178,9002
23222,9003
23667,9004
13357,9005
3955,9006
16942,9007
16946,9008
4194,9009
5987,9010
17423,9011
14678,9012
10049,9013
9946,9014
38825,9015
2373,9016
10158,9017
15017,9018
5757,9019
57696,9020
6323,9021
6332,9022
6326,9023
6328,9024
43056,9025
24716,9026
5163,9027
4299,9028
7806,9029
11273,9030
6530,9031
10293,9032
20383,9033
10464,9034
21972,9035
29683,9036
21747,9037
11521,9038
28145,9039
23235,9040
46400,9041
10115,9042
8748,9043
3879,9044
20236,9045
10455,9046
1580,9047
11259,9048
33815,9049
40196,9050
20212,9051
10283,9052
11405,9053
21939,9054
15588,9055
1762,9056
21329,9057
19335,9058
21334,9059
32435,9060
39153,9061
20240,9062
23144,9063
23147,9064
3598,9065
19004,9066
29015,9067
23140,9068
45665,9069
27477,9070
25360,9071
21590,9072
20190,9073
35808,9074
52682,9075
15015,9076
5419,9077
36471,9078
7807,9079
4974,9080
14915,9081
5438,9082
9406,9083
8729,9084
17611,9085
25361,9086
30667,9087
31216,9088
12655,9089
16691,9090
36158,9091
8246,9092
14326,9093
21589,9094
11398,9095
12304,9096
9819,9097
5823,9098
22305,9099
3954,9100
6866,9101
2915,9102
16001,9103
13394,9104
5781,9105
14701,9106
8281,9107
22796,9108
4293,9109
51497,9110
5428,9111
17306,9112
22304,9113
44887,9114
45663,9115
23237,9116
30055,9117
7143,9118
20238,9119
9189,9120
36818,9121
3697,9122
41376,9123
36470,9124
33765,9125
11402,9126
6841,9127
34638,9128
34051,9129
34637,9130
23671,9131
24089,9132
10021,9133
17616,9134
20009,9135
15307,9136
29553,9137
4035,9138
13661,9139
22461,9140
6156,9141
20005,9142
6533,9143
19567,9144
20211,9145
3929,9146
7590,9147
21476,9148
38464,9149
11384,9150
13430,9151
21179,9152
29676,9153
36184,9154
33296,9155
33560,9156
15177,9157
4462,9158
11673,9159
30327,9160
19811,9161
22912,9162
8132,9163
11983,9164
6207,9165
6032,9166
5834,9167
6101,9168
6102,9169
7285,9170
10846,9171
41401,9172
10350,9173
7019,9174
31458,9175
6869,9176
6898,9177
10883,9178
10650,9179
6268,9180
43649,9181
37198,9182
17238,9183
32277,9184
27402,9185
11199,9186
3931,9187
6868,9188
4812,9189
15647,9190
11533,9191
17208,9192
17211,9193
16157,9194
29016,9195
19337,9196
9808,9197
26656,9198
34602,9199
4667,9200
25356,9201
19122,9202
38431,9203
29568,9204
9201,9205
33203,9206
19402,9207
3704,9208
25359,9209
27476,9210
34853,9211
27724,9212
19410,9213
19123,9214
11087,9215
24061,9216
6865,9217
4050,9218
4972,9219
13446,9220
13619,9221
9966,9222
9945,9223
3289,9224
27490,9225
27493,9226
3969,9227
25585,9228
7739,9229
43904,9230
19994,9231
10882,9232
13705,9233
13662,9234
36745,9235
17621,9236
41902,9237
25680,9238
5486,9239
18003,9240
6202,9241
23505,9242
40187,9243
25584,9244
3549,9245
11634,9246
29164,9247
2251,9248
7147,9249
34603,9250
12249,9251
24466,9252
24446,9253
14794,9254
11520,9255
4802,9256
31356,9257
46828,9258
41625,9259
18203,9260
34827,9261
50583,9262
15510,9263
8495,9264
35939,9265
24090,9266
11073,9267
5804,9268
19134,9269
44929,9270
23904,9271
8460,9272
6903,9273
20830,9274
11371,9275
5421,9276
29028,9277
38759,9278
14063,9279
6212,9280
43707,9281
33769,9282
33768,9283
22253,9284
18202,9285
26536,9286
32169,9287
3731,9288
23497,9289
2632,9290
4193,9291
3226,9292
8776,9293
12273,9294
12623,9295
6039,9296
23670,9297
12785,9298
33541,9299
22462,9300
36443,9301
7538,9302
10691,9303
10211,9304
34083,9305
9818,9306
39113,9307
6229,9308
24006,9309
10327,9310
10197,9311
15642,9312
10479,9313
8486,9314
22463,9315
47317,9316
28142,9317
28750,9318
11000,9319
47092,9320
9525,9321
21182,9322
22971,9323
24992,9324
25623,9325
37768,9326
18492,9327
50584,9328
22459,9329
10397,9330
12279,9331
10196,9332
3885,9333
16907,9334
20202,9335
11098,9336
45653,9337
33249,9338
32942,9339
43704,9340
36134,9341
10431,9342
22457,9343
2851,9344
25622,9345
34605,9346
42038,9347
20452,9348
40194,9349
13313,9350
19609,9351
8435,9352
12505,9353
7290,9354
44884,9355
10346,9356
27492,9357
44885,9358
22762,9359
34002,9360
5760,9361
3751,9362
33224,9363
20614,9364
17150,9365
11397,9366
4950,9367
11099,9368
18256,9369
14119,9370
22456,9371
8738,9372
29575,9373
7737,9374
12625,9375
36563,9376
34604,9377
51353,9378
19948,9379
30730,9380
39793,9381
6984,9382
13936,9383
36472,9384
24094,9385
3667,9386
6439,9387
6437,9388
6615,9389
6438,9390
22454,9391
28504,9392
26056,9393
12292,9394
23241,9395
19514,9396
10005,9397
11406,9398
20386,9399
34851,9400
6946,9401
36473,9402
19561,9403
17609,9404
12296,9405
32445,9406
20389,9407
50484,9408
29211,9409
48459,9410
8135,9411
39223,9412
26718,9413
19728,9414
3193,9415
12233,9416
26057,9417
21180,9418
8383,9419
8382,9420
21177,9421
8368,9422
16126,9423
37732,9424
6380,9425
43613,9426
6064,9427
43791,9428
17612,9429
23101,9430
17711,9431
7804,9432
46390,9433
24694,9434
13659,9435
9084,9436
28512,9437
50585,9438
8737,9439
21545,9440
3869,9441
19191,9442
45646,9443
31212,9444
4059,9445
35271,9446
33162,9447
10323,9448
13350,9449
4079,9450
16906,9451
31112,9452
25536,9453
3843,9454
7577,9455
34754,9456
28513,9457
43771,9458
19739,9459
14371,9460
34029,9461
20410,9462
20512,9463
7830,9464
20504,9465
5424,9466
9158,9467
17614,9468
7842,9469
15026,9470
6378,9471
22152,9472
8721,9473
21543,9474
35266,9475
23450,9476
37415,9477
33427,9478
38658,9479
31113,9480
25527,9481
1809,9482
18205,9483
10685,9484
8994,9485
10045,9486
5943,9487
37903,9488
24927,9489
35895,9490
12671,9491
12777,9492
3973,9493
19831,9494
3622,9495
3867,9496
3851,9497
25231,9498
16955,9499
14873,9500
20242,9501
23214,9502
16945,9503
14057,9504
6112,9505
43052,9506
37800,9507
37796,9508
10991,9509
17613,9510
8735,9511
29542,9512
12784,9513
7028,9514
28509,9515
12778,9516
13522,9517
13470,9518
5812,9519
7810,9520
12242,9521
10444,9522
32171,9523
44143,9524
29564,9525
7824,9526
10647,9527
15020,9528
7270,9529
40761,9530
19659,9531
13322,9532
10604,9533
22365,9534
20615,9535
28503,9536
17615,9537
20399,9538
51658,9539
5996,9540
42859,9541
22998,9542
29546,9543
4295,9544
26073,9545
39149,9546
8448,9547
20508,9548
31473,9549
13320,9550
19184,9551
34642,9552
14985,9553
10689,9554
17934,9555
5974,9556
42176,9557
4779,9558
20517,9559
17266,9560
15667,9561
30672,9562
30308,9563
15598,9564
53729,9565
47371,9566
4191,9567
9541,9568
33312,9569
32939,9570
42228,9571
4052,9572
19560,9573
23111,9574
36475,9575
8077,9576
53838,9577
13655,9578
12255,9579
50486,9580
33710,9581
20183,9582
28141,9583
17665,9584
8381,9585
12536,9586
20230,9587
13453,9588
8364,9589
32168,9590
10480,9591
3730,9592
7288,9593
16125,9594
33273,9595
4803,9596
51036,9597
7764,9598
10884,9599
7488,9600
43081,9601
8581,9602
7029,9603
13996,9604
25611,9605
32170,9606
3834,9607
33542,9608
28715,9609
44230,9610
46826,9611
42005,9612
1803,9613
4952,9614
10671,9615
28827,9616
20184,9617
9542,9618
10505,9619
8256,9620
34034,9621
50976,9622
33200,9623
9002,9624
14649,9625
5811,9626
11277,9627
19160,9628
39175,9629
7292,9630
32173,9631
4340,9632
13939,9633
5179,9634
17771,9635
11445,9636
14052,9637
44311,9638
29578,9639
20231,9640
14350,9641
15627,9642
37740,9643
25364,9644
10501,9645
16250,9646
30300,9647
3265,9648
15228,9649
16913,9650
49940,9651
11316,9652
50043,9653
49942,9654
15516,9655
51035,9656
39185,9657
7349,9658
39181,9659
38814,9660
25267,9661
3603,9662
42201,9663
1810,9664
6423,9665
13995,9666
43084,9667
6421,9668
6419,9669
17242,9670
19855,9671
33586,9672
15507,9673
35027,9674
3925,9675
27458,9676
4791,9677
5547,9678
8988,9679
22483,9680
5545,9681
4792,9682
30923,9683
11178,9684
20198,9685
15010,9686
23232,9687
13666,9688
7293,9689
29022,9690
27459,9691
29021,9692
24602,9693
19727,9694
2631,9695
12531,9696
39628,9697
33823,9698
36853,9699
4294,9700
14650,9701
5623,9702
5601,9703
11846,9704
3059,9705
20033,9706
23224,9707
17944,9708
25595,9709
13456,9710
21034,9711
29598,9712
28147,9713
23225,9714
18386,9715
3977,9716
31463,9717
11472,9718
18388,9719
23335,9720
39716,9721
23313,9722
28828,9723
12504,9724
39155,9725
30901,9726
9832,9727
30929,9728
8723,9729
28829,9730
16914,9731
44896,9732
44678,9733
35026,9734
5768,9735
35412,9736
33994,9737
5520,9738
28832,9739
28140,9740
23236,9741
20562,9742
33764,9743
33826,9744
40190,9745
15731,9746
15732,9747
19012,9748
43471,9749
36487,9750
5091,9751
20456,9752
15521,9753
24121,9754
12264,9755
25496,9756
28505,9757
28501,9758
30334,9759
35272,9760
14726,9761
29051,9762
15229,9763
3353,9764
20328,9765
9825,9766
28831,9767
23494,9768
34624,9769
49938,9770
9833,9771
10048,9772
38449,9773
19426,9774
37727,9775
14005,9776
33585,9777
9083,9778
14858,9779
28830,9780
14872,9781
33415,9782
24995,9783
2390,9784
39179,9785
7346,9786
4251,9787
22011,9788
33583,9789
20027,9790
29682,9791
10227,9792
29047,9793
34473,9794
4788,9795
16661,9796
30054,9797
47415,9798
33414,9799
14874,9800
5831,9801
8143,9802
17935,9803
23888,9804
29273,9805
17619,9806
25540,9807
9531,9808
32161,9809
19740,9810
31945,9811
31946,9812
4030,9813
9555,9814
6904,9815
25348,9816
3981,9817
12890,9818
49939,9819
49941,9820
4429,9821
32959,9822
10228,9823
30649,9824
43671,9825
7841,9826
43598,9827
9173,9828
3698,9829
22176,9830
9508,9831
22175,9832
15100,9833
19603,9834
33849,9835
4029,9836
51354,9837
18999,9838
12635,9839
38318,9840
4793,9841
9804,9842
27491,9843
3860,9844
3864,9845
32958,9846
14356,9847
4789,9848
38451,9849
10322,9850
15846,9851
20434,9852
43849,9853
6133,9854
25351,9855
25349,9856
7191,9857
30352,9858
28119,9859
6896,9860
28782,9861
16877,9862
16858,9863
21357,9864
37731,9865
16867,9866
16846,9867
47294,9868
16221,9869
30049,9870
3727,9871
3203,9872
9176,9873
38571,9874
4461,9875
30316,9876
27901,9877
8245,9878
24289,9879
4755,9880
48063,9881
11037,9882
4014,9883
10885,9884
9550,9885
9337,9886
28785,9887
4057,9888
24943,9889
41154,9890
37738,9891
29274,9892
21227,9893
28148,9894
33824,9895
17618,9896
24662,9897
38121,9898
3600,9899
28738,9900
36485,9901
21481,9902
42937,9903
20263,9904
37093,9905
12147,9906
9926,9907
23226,9908
38537,9909
38521,9910
23227,9911
5534,9912
3940,9913
11278,9914
33821,9915
14684,9916
20222,9917
33822,9918
19238,9919
11077,9920
22259,9921
13524,9922
45983,9923
11524,9924
18557,9925
41773,9926
25883,9927
19721,9928
43615,9929
6906,9930
9552,9931
40021,9932
5426,9933
20488,9934
12470,9935
24290,9936
14922,9937
17608,9938
30325,9939
31668,9940
46987,9941
21287,9942
4727,9943
18758,9944
23954,9945
20388,9946
12278,9947
20214,9948
14623,9949
9823,9950
19563,9951
37795,9952
13442,9953
36861,9954
4427,9955
26555,9956
31166,9957
30729,9958
11362,9959
29320,9960
8445,9961
11036,9962
10987,9963
6083,9964
5500,9965
7189,9966
2956,9967
47335,9968
23239,9969
25970,9970
42428,9971
1891,9972
10995,9973
3980,9974
16912,9975
20223,9976
50034,9977
15643,9978
25362,9979
7070,9980
25350,9981
38320,9982
14391,9983
4743,9984
15240,9985
1755,9986
23220,9987
6486,9988
6459,9989
46841,9990
4241,9991
34550,9992
8331,9993
8330,9994
8333,9995
8395,9996
23839,9997
8332,9998
15034,9999
6599,10000
8725,10001
29245,10002
34641,10003
21122,10004
21172,10005
30295,10006
19359,10007
19357,10008
19356,10009
3868,10010
3703,10011
30296,10012
30294,10013
25268,10014
38522,10015
44310,10016
23229,10017
7423,10018
46250,10019
20571,10020
10633,10021
7730,10022
5164,10023
28500,10024
30896,10025
9822,10026
12640,10027
2482,10028
14073,10029
20603,10030
20602,10031
17284,10032
9537,10033
13943,10034
28627,10035
12274,10036
20232,10037
39899,10038
23218,10039
12129,10040
4594,10041
30731,10042
9205,10043
17710,10044
20243,10045
10827,10046
9554,10047
24450,10048
3124,10049
27494,10050
19112,10051
5780,10052
15039,10053
3558,10054
38760,10055
32967,10056
49943,10057
29107,10058
19165,10059
20197,10060
33264,10061
12774,10062
28538,10063
20601,10064
14912,10065
33587,10066
21947,10067
34147,10068
33539,10069
25544,10070
34752,10071
17932,10072
41837,10073
16958,10074
14924,10075
39140,10076
16202,10077
14857,10078
10437,10079
32557,10080
9175,10081
19428,10082
38399,10083
8456,10084
27973,10085
8764,10086
27928,10087
37417,10088
30322,10089
7428,10090
8328,10091
25474,10092
13060,10093
19513,10094
39593,10095
3958,10096
23333,10097
15820,10098
10329,10099
3938,10100
13828,10101
3745,10102
12498,10103
12372,10104
32470,10105
1888,10106
12892,10107
47382,10108
34316,10109
22212,10110
11449,10111
41387,10112
21121,10113
25538,10114
4428,10115
2399,10116
12146,10117
41898,10118
27900,10119
5183,10120
37224,10121
42034,10122
6727,10123
40028,10124
24685,10125
4726,10126
23887,10127
16844,10128
13827,10129
13843,10130
28149,10131
3487,10132
28117,10133
30347,10134
28021,10135
35802,10136
15246,10137
6002,10138
30612,10139
29124,10140
5901,10141
18199,10142
3941,10143
8321,10144
10720,10145
15462,10146
27422,10147
27421,10148
25471,10149
15890,10150
15891,10151
15921,10152
11658,10153
28382,10154
10491,10155
12237,10156
5114,10157
6166,10158
35699,10159
5010,10160
1890,10161
8989,10162
38474,10163
18978,10164
6873,10165
3859,10166
38815,10167
10032,10168
5886,10169
8322,10170
3841,10171
47366,10172
25357,10173
25386,10174
6269,10175
12258,10176
33574,10177
22774,10178
18392,10179
15007,10180
18707,10181
18708,10182
18393,10183
20213,10184
44907,10185
11047,10186
31114,10187
19155,10188
17795,10189
16409,10190
28949,10191
27433,10192
31488,10193
3976,10194
24055,10195
11246,10196
25355,10197
38462,10198
37782,10199
30312,10200
30293,10201
9835,10202
8494,10203
30305,10204
30820,10205
3744,10206
19472,10207
10597,10208
18551,10209
3264,10210
23212,10211
46057,10212
30905,10213
5204,10214
44909,10215
15268,10216
12810,10217
30302,10218
15260,10219
42801,10220
12782,10221
38833,10222
15233,10223
23234,10224
24726,10225
20698,10226
20697,10227
6694,10228
6696,10229
31331,10230
26666,10231
25283,10232
18717,10233
34340,10234
34342,10235
34343,10236
4721,10237
11950,10238
44908,10239
42202,10240
28950,10241
42402,10242
15740,10243
4939,10244
39168,10245
31476,10246
26893,10247
28138,10248
3722,10249
31828,10250
22274,10251
22273,10252
22275,10253
30606,10254
27748,10255
37407,10256
46693,10257
30331,10258
8455,10259
19784,10260
19355,10261
10023,10262
19318,10263
4790,10264
7179,10265
30816,10266
33540,10267
10768,10268
32941,10269
49997,10270
20611,10271
16966,10272
15982,10273
3975,10274
31233,10275
15248,10276
13826,10277
30301,10278
44293,10279
21558,10280
28061,10281
7934,10282
36510,10283
5180,10284
30358,10285
30306,10286
27754,10287
27468,10288
32940,10289
7415,10290
42211,10291
28784,10292
30299,10293
36560,10294
36557,10295
6004,10296
1887,10297
12126,10298
23202,10299
22111,10300
14036,10301
7591,10302
30341,10303
27965,10304
16229,10305
22110,10306
8338,10307
36562,10308
37730,10309
22908,10310
8339,10311
20393,10312
15858,10313
15857,10314
10692,10315
5203,10316
11261,10317
16848,10318
10993,10319
11471,10320
16859,10321
27969,10322
28425,10323
28424,10324
13195,10325
28423,10326
46979,10327
34325,10328
25074,10329
22487,10330
16838,10331
14025,10332
36561,10333
1547,10334
36558,10335
13386,10336
15062,10337
9765,10338
50628,10339
17283,10340
28123,10341
19111,10342
26068,10343
43937,10344
25542,10345
12385,10346
7507,10347
8995,10348
7182,10349
8327,10350
36559,10351
3842,10352
8326,10353
41386,10354
3948,10355
52034,10356
18547,10357
33590,10358
3949,10359
16228,10360
6466,10361
7271,10362
23211,10363
2318,10364
13059,10365
40106,10366
20394,10367
10004,10368
12220,10369
21958,10370
8269,10371
21959,10372
28537,10373
6285,10374
6288,10375
6295,10376
9793,10377
23195,10378
8337,10379
19553,10380
30603,10381
8251,10382
20829,10383
8999,10384
3994,10385
37767,10386
22728,10387
51439,10388
8336,10389
37172,10390
9334,10391
18548,10392
13461,10393
39380,10394
4196,10395
30313,10396
41495,10397
21552,10398
21550,10399
24756,10400
30586,10401
11527,10402
27432,10403
9338,10404
6483,10405
25541,10406
7703,10407
33160,10408
24596,10409
30298,10410
49998,10411
9960,10412
10052,10413
38653,10414
22315,10415
49598,10416
10988,10417
9162,10418
4426,10419
6901,10420
27505,10421
39151,10422
33259,10423
17263,10424
27506,10425
41212,10426
3486,10427
28022,10428
10508,10429
3590,10430
31215,10431
9120,10432
44748,10433
25061,10434
30330,10435
29247,10436
38533,10437
7490,10438
15714,10439
30332,10440
30328,10441
33580,10442
5775,10443
13961,10444
55989,10445
10341,10446
10328,10447
6279,10448
45865,10449
22923,10450
37945,10451
13830,10452
37173,10453
31289,10454
21557,10455
30333,10456
21555,10457
5441,10458
30182,10459
4053,10460
23219,10461
40519,10462
46975,10463
3629,10464
3651,10465
3650,10466
30323,10467
30321,10468
51507,10469
21549,10470
36511,10471
21551,10472
13541,10473
15470,10474
7273,10475
6494,10476
3719,10477
34812,10478
4265,10479
19398,10480
36448,10481
30350,10482
37293,10483
36449,10484
15106,10485
10789,10486
19913,10487
30354,10488
30351,10489
35650,10490
28062,10491
11200,10492
14096,10493
22314,10494
22479,10495
45638,10496
26728,10497
8496,10498
10235,10499
12357,10500
29049,10501
12672,10502
39886,10503
16128,10504
10502,10505
6863,10506
12272,10507
46986,10508
22802,10509
10395,10510
10514,10511
10513,10512
34028,10513
53226,10514
4978,10515
4459,10516
28781,10517
10031,10518
3376,10519
15624,10520
19168,10521
27512,10522
28060,10523
7957,10524
50568,10525
10398,10526
28006,10527
28009,10528
28121,10529
19950,10530
32582,10531
19124,10532
25039,10533
36577,10534
33589,10535
8319,10536
31285,10537
19780,10538
33593,10539
27437,10540
8320,10541
33544,10542
13469,10543
16543,10544
7566,10545
12852,10546
9943,10547
5546,10548
17202,10549
8962,10550
14324,10551
27507,10552
45775,10553
39182,10554
23100,10555
14071,10556
10325,10557
28020,10558
28059,10559
30336,10560
13831,10561
9212,10562
3227,10563
13829,10564
7794,10565
25040,10566
7183,10567
13063,10568
3416,10569
9586,10570
11657,10571
26368,10572
9547,10573
23951,10574
22769,10575
10512,10576
29576,10577
27967,10578
10396,10579
7181,10580
13061,10581
47406,10582
8497,10583
5659,10584
6935,10585
7707,10586
53215,10587
46971,10588
20018,10589
24454,10590
33206,10591
17318,10592
4385,10593
36437,10594
43391,10595
17334,10596
7780,10597
19125,10598
26348,10599
42164,10600
15472,10601
15311,10602
25537,10603
19765,10604
42218,10605
13528,10606
22332,10607
12121,10608
7942,10609
3420,10610
24577,10611
7708,10612
5162,10613
16213,10614
22753,10615
27539,10616
13641,10617
42215,10618
9167,10619
42860,10620
9345,10621
5211,10622
31218,10623
31217,10624
8126,10625
50570,10626
17380,10627
25064,10628
5506,10629
33154,10630
33155,10631
43977,10632
2938,10633
9346,10634
20432,10635
15517,10636
28004,10637
35800,10638
50572,10639
50986,10640
28005,10641
36431,10642
19842,10643
5184,10644
36447,10645
15092,10646
15040,10647
1982,10648
20585,10649
1981,10650
25887,10651
6092,10652
14104,10653
14072,10654
17991,10655
19755,10656
12177,10657
21660,10658
7844,10659
38357,10660
30000,10661
8791,10662
8267,10663
37801,10664
8325,10665
8350,10666
8349,10667
30310,10668
46617,10669
9941,10670
5098,10671
28008,10672
11544,10673
38469,10674
14727,10675
14638,10676
13833,10677
3679,10678
5487,10679
29797,10680
24740,10681
33428,10682
4240,10683
14913,10684
5196,10685
3891,10686
7278,10687
12151,10688
18600,10689
25476,10690
7763,10691
25543,10692
38401,10693
26664,10694
15669,10695
47515,10696
20376,10697
11487,10698
4807,10699
17258,10700
43826,10701
38792,10702
15476,10703
8583,10704
3596,10705
28023,10706
48371,10707
42198,10708
3071,10709
15182,10710
5167,10711
25066,10712
43080,10713
17955,10714
51993,10715
15091,10716
8773,10717
17956,10718
8119,10719
8118,10720
18543,10721
18544,10722
12789,10723
37246,10724
26727,10725
29236,10726
10058,10727
10465,10728
27538,10729
22600,10730
20226,10731
48067,10732
20377,10733
47125,10734
1872,10735
47308,10736
17293,10737
8751,10738
15331,10739
19473,10740
3978,10741
15629,10742
29243,10743
12821,10744
48080,10745
39177,10746
39064,10747
34424,10748
34966,10749
16231,10750
16208,10751
9942,10752
25049,10753
6015,10754
18004,10755
33441,10756
14689,10757
35793,10758
5496,10759
5491,10760
42986,10761
17395,10762
46716,10763
28063,10764
30292,10765
47381,10766
53159,10767
14798,10768
24565,10769
53152,10770
30359,10771
3355,10772
28017,10773
3936,10774
50680,10775
18601,10776
30303,10777
30304,10778
19959,10779
30324,10780
30307,10781
13471,10782
37411,10783
21181,10784
9381,10785
4060,10786
22477,10787
3152,10788
7192,10789
21224,10790
40623,10791
40970,10792
7178,10793
7289,10794
37413,10795
30335,10796
6716,10797
6726,10798
30340,10799
30348,10800
30346,10801
30357,10802
30349,10803
5444,10804
6070,10805
18035,10806
15480,10807
30344,10808
13965,10809
21663,10810
38552,10811
23215,10812
34510,10813
23180,10814
37221,10815
23635,10816
8778,10817
19737,10818
50676,10819
43783,10820
19668,10821
5158,10822
51488,10823
14068,10824
4232,10825
2843,10826
5497,10827
10394,10828
46972,10829
34968,10830
34969,10831
34509,10832
34973,10833
44889,10834
26712,10835
38428,10836
5489,10837
5492,10838
19113,10839
3961,10840
4305,10841
5161,10842
8783,10843
21813,10844
20532,10845
36751,10846
42172,10847
15038,10848
4203,10849
31104,10850
28701,10851
11043,10852
12771,10853
12817,10854
11475,10855
34335,10856
22596,10857
12822,10858
15623,10859
17333,10860
12775,10861
2954,10862
25532,10863
21107,10864
1545,10865
7702,10866
20412,10867
30339,10868
24567,10869
38562,10870
47424,10871
4722,10872
31102,10873
18552,10874
6899,10875
29261,10876
5970,10877
36436,10878
20845,10879
20220,10880
27420,10881
13325,10882
11482,10883
16232,10884
22594,10885
34443,10886
34341,10887
34441,10888
34442,10889
33214,10890
5501,10891
39275,10892
27467,10893
10500,10894
34339,10895
34344,10896
22915,10897
25037,10898
21183,10899
36231,10900
29947,10901
22760,10902
29979,10903
26077,10904
4209,10905
15506,10906
21118,10907
25531,10908
19769,10909
6567,10910
6568,10911
20499,10912
31983,10913
4032,10914
25475,10915
15619,10916
43841,10917
43759,10918
15616,10919
1855,10920
40666,10921
4072,10922
23684,10923
7281,10924
34330,10925
12152,10926
19020,10927
44871,10928
34331,10929
34336,10930
9509,10931
34337,10932
38789,10933
19360,10934
23209,10935
29227,10936
24597,10937
21047,10938
21050,10939
44744,10940
14390,10941
34411,10942
8987,10943
12786,10944
5785,10945
37222,10946
34903,10947
5503,10948
10640,10949
36432,10950
35888,10951
22329,10952
47511,10953
30319,10954
28047,10955
3051,10956
43803,10957
25058,10958
5160,10959
17912,10960
17911,10961
34402,10962
33056,10963
33197,10964
7291,10965
34432,10966
34415,10967
34429,10968
20395,10969
36735,10970
3797,10971
25870,10972
39594,10973
30297,10974
44348,10975
3211,10976
3682,10977
5995,10978
10336,10979
21091,10980
19767,10981
6241,10982
9380,10983
19695,10984
22016,10985
11198,10986
19793,10987
2852,10988
38471,10989
19163,10990
16233,10991
20008,10992
30314,10993
19758,10994
34613,10995
5169,10996
33302,10997
27972,10998
17689,10999
12123,11000
28045,11001
30337,11002
11957,11003
30338,11004
33854,11005
33855,11006
27752,11007
25073,11008
25077,11009
16168,11010
35792,11011
34326,11012
44003,11013
29835,11014
10711,11015
18447,11016
40554,11017
26547,11018
9341,11019
16797,11020
43815,11021
40499,11022
39984,11023
43635,11024
15220,11025
7709,11026
15239,11027
28046,11028
17580,11029
6007,11030
9210,11031
23621,11032
32502,11033
3274,11034
3275,11035
33205,11036
34324,11037
31037,11038
34328,11039
49642,11040
25036,11041
15769,11042
25951,11043
14998,11044
34323,11045
31014,11046
7583,11047
18677,11048
14979,11049
30309,11050
16192,11051
43221,11052
34319,11053
27971,11054
34320,11055
6617,11056
11179,11057
14065,11058
25658,11059
20224,11060
25448,11061
12532,11062
24743,11063
5666,11064
34445,11065
34444,11066
43220,11067
14928,11068
14984,11069
23953,11070
3828,11071
16207,11072
5493,11073
17780,11074
37410,11075
47390,11076
22254,11077
17491,11078
8396,11079
47636,11080
35889,11081
39773,11082
33445,11083
19197,11084
10639,11085
4207,11086
19792,11087
12103,11088
4204,11089
10439,11090
36832,11091
14059,11092
15772,11093
3196,11094
37776,11095
20859,11096
20858,11097
39898,11098
39803,11099
20860,11100
42199,11101
34434,11102
24724,11103
31462,11104
20879,11105
21544,11106
7705,11107
35701,11108
39398,11109
16203,11110
28057,11111
4239,11112
19672,11113
11450,11114
5570,11115
31284,11116
17329,11117
5415,11118
22211,11119
23806,11120
33295,11121
25953,11122
19035,11123
19034,11124
31028,11125
5168,11126
13360,11127
3288,11128
35796,11129
22587,11130
4150,11131
20217,11132
4205,11133
9912,11134
39771,11135
35267,11136
20866,11137
31293,11138
5709,11139
28058,11140
33309,11141
25045,11142
20011,11143
3967,11144
25046,11145
22255,11146
24610,11147
10642,11148
10641,11149
19762,11150
29039,11151
47402,11152
29036,11153
13904,11154
29055,11155
45325,11156
48368,11157
11444,11158
19008,11159
14304,11160
14336,11161
22256,11162
7662,11163
21825,11164
43046,11165
51500,11166
20598,11167
15037,11168
5234,11169
10499,11170
3267,11171
9221,11172
12112,11173
13291,11174
15600,11175
31545,11176
9168,11177
4084,11178
17179,11179
27542,11180
15626,11181
27583,11182
29040,11183
38540,11184
45440,11185
33762,11186
49639,11187
23187,11188
6651,11189
10161,11190
29267,11191
16806,11192
18194,11193
15530,11194
34824,11195
12793,11196
20864,11197
11272,11198
20420,11199
34426,11200
17237,11201
44520,11202
7652,11203
3935,11204
12796,11205
48075,11206
8365,11207
5434,11208
17597,11209
5416,11210
4070,11211
14642,11212
15529,11213
4977,11214
22586,11215
32576,11216
23186,11217
38864,11218
9792,11219
7596,11220
29062,11221
6473,11222
10693,11223
8580,11224
42834,11225
5174,11226
35146,11227
51489,11228
8907,11229
43890,11230
34435,11231
34333,11232
34338,11233
44872,11234
35806,11235
15244,11236
49631,11237
34447,11238
34440,11239
34446,11240
34438,11241
6862,11242
22379,11243
9343,11244
38791,11245
8204,11246
9331,11247
46412,11248
3493,11249
10712,11250
23231,11251
46413,11252
41486,11253
38470,11254
3496,11255
34409,11256
26659,11257
34410,11258
23650,11259
28699,11260
23808,11261
7493,11262
5427,11263
34433,11264
17922,11265
34430,11266
34427,11267
23647,11268
12794,11269
34417,11270
34413,11271
26657,11272
23304,11273
21715,11274
4940,11275
15711,11276
16193,11277
16852,11278
6371,11279
23955,11280
22328,11281
26658,11282
9908,11283
5123,11284
20495,11285
25083,11286
34400,11287
34404,11288
34403,11289
34399,11290
34398,11291
15046,11292
22585,11293
27434,11294
20952,11295
3684,11296
13049,11297
32581,11298
11131,11299
43808,11300
35811,11301
8781,11302
40482,11303
3349,11304
11425,11305
47323,11306
13540,11307
20228,11308
30614,11309
15818,11310
47315,11311
3073,11312
3052,11313
12122,11314
44400,11315
39579,11316
27929,11317
28532,11318
37086,11319
9967,11320
7492,11321
14688,11322
38433,11323
34422,11324
11379,11325
22382,11326
42426,11327
17781,11328
7560,11329
31586,11330
4051,11331
34504,11332
40969,11333
9961,11334
21022,11335
41766,11336
38657,11337
23181,11338
17241,11339
27537,11340
47637,11341
4034,11342
40433,11343
15292,11344
34314,11345
20461,11346
3417,11347
20487,11348
33759,11349
5097,11350
19032,11351
17656,11352
21506,11353
27417,11354
23139,11355
4447,11356
27441,11357
11381,11358
2842,11359
21507,11360
28024,11361
5190,11362
23662,11363
14630,11364
5635,11365
5638,11366
7410,11367
12533,11368
9170,11369
10415,11370
38823,11371
9163,11372
18538,11373
12179,11374
17244,11375
7723,11376
24566,11377
4033,11378
3282,11379
11368,11380
29052,11381
21117,11382
9789,11383
20398,11384
34315,11385
39724,11386
39616,11387
5750,11388
14197,11389
10673,11390
9962,11391
23191,11392
14074,11393
41140,11394
7113,11395
23631,11396
21478,11397
2844,11398
12535,11399
3799,11400
11480,11401
4298,11402
47020,11403
33582,11404
15565,11405
39784,11406
23952,11407
33760,11408
3995,11409
22756,11410
23957,11411
2857,11412
18990,11413
25057,11414
15847,11415
20599,11416
42602,11417
4228,11418
21484,11419
3950,11420
39526,11421
12119,11422
2617,11423
50724,11424
3424,11425
39901,11426
15848,11427
15849,11428
46605,11429
19336,11430
6618,11431
20865,11432
22386,11433
7352,11434
24032,11435
32742,11436
22362,11437
34420,11438
14093,11439
24579,11440
4189,11441
21150,11442
6606,11443
41777,11444
6701,11445
7268,11446
39780,11447
37809,11448
9166,11449
31386,11450
28907,11451
17894,11452
5146,11453
7616,11454
3201,11455
5746,11456
28947,11457
31461,11458
29558,11459
36737,11460
7570,11461
11486,11462
33218,11463
39786,11464
15526,11465
25063,11466
29559,11467
6881,11468
29560,11469
15897,11470
37773,11471
19978,11472
20233,11473
46257,11474
15873,11475
43897,11476
47358,11477
34381,11478
16214,11479
50544,11480
49637,11481
37766,11482
34380,11483
43669,11484
5135,11485
50042,11486
19901,11487
4055,11488
20600,11489
34379,11490
12891,11491
18558,11492
11059,11493
3284,11494
27487,11495
27484,11496
7208,11497
44746,11498
32583,11499
32584,11500
3273,11501
13966,11502
3206,11503
6681,11504
23617,11505
13519,11506
19783,11507
2931,11508
10631,11509
34374,11510
23632,11511
47097,11512
30597,11513
14917,11514
34823,11515
14450,11516
16065,11517
40485,11518
18981,11519
18982,11520
12607,11521
15097,11522
44838,11523
34425,11524
47364,11525
4200,11526
3418,11527
7418,11528
50535,11529
25221,11530
20225,11531
3505,11532
9347,11533
44058,11534
29492,11535
12491,11536
16034,11537
32181,11538
33393,11539
46996,11540
7348,11541
34377,11542
14006,11543
29299,11544
3827,11545
25868,11546
36925,11547
3266,11548
22377,11549
8306,11550
28611,11551
3272,11552
8826,11553
33662,11554
33663,11555
38848,11556
34359,11557
47099,11558
38668,11559
16141,11560
15612,11561
4770,11562
23881,11563
4245,11564
42229,11565
31543,11566
28522,11567
37775,11568
12638,11569
4199,11570
18029,11571
7731,11572
6720,11573
37794,11574
32594,11575
39783,11576
7296,11577
22484,11578
42220,11579
9169,11580
3283,11581
24459,11582
22389,11583
34364,11584
34365,11585
34361,11586
34353,11587
34363,11588
34362,11589
13055,11590
8273,11591
20229,11592
2901,11593
47280,11594
46732,11595
15035,11596
24572,11597
21483,11598
23273,11599
29494,11600
20012,11601
3414,11602
34419,11603
46905,11604
2836,11605
17895,11606
10750,11607
16862,11608
36815,11609
16845,11610
16840,11611
39379,11612
45778,11613
46582,11614
34357,11615
9171,11616
47514,11617
3281,11618
27440,11619
47014,11620
15515,11621
4188,11622
42006,11623
19516,11624
3964,11625
10506,11626
10511,11627
11638,11628
3620,11629
15663,11630
12967,11631
3858,11632
40067,11633
34373,11634
38545,11635
49995,11636
38811,11637
38838,11638
39788,11639
41726,11640
23307,11641
26710,11642
6714,11643
15223,11644
34517,11645
19547,11646
27454,11647
5527,11648
23878,11649
16058,11650
46802,11651
34652,11652
24398,11653
18709,11654
22381,11655
47282,11656
30600,11657
44629,11658
44681,11659
22246,11660
29820,11661
33221,11662
29796,11663
38669,11664
44737,11665
41769,11666
7345,11667
18537,11668
14661,11669
11980,11670
11977,11671
13954,11672
28521,11673
31541,11674
4456,11675
27453,11676
11429,11677
18039,11678
21128,11679
15234,11680
22393,11681
12825,11682
8079,11683
13891,11684
6239,11685
31686,11686
37728,11687
12733,11688
48397,11689
47332,11690
3605,11691
25207,11692
8371,11693
3058,11694
33742,11695
33055,11696
31439,11697
27848,11698
21129,11699
5210,11700
1551,11701
10194,11702
14069,11703
34371,11704
34370,11705
23962,11706
17782,11707
39388,11708
4262,11709
22378,11710
34372,11711
13342,11712
10070,11713
44237,11714
12739,11715
29053,11716
36944,11717
36943,11718
31550,11719
34368,11720
23238,11721
15219,11722
22372,11723
3386,11724
15236,11725
34366,11726
3724,11727
15379,11728
32575,11729
10998,11730
19861,11731
22384,11732
34369,11733
7614,11734
49996,11735
47018,11736
23651,11737
5412,11738
47512,11739
12149,11740
40390,11741
34358,11742
34356,11743
34355,11744
43286,11745
11102,11746
7414,11747
12150,11748
7207,11749
3286,11750
4198,11751
36435,11752
3197,11753
34360,11754
40403,11755
32938,11756
33928,11757
27850,11758
3963,11759
19144,11760
3631,11761
3630,11762
10326,11763
11107,11764
31266,11765
22721,11766
3889,11767
11360,11768
29548,11769
27922,11770
19949,11771
12135,11772
38456,11773
48074,11774
59860,11775
34322,11776
22383,11777
31272,11778
22334,11779
4422,11780
28692,11781
23649,11782
2385,11783
11260,11784
27948,11785
44238,11786
34388,11787
34390,11788
34394,11789
34387,11790
45777,11791
25027,11792
36945,11793
17699,11794
3290,11795
14653,11796
34386,11797
27456,11798
22376,11799
3563,11800
3263,11801
34317,11802
2322,11803
25033,11804
47517,11805
34391,11806
34393,11807
34392,11808
27455,11809
5016,11810
7350,11811
11118,11812
34385,11813
22338,11814
11639,11815
47038,11816
19954,11817
27715,11818
22612,11819
6603,11820
24609,11821
21728,11822
37778,11823
34382,11824
41080,11825
29275,11826
12530,11827
9088,11828
19364,11829
19746,11830
28524,11831
44829,11832
24733,11833
5840,11834
47109,11835
42207,11836
3278,11837
24742,11838
13967,11839
17121,11840
3849,11841
12802,11842
29547,11843
18041,11844
17234,11845
24707,11846
17245,11847
3509,11848
12803,11849
23985,11850
28743,11851
28041,11852
29551,11853
14379,11854
5841,11855
17235,11856
49779,11857
5836,11858
14318,11859
7417,11860
1911,11861
39386,11862
14419,11863
3699,11864
5835,11865
17272,11866
3262,11867
11431,11868
12608,11869
5149,11870
19763,11871
7487,11872
49652,11873
12729,11874
25072,11875
24447,11876
47638,11877
28044,11878
9913,11879
38560,11880
27950,11881
27946,11882
40406,11883
35108,11884
11372,11885
14994,11886
31422,11887
33166,11888
22624,11889
19648,11890
33555,11891
20460,11892
5175,11893
20568,11894
42015,11895
21021,11896
4190,11897
52073,11898
12788,11899
23318,11900
19597,11901
32451,11902
12118,11903
7284,11904
20239,11905
34790,11906
27486,11907
8375,11908
7670,11909
8372,11910
23982,11911
30247,11912
43617,11913
48129,11914
25949,11915
24583,11916
39802,11917
39234,11918
10076,11919
49577,11920
27947,11921
27949,11922
22330,11923
24611,11924
10182,11925
20631,11926
14056,11927
17156,11928
14581,11929
51608,11930
49651,11931
22373,11932
23965,11933
17920,11934
38152,11935
40254,11936
47510,11937
9161,11938
13497,11939
37717,11940
12572,11941
39578,11942
19445,11943
2944,11944
11121,11945
10652,11946
32002,11947
5185,11948
2849,11949
28964,11950
39777,11951
33974,11952
21139,11953
6885,11954
29166,11955
22385,11956
4306,11957
50041,11958
38436,11959
40764,11960
50991,11961
18747,11962
15773,11963
33222,11964
11093,11965
3939,11966
21147,11967
2544,11968
8997,11969
15099,11970
4254,11971
11955,11972
15917,11973
39776,11974
39800,11975
4424,11976
17398,11977
5413,11978
29829,11979
21023,11980
16195,11981
7297,11982
9535,11983
11558,11984
33975,11985
5212,11986
17174,11987
43930,11988
8111,11989
3202,11990
22374,11991
15525,11992
22591,11993
27970,11994
28765,11995
34728,11996
15464,11997
25212,11998
34054,11999
15924,12000
8420,12001
11604,12002
36886,12003
6594,12004
47509,12005
43846,12006
17269,12007
33161,12008
7673,12009
19119,12010
34074,12011
16194,12012
22608,12013
10672,12014
3452,12015
36750,12016
25950,12017
46999,12018
47284,12019
5213,12020
22209,12021
22210,12022
13421,12023
35172,12024
23961,12025
42118,12026
15098,12027
15093,12028
20478,12029
3556,12030
20004,12031
11447,12032
22375,12033
4292,12034
7276,12035
19003,12036
17262,12037
20007,12038
31601,12039
4080,12040
8419,12041
37811,12042
28473,12043
3681,12044
22896,12045
35708,12046
8358,12047
40029,12048
38621,12049
44433,12050
27489,12051
31243,12052
36505,12053
15770,12054
36746,12055
27923,12056
19724,12057
14017,12058
24481,12059
14645,12060
42348,12061
14200,12062
47285,12063
22720,12064
33754,12065
48153,12066
18200,12067
23258,12068
18389,12069
18486,12070
8359,12071
3546,12072
20330,12073
33227,12074
14919,12075
12728,12076
25034,12077
3485,12078
20200,12079
8348,12080
22592,12081
40616,12082
14339,12083
33968,12084
34436,12085
34439,12086
12127,12087
3287,12088
13426,12089
4432,12090
14640,12091
25190,12092
20466,12093
42033,12094
20468,12095
11095,12096
7201,12097
42121,12098
4458,12099
24078,12100
3625,12101
40262,12102
23956,12103
26820,12104
5273,12105
8379,12106
15557,12107
44831,12108
29407,12109
17158,12110
36736,12111
22685,12112
12557,12113
7295,12114
33559,12115
17157,12116
38290,12117
50505,12118
50504,12119
2928,12120
27966,12121
33082,12122
28768,12123
43706,12124
6255,12125
44500,12126
15618,12127
38538,12128
28722,12129
47408,12130
28746,12131
48146,12132
7299,12133
7351,12134
22670,12135
3521,12136
31997,12137
13036,12138
3545,12139
4457,12140
29498,12141
32600,12142
11622,12143
34913,12144
10411,12145
12116,12146
4423,12147
38563,12148
38539,12149
4015,12150
15615,12151
21553,12152
15895,12153
47313,12154
12117,12155
36434,12156
33558,12157
3888,12158
15032,12159
13554,12160
18956,12161
25835,12162
15630,12163
48186,12164
24270,12165
18031,12166
30966,12167
21968,12168
21969,12169
21945,12170
3960,12171
28143,12172
23975,12173
4227,12174
26648,12175
14415,12176
17086,12177
17087,12178
17089,12179
17078,12180
3655,12181
13926,12182
19118,12183
19120,12184
3160,12185
17428,12186
17090,12187
17079,12188
28767,12189
9534,12190
3381,12191
30913,12192
21556,12193
39874,12194
40541,12195
18696,12196
21990,12197
14303,12198
48420,12199
44497,12200
51603,12201
4217,12202
15620,12203
22337,12204
47286,12205
20249,12206
28073,12207
3626,12208
9532,12209
34998,12210
28070,12211
47635,12212
2543,12213
25957,12214
19141,12215
19589,12216
21020,12217
39770,12218
15520,12219
39769,12220
38523,12221
20533,12222
9957,12223
1552,12224
9223,12225
12841,12226
13646,12227
50501,12228
33079,12229
14090,12230
47291,12231
22696,12232
2150,12233
21496,12234
32601,12235
20620,12236
16023,12237
15749,12238
14448,12239
15028,12240
36755,12241
13186,12242
28074,12243
17998,12244
32006,12245
28072,12246
22621,12247
4216,12248
4213,12249
33163,12250
34496,12251
13472,12252
6605,12253
20215,12254
27354,12255
17655,12256
7580,12257
12538,12258
17162,12259
29795,12260
20511,12261
26700,12262
5436,12263
28048,12264
3484,12265
8367,12266
25955,12267
15808,12268
12064,12269
3959,12270
3351,12271
3279,12272
28942,12273
14715,12274
4212,12275
28077,12276
16803,12277
34820,12278
7828,12279
11434,12280
34914,12281
9435,12282
14020,12283
51059,12284
3743,12285
13504,12286
7286,12287
29441,12288
33078,12289
15332,12290
33410,12291
28516,12292
24017,12293
31999,12294
5194,12295
24029,12296
38532,12297
22610,12298
40422,12299
5844,12300
44743,12301
15256,12302
14077,12303
38426,12304
10164,12305
11364,12306
3191,12307
4214,12308
25713,12309
21198,12310
3072,12311
48172,12312
29176,12313
19404,12314
13054,12315
7843,12316
27586,12317
50028,12318
37790,12319
15513,12320
35107,12321
5665,12322
40483,12323
22327,12324
13058,12325
14987,12326
3413,12327
25013,12328
33422,12329
33556,12330
17176,12331
29499,12332
9203,12333
27465,12334
50382,12335
28704,12336
3422,12337
8779,12338
19365,12339
12100,12340
10348,12341
24711,12342
15095,12343
3517,12344
50421,12345
7294,12346
11636,12347
15816,12348
22603,12349
28055,12350
28076,12351
15648,12352
22317,12353
16066,12354
36453,12355
29276,12356
3742,12357
22917,12358
3411,12359
13543,12360
36438,12361
17173,12362
30442,12363
8264,12364
14920,12365
26372,12366
15788,12367
46380,12368
16057,12369
8780,12370
3805,12371
14461,12372
47037,12373
4261,12374
51460,12375
32640,12376
15861,12377
14058,12378
3458,12379
2542,12380
28050,12381
39381,12382
28226,12383
41833,12384
48178,12385
17155,12386
28999,12387
16055,12388
16054,12389
39785,12390
40763,12391
15473,12392
23679,12393
22316,12394
17232,12395
14437,12396
39910,12397
3125,12398
11588,12399
35686,12400
47023,12401
14107,12402
22659,12403
23169,12404
38837,12405
12134,12406
31235,12407
7655,12408
10763,12409
14713,12410
9556,12411
17025,12412
5188,12413
12537,12414
18944,12415
24996,12416
5293,12417
15809,12418
3442,12419
29852,12420
46606,12421
3536,12422
23905,12423
45657,12424
10071,12425
26637,12426
8366,12427
8360,12428
15617,12429
47333,12430
15319,12431
23693,12432
35846,12433
25959,12434
7710,12435
16219,12436
4121,12437
40762,12438
14444,12439
36433,12440
23991,12441
29821,12442
25483,12443
29309,12444
23800,12445
25482,12446
31454,12447
27464,12448
26504,12449
8361,12450
23989,12451
3291,12452
49783,12453
33437,12454
15094,12455
49657,12456
26626,12457
4231,12458
3856,12459
48143,12460
46244,12461
39217,12462
13537,12463
10751,12464
15329,12465
25958,12466
44845,12467
36428,12468
15801,12469
19903,12470
28078,12471
38466,12472
10618,12473
23291,12474
19904,12475
20905,12476
11885,12477
38847,12478
7704,12479
45659,12480
20676,12481
36463,12482
28049,12483
29345,12484
12776,12485
36461,12486
44742,12487
8582,12488
43469,12489
15029,12490
2757,12491
30143,12492
3857,12493
4431,12494
13156,12495
14375,12496
16190,12497
43962,12498
11116,12499
17239,12500
32282,12501
23814,12502
23822,12503
19005,12504
23823,12505
32071,12506
47006,12507
20227,12508
2922,12509
14657,12510
12108,12511
45658,12512
26647,12513
21186,12514
29027,12515
45656,12516
12120,12517
22627,12518
23821,12519
2994,12520
28075,12521
23801,12522
21963,12523
25440,12524
17291,12525
40473,12526
21500,12527
2760,12528
6247,12529
37981,12530
43963,12531
28104,12532
1536,12533
24708,12534
22905,12535
3647,12536
24676,12537
4230,12538
15950,12539
4237,12540
4260,12541
31162,12542
29447,12543
22625,12544
15083,12545
13517,12546
20898,12547
3389,12548
14914,12549
6373,12550
14916,12551
25441,12552
43959,12553
14380,12554
9123,12555
55977,12556
3840,12557
13521,12558
22626,12559
12843,12560
15613,12561
22324,12562
39909,12563
7138,12564
7651,12565
45100,12566
24051,12567
20208,12568
3391,12569
33524,12570
36885,12571
44115,12572
28894,12573
28101,12574
4031,12575
28889,12576
28891,12577
51423,12578
20001,12579
33069,12580
40531,12581
4355,12582
45630,12583
4452,12584
47353,12585
28459,12586
10476,12587
32805,12588
11617,12589
2835,12590
33435,12591
37813,12592
1913,12593
32106,12594
1537,12595
14340,12596
20031,12597
44501,12598
12436,12599
44753,12600
30594,12601
7698,12602
28052,12603
14341,12604
48170,12605
3733,12606
6977,12607
3510,12608
14659,12609
8207,12610
5148,12611
5209,12612
42062,12613
28890,12614
48460,12615
2183,12616
4310,12617
29826,12618
16252,12619
5294,12620
22453,12621
23502,12622
13525,12623
32070,12624
47289,12625
14925,12626
10598,12627
34965,12628
32596,12629
3527,12630
3528,12631
17271,12632
8130,12633
2853,12634
5178,12635
23154,12636
42061,12637
5177,12638
5186,12639
19964,12640
33174,12641
36791,12642
31110,12643
3199,12644
6902,12645
8129,12646
43915,12647
14019,12648
21818,12649
5166,12650
18821,12651
42832,12652
13157,12653
7791,12654
46403,12655
7425,12656
35339,12657
3533,12658
16047,12659
9906,12660
13160,12661
44252,12662
9907,12663
18966,12664
38835,12665
5758,12666
26730,12667
26729,12668
28489,12669
13549,12670
3062,12671
3280,12672
31318,12673
4418,12674
32074,12675
19655,12676
15601,12677
3968,12678
45629,12679
27396,12680
3547,12681
25184,12682
39104,12683
22628,12684
29343,12685
24608,12686
21638,12687
10006,12688
21187,12689
15748,12690
13957,12691
15033,12692
36484,12693
20310,12694
8231,12695
25925,12696
6310,12697
5575,12698
20597,12699
5187,12700
3384,12701
41828,12702
36786,12703
5202,12704
13301,12705
44133,12706
33442,12707
20595,12708
33300,12709
20592,12710
33053,12711
20329,12712
25422,12713
11136,12714
36458,12715
50980,12716
3534,12717
11629,12718
23178,12719
9389,12720
14926,12721
39949,12722
28763,12723
36459,12724
33234,12725
28100,12726
8636,12727
4419,12728
14691,12729
25423,12730
37986,12731
29423,12732
32073,12733
22889,12734
45631,12735
9340,12736
11944,12737
11945,12738
34963,12739
15184,12740
21615,12741
15047,12742
39618,12743
29339,12744
13556,12745
22715,12746
7429,12747
21059,12748
25919,12749
28102,12750
22380,12751
28103,12752
3937,12753
14414,12754
5488,12755
4124,12756
27567,12757
37412,12758
28472,12759
7209,12760
12905,12761
46009,12762
10181,12763
35145,12764
14656,12765
28640,12766
51422,12767
23849,12768
33659,12769
7006,12770
10027,12771
21168,12772
24867,12773
33866,12774
16212,12775
15087,12776
33523,12777
36403,12778
27566,12779
18384,12780
8354,12781
11134,12782
42204,12783
17286,12784
22744,12785
28012,12786
36173,12787
10997,12788
35335,12789
14927,12790
20906,12791
28689,12792
1910,12793
43914,12794
18740,12795
12046,12796
7486,12797
7706,12798
14010,12799
36795,12800
9972,12801
6940,12802
14702,12803
44118,12804
2749,12805
22277,12806
38810,12807
22276,12808
33178,12809
15102,12810
39775,12811
47409,12812
29490,12813
27392,12814
47377,12815
25921,12816
24189,12817
3434,12818
26539,12819
4451,12820
20531,12821
7357,12822
17289,12823
25922,12824
43511,12825
9572,12826
11031,12827
24190,12828
31445,12829
37257,12830
26663,12831
20275,12832
3523,12833
46719,12834
44117,12835
42037,12836
8209,12837
5172,12838
22438,12839
9118,12840
22741,12841
8208,12842
36417,12843
2545,12844
1912,12845
6713,12846
10785,12847
50032,12848
23860,12849
5205,12850
14584,12851
6304,12852
4259,12853
8914,12854
24698,12855
45979,12856
3535,12857
1865,12858
28880,12859
2588,12860
3672,12861
6319,12862
37984,12863
7701,12864
30203,12865
26630,12866
3207,12867
43916,12868
20496,12869
9978,12870
42805,12871
7519,12872
26540,12873
6704,12874
3271,12875
32190,12876
28547,12877
42226,12878
43083,12879
19674,12880
6318,12881
3216,12882
3884,12883
26672,12884
21816,12885
21817,12886
34104,12887
3200,12888
44769,12889
5566,12890
4304,12891
1861,12892
3060,12893
15611,12894
4453,12895
13643,12896
3074,12897
4433,12898
15377,12899
14658,12900
21602,12901
8355,12902
28051,12903
50459,12904
33896,12905
25257,12906
2740,12907
39591,12908
18564,12909
9486,12910
37982,12911
3210,12912
21735,12913
26714,12914
38576,12915
25924,12916
22323,12917
6705,12918
2741,12919
28745,12920
26686,12921
13553,12922
51462,12923
15775,12924
29308,12925
37255,12926
15814,12927
11635,12928
29489,12929
50981,12930
2845,12931
23616,12932
12743,12933
9178,12934
6654,12935
47427,12936
26715,12937
7203,12938
17850,12939
31164,12940
48180,12941
7422,12942
6655,12943
25920,12944
7657,12945
29440,12946
2850,12947
3531,12948
21809,12949
11947,12950
32571,12951
47414,12952
2750,12953
27423,12954
21822,12955
3352,12956
35560,12957
51453,12958
8266,12959
3428,12960
40668,12961
21808,12962
16827,12963
22640,12964
22348,12965
17161,12966
3348,12967
24875,12968
37803,12969
2947,12970
20006,12971
3270,12972
34508,12973
32769,12974
4534,12975
47361,12976
14454,12977
3970,12978
43085,12979
14085,12980
27428,12981
27128,12982
38845,12983
27931,12984
3358,12985
14398,12986
9117,12987
27934,12988
44758,12989
3399,12990
36799,12991
33199,12992
9119,12993
21153,12994
47428,12995
25923,12996
9977,12997
7031,12998
8493,12999
46180,13000
20610,13001
9177,13002
15639,13003
39610,13004
36605,13005
4353,13006
25926,13007
28015,13008
25928,13009
46376,13010
34834,13011
20876,13012
6753,13013
28065,13014
3680,13015
15777,13016
4036,13017
6321,13018
20510,13019
12851,13020
6932,13021
18943,13022
50466,13023
36784,13024
52106,13025
26725,13026
11800,13027
18951,13028
18949,13029
44768,13030
15954,13031
6315,13032
11135,13033
3070,13034
44834,13035
19049,13036
46807,13037
24795,13038
24037,13039
38316,13040
14676,13041
3387,13042
33170,13043
8114,13044
38806,13045
3429,13046
18739,13047
42223,13048
2841,13049
12612,13050
3390,13051
48171,13052
49059,13053
17026,13054
47337,13055
33744,13056
21480,13057
24969,13058
10664,13059
15606,13060
8071,13061
28016,13062
4056,13063
22227,13064
39698,13065
8113,13066
17940,13067
2320,13068
29352,13069
1758,13070
7347,13071
36401,13072
33996,13073
7413,13074
24657,13075
48185,13076
51432,13077
24637,13078
7272,13079
20907,13080
28953,13081
51434,13082
36798,13083
15948,13084
3055,13085
17408,13086
15079,13087
43918,13088
36413,13089
14544,13090
33362,13091
6732,13092
16199,13093
9164,13094
15477,13095
35890,13096
4450,13097
14585,13098
13946,13099
33745,13100
6313,13101
27932,13102
13310,13103
28066,13104
3511,13105
23067,13106
3127,13107
51452,13108
17160,13109
35709,13110
3321,13111
36135,13112
22641,13113
51464,13114
15434,13115
14305,13116
46405,13117
12849,13118
3540,13119
22224,13120
44441,13121
20836,13122
5208,13123
22909,13124
5800,13125
5799,13126
5798,13127
5793,13128
5796,13129
5790,13130
37228,13131
28502,13132
42955,13133
3268,13134
7799,13135
9179,13136
12837,13137
28064,13138
22368,13139
5198,13140
5805,13141
37477,13142
5806,13143
5801,13144
5802,13145
8309,13146
4464,13147
5176,13148
6543,13149
27581,13150
5816,13151
40671,13152
5818,13153
5807,13154
5832,13155
5827,13156
5822,13157
43630,13158
7431,13159
9378,13160
39473,13161
36857,13162
5820,13163
1845,13164
38567,13165
25421,13166
38530,13167
22219,13168
29106,13169
15947,13170
5882,13171
15708,13172
3947,13173
28531,13174
10599,13175
14641,13176
11483,13177
39479,13178
3746,13179
3276,13180
40419,13181
28952,13182
8418,13183
19370,13184
19732,13185
13559,13186
23919,13187
15084,13188
15483,13189
28834,13190
51478,13191
21111,13192
22464,13193
8109,13194
5193,13195
44745,13196
24409,13197
28468,13198
3063,13199
2937,13200
3269,13201
14092,13202
36744,13203
37977,13204
10603,13205
51857,13206
11584,13207
42042,13208
27115,13209
32112,13210
10677,13211
52102,13212
17168,13213
33365,13214
31958,13215
12848,13216
22465,13217
20248,13218
38460,13219
10992,13220
12787,13221
15382,13222
20411,13223
14537,13224
20381,13225
7770,13226
33900,13227
17196,13228
27847,13229
42956,13230
3327,13231
26684,13232
16834,13233
22581,13234
4392,13235
14654,13236
3328,13237
27580,13238
16383,13239
44846,13240
22226,13241
20014,13242
2155,13243
12965,13244
29800,13245
51034,13246
36521,13247
7624,13248
3260,13249
5881,13250
3406,13251
37423,13252
46402,13253
28467,13254
3478,13255
2940,13256
13952,13257
4081,13258
17195,13259
17936,13260
33075,13261
10723,13262
2859,13263
10060,13264
9530,13265
42209,13266
15096,13267
3231,13268
17194,13269
21079,13270
46255,13271
23350,13272
39738,13273
38830,13274
33193,13275
6860,13276
51473,13277
16215,13278
46603,13279
28068,13280
26923,13281
15756,13282
7675,13283
37789,13284
15251,13285
36482,13286
39201,13287
24598,13288
22579,13289
14618,13290
28107,13291
28108,13292
7511,13293
11430,13294
22580,13295
37232,13296
36469,13297
43384,13298
50513,13299
33358,13300
13290,13301
22228,13302
12604,13303
17268,13304
3525,13305
33110,13306
17937,13307
32770,13308
14078,13309
28530,13310
19033,13311
24651,13312
6301,13313
5197,13314
4218,13315
8378,13316
9553,13317
21611,13318
21192,13319
14381,13320
1947,13321
7676,13322
7275,13323
15412,13324
22700,13325
15418,13326
33376,13327
36778,13328
41799,13329
23004,13330
27653,13331
33401,13332
22223,13333
34626,13334
4624,13335
7665,13336
17661,13337
52108,13338
20378,13339
10616,13340
19334,13341
4465,13342
3128,13343
16046,13344
15465,13345
31326,13346
33457,13347
38840,13348
17733,13349
42213,13350
10622,13351
3356,13352
26967,13353
14663,13354
24697,13355
43886,13356
34278,13357
24059,13358
22779,13359
22778,13360
14540,13361
17662,13362
14720,13363
24984,13364
13671,13365
31238,13366
8202,13367
40615,13368
5189,13369
14286,13370
4354,13371
24049,13372
14106,13373
14468,13374
10620,13375
3209,13376
35529,13377
33184,13378
29831,13379
3132,13380
35579,13381
9488,13382
9487,13383
13496,13384
40427,13385
14582,13386
33456,13387
14133,13388
36420,13389
4449,13390
17682,13391
22230,13392
27411,13393
17933,13394
13375,13395
33917,13396
42645,13397
25028,13398
37185,13399
2848,13400
50737,13401
35880,13402
12055,13403
12567,13404
25700,13405
5181,13406
2855,13407
46728,13408
27582,13409
12568,13410
12137,13411
28527,13412
44436,13413
36752,13414
4387,13415
51465,13416
24044,13417
4233,13418
17285,13419
38828,13420
8334,13421
31239,13422
14538,13423
11415,13424
26968,13425
30602,13426
5201,13427
7298,13428
33576,13429
15103,13430
47003,13431
2856,13432
3029,13433
38856,13434
36927,13435
14997,13436
20288,13437
1528,13438
20333,13439
2916,13440
42422,13441
28997,13442
44371,13443
13158,13444
27909,13445
36797,13446
17663,13447
17664,13448
24264,13449
14462,13450
31558,13451
2846,13452
36483,13453
33977,13454
31283,13455
4301,13456
18565,13457
7206,13458
10678,13459
24616,13460
25404,13461
14421,13462
6662,13463
15632,13464
19601,13465
19600,13466
40627,13467
33448,13468
20352,13469
28528,13470
35892,13471
28056,13472
3966,13473
27496,13474
3530,13475
3984,13476
9214,13477
25894,13478
14376,13479
22220,13480
36538,13481
4308,13482
15108,13483
12099,13484
41601,13485
41511,13486
2858,13487
22347,13488
49769,13489
9122,13490
13527,13491
57679,13492
9800,13493
36452,13494
13642,13495
19420,13496
7640,13497
40113,13498
3075,13499
12897,13500
7141,13501
26370,13502
3572,13503
12171,13504
48159,13505
9987,13506
27607,13507
34997,13508
51440,13509
29241,13510
36481,13511
41533,13512
1543,13513
22346,13514
11269,13515
23797,13516
26811,13517
17252,13518
40408,13519
2149,13520
7416,13521
3415,13522
33392,13523
15933,13524
26805,13525
46992,13526
34838,13527
28106,13528
19529,13529
17129,13530
12556,13531
35430,13532
8498,13533
22631,13534
50982,13535
26957,13536
36852,13537
4219,13538
41962,13539
15610,13540
30025,13541
21573,13542
12495,13543
14395,13544
18651,13545
14999,13546
40160,13547
4425,13548
3595,13549
3261,13550
6666,13551
10738,13552
32639,13553
34844,13554
47281,13555
28110,13556
7517,13557
31465,13558
16209,13559
39599,13560
31323,13561
42019,13562
51377,13563
12095,13564
15078,13565
21980,13566
21979,13567
30002,13568
19822,13569
18311,13570
18369,13571
5814,13572
40660,13573
23917,13574
18710,13575
24591,13576
36396,13577
44447,13578
36425,13579
36427,13580
9121,13581
51461,13582
5565,13583
20433,13584
3192,13585
33209,13586
5182,13587
3123,13588
22911,13589
26958,13590
24866,13591
28054,13592
20427,13593
7212,13594
3800,13595
28013,13596
16201,13597
7300,13598
7933,13599
20494,13600
30593,13601
12830,13602
15342,13603
3412,13604
39472,13605
17835,13606
28109,13607
37995,13608
3972,13609
7503,13610
17836,13611
17837,13612
20360,13613
31262,13614
7937,13615
19933,13616
37804,13617
3883,13618
3347,13619
26912,13620
49782,13621
11637,13622
20958,13623
25892,13624
5437,13625
40672,13626
42855,13627
17671,13628
17670,13629
28014,13630
33405,13631
23882,13632
2923,13633
29348,13634
38675,13635
7196,13636
42865,13637
17253,13638
30011,13639
3432,13640
12842,13641
23324,13642
33397,13643
11627,13644
17288,13645
12435,13646
12433,13647
14995,13648
57773,13649
3046,13650
6711,13651
19955,13652
28954,13653
21164,13654
4312,13655
36757,13656
7585,13657
26502,13658
18312,13659
32826,13660
14717,13661
39465,13662
36477,13663
20199,13664
10024,13665
12606,13666
13282,13667
42982,13668
6981,13669
27877,13670
32771,13671
30605,13672
48157,13673
30645,13674
31774,13675
42267,13676
33997,13677
15923,13678
38472,13679
3543,13680
36747,13681
21986,13682
39467,13683
2737,13684
28067,13685
50031,13686
39196,13687
3515,13688
43795,13689
44399,13690
8499,13691
17287,13692
22225,13693
17700,13694
33408,13695
33918,13696
27499,13697
5803,13698
47363,13699
2622,13700
28469,13701
7420,13702
3104,13703
35530,13704
39399,13705
44837,13706
17132,13707
23970,13708
19391,13709
33921,13710
29250,13711
28453,13712
44749,13713
29581,13714
2764,13715
3538,13716
10472,13717
37234,13718
31298,13719
4192,13720
43044,13721
9559,13722
18489,13723
50984,13724
28748,13725
36220,13726
23964,13727
3423,13728
7341,13729
50030,13730
14982,13731
20567,13732
49937,13733
17660,13734
19028,13735
19533,13736
6715,13737
28032,13738
9108,13739
28133,13740
42837,13741
28105,13742
20416,13743
18787,13744
11620,13745
7671,13746
11605,13747
43793,13748
28111,13749
28137,13750
4257,13751
42144,13752
19027,13753
28452,13754
51334,13755
4163,13756
31244,13757
48417,13758
15960,13759
43088,13760
51378,13761
45972,13762
3463,13763
31261,13764
36758,13765
12113,13766
13503,13767
21629,13768
7664,13769
11619,13770
20315,13771
13563,13772
46121,13773
11039,13774
48370,13775
31274,13776
45782,13777
27959,13778
31955,13779
51379,13780
20563,13781
12614,13782
6722,13783
51419,13784
22609,13785
6712,13786
10030,13787
12772,13788
19368,13789
15603,13790
6602,13791
2154,13792
4684,13793
13379,13794
4062,13795
25799,13796
3061,13797
20624,13798
28556,13799
21863,13800
15303,13801
20542,13802
5502,13803
3459,13804
5504,13805
36476,13806
27953,13807
38019,13808
4420,13809
27663,13810
19367,13811
48369,13812
11554,13813
51380,13814
41023,13815
31300,13816
10459,13817
36779,13818
27414,13819
12616,13820
3588,13821
27500,13822
33612,13823
27498,13824
21536,13825
38841,13826
17678,13827
17198,13828
32814,13829
32816,13830
32818,13831
27957,13832
34136,13833
34461,13834
7699,13835
15563,13836
32817,13837
31222,13838
15343,13839
15232,13840
3673,13841
23373,13842
51414,13843
33563,13844
33565,13845
31447,13846
8199,13847
3360,13848
27501,13849
17254,13850
9923,13851
4054,13852
21538,13853
32815,13854
33098,13855
20349,13856
27951,13857
48431,13858
46248,13859
39496,13860
23890,13861
15641,13862
25798,13863
24794,13864
30891,13865
12757,13866
14451,13867
14285,13868
5295,13869
21464,13870
3393,13871
13293,13872
3343,13873
37763,13874
39948,13875
6721,13876
43045,13877
47404,13878
35881,13879
23825,13880
27968,13881
3324,13882
51332,13883
6604,13884
4005,13885
29122,13886
7282,13887
47304,13888
8117,13889
33566,13890
33564,13891
7419,13892
25450,13893
51449,13894
5144,13895
28031,13896
15327,13897
41172,13898
13193,13899
21806,13900
21805,13901
7609,13902
43305,13903
48365,13904
37301,13905
3500,13906
28744,13907
40317,13908
7610,13909
18201,13910
5192,13911
3292,13912
15474,13913
4362,13914
35497,13915
4391,13916
37094,13917
3637,13918
7277,13919
16140,13920
47319,13921
6717,13922
44844,13923
32598,13924
6724,13925
11613,13926
37495,13927
51382,13928
9558,13929
33364,13930
31267,13931
5119,13932
21623,13933
17789,13934
24876,13935
4671,13936
46715,13937
6965,13938
8341,13939
28465,13940
51456,13941
43974,13942
36743,13943
20336,13944
34634,13945
16050,13946
29674,13947
32192,13948
46047,13949
27958,13950
27955,13951
27952,13952
27648,13953
17784,13954
15622,13955
2223,13956
7822,13957
7816,13958
4686,13959
47325,13960
30616,13961
17783,13962
35591,13963
36537,13964
36507,13965
3740,13966
20426,13967
26449,13968
29225,13969
20425,13970
31889,13971
9000,13972
14409,13973
18033,13974
18576,13975
45335,13976
5199,13977
35383,13978
7611,13979
35382,13980
14429,13981
51455,13982
38005,13983
27961,13984
37710,13985
15567,13986
37713,13987
29213,13988
7505,13989
10674,13990
27960,13991
10722,13992
39701,13993
3045,13994
37225,13995
51381,13996
31245,13997
24080,13998
24072,13999
28080,14000
18992,14001
47392,14002
15700,14003
50557,14004
50558,14005
19536,14006
28479,14007
4398,14008
12884,14009
33138,14010
3638,14011
23259,14012
14433,14013
22117,14014
44397,14015
33368,14016
38443,14017
37715,14018
19592,14019
13505,14020
23047,14021
23048,14022
25717,14023
29486,14024
28091,14025
31320,14026
2255,14027
35463,14028
43079,14029
15080,14030
50992,14031
15291,14032
36478,14033
20909,14034
36480,14035
3568,14036
22326,14037
8357,14038
43676,14039
28025,14040
44586,14041
15640,14042
42682,14043
16220,14044
10067,14045
35104,14046
23807,14047
39945,14048
14287,14049
28474,14050
28769,14051
14888,14052
19517,14053
27497,14054
31443,14055
3054,14056
49786,14057
15922,14058
21651,14059
28517,14060
21621,14061
16939,14062
21853,14063
21650,14064
51410,14065
3105,14066
28084,14067
22319,14068
32075,14069
41779,14070
32831,14071
31248,14072
36377,14073
3048,14074
51231,14075
30035,14076
16196,14077
7102,14078
24593,14079
28090,14080
21042,14081
39227,14082
41848,14083
4373,14084
42589,14085
14648,14086
51550,14087
19366,14088
47401,14089
44903,14090
14675,14091
3354,14092
36382,14093
20266,14094
33118,14095
40431,14096
17163,14097
29521,14098
16162,14099
33194,14100
3205,14101
9560,14102
10683,14103
24561,14104
18959,14105
14542,14106
39879,14107
10384,14108
28011,14109
26895,14110
3971,14111
3519,14112
33126,14113
7340,14114
37721,14115
40667,14116
44396,14117
46825,14118
43872,14119
6490,14120
38582,14121
12753,14122
51415,14123
8855,14124
19531,14125
51401,14126
26220,14127
44850,14128
17276,14129
21119,14130
39549,14131
34085,14132
15183,14133
45282,14134
24946,14135
43678,14136
42250,14137
42811,14138
40147,14139
17165,14140
19640,14141
32265,14142
7546,14143
29422,14144
36874,14145
33976,14146
14918,14147
30976,14148
1916,14149
10739,14150
12961,14151
11008,14152
21810,14153
26371,14154
47410,14155
25437,14156
24945,14157
39394,14158
20573,14159
24553,14160
10492,14161
35425,14162
14853,14163
20348,14164
48401,14165
36506,14166
14854,14167
21967,14168
3489,14169
16211,14170
47122,14171
38543,14172
11564,14173
41535,14174
32774,14175
52331,14176
14851,14177
24854,14178
44796,14179
29522,14180
7625,14181
17468,14182
15002,14183
30737,14184
15609,14185
15469,14186
4201,14187
3342,14188
2847,14189
40697,14190
3516,14191
14892,14192
28626,14193
3067,14194
39869,14195
6958,14196
11609,14197
3364,14198
44405,14199
10068,14200
22643,14201
10065,14202
38527,14203
47338,14204
22639,14205
47321,14206
32630,14207
8335,14208
39103,14209
45086,14210
17057,14211
51044,14212
16077,14213
5851,14214
17055,14215
31103,14216
25703,14217
28085,14218
28094,14219
51412,14220
51994,14221
4202,14222
44747,14223
35578,14224
30012,14225
9909,14226
38528,14227
7010,14228
35056,14229
28128,14230
45283,14231
14646,14232
40326,14233
14893,14234
40632,14235
13557,14236
3232,14237
28081,14238
7409,14239
47400,14240
26862,14241
31590,14242
22399,14243
32657,14244
40420,14245
40318,14246
28095,14247
10064,14248
43705,14249
30957,14250
39630,14251
17136,14252
22325,14253
44904,14254
44239,14255
19456,14256
36700,14257
14856,14258
4311,14259
58195,14260
22611,14261
10669,14262
3208,14263
28098,14264
48428,14265
13489,14266
3962,14267
3345,14268
32832,14269
30020,14270
32833,14271
7427,14272
39396,14273
15946,14274
3614,14275
22221,14276
18987,14277
8465,14278
7680,14279
17798,14280
14535,14281
17133,14282
17135,14283
31130,14284
22222,14285
10075,14286
50559,14287
3542,14288
20335,14289
52107,14290
3544,14291
39397,14292
31258,14293
3942,14294
16210,14295
11542,14296
34264,14297
33986,14298
51418,14299
19926,14300
28079,14301
10756,14302
50556,14303
7612,14304
51413,14305
37155,14306
19934,14307
19935,14308
44688,14309
44582,14310
19936,14311
17256,14312
3329,14313
20590,14314
42665,14315
33650,14316
33649,14317
13513,14318
17679,14319
20334,14320
4370,14321
13151,14322
12611,14323
3378,14324
30807,14325
30789,14326
41900,14327
18980,14328
44579,14329
44567,14330
31869,14331
20630,14332
14852,14333
23301,14334
23303,14335
23302,14336
19961,14337
38314,14338
19395,14339
33409,14340
15961,14341
4224,14342
27630,14343
31588,14344
20554,14345
3425,14346
31457,14347
31602,14348
37805,14349
42130,14350
19369,14351
44585,14352
20576,14353
20581,14354
15081,14355
51045,14356
3711,14357
15001,14358
16440,14359
7678,14360
29567,14361
25890,14362
19052,14363
19643,14364
31603,14365
15951,14366
47388,14367
12832,14368
20375,14369
42408,14370
33130,14371
44587,14372
38844,14373
51437,14374
38315,14375
33412,14376
17389,14377
15371,14378
18383,14379
3687,14380
18441,14381
19750,14382
44770,14383
28455,14384
13550,14385
15952,14386
12159,14387
7412,14388
1926,14389
3522,14390
47328,14391
4004,14392
41762,14393
16111,14394
41795,14395
3446,14396
39742,14397
8200,14398
25908,14399
32024,14400
24757,14401
32631,14402
3445,14403
32946,14404
28525,14405
44580,14406
31598,14407
28456,14408
16826,14409
3357,14410
14359,14411
33421,14412
3344,14413
2477,14414
12544,14415
21157,14416
37191,14417
37266,14418
30956,14419
40434,14420
21160,14421
3365,14422
37716,14423
15023,14424
15471,14425
32027,14426
26878,14427
33922,14428
31269,14429
40695,14430
21936,14431
3057,14432
15224,14433
12581,14434
34465,14435
20343,14436
21933,14437
31273,14438
4006,14439
21934,14440
12451,14441
44873,14442
3490,14443
42255,14444
5530,14445
10072,14446
33424,14447
19752,14448
12730,14449
48372,14450
28093,14451
28099,14452
21030,14453
11153,14454
21026,14455
51041,14456
19010,14457
34484,14458
43950,14459
37497,14460
46245,14461
22768,14462
44578,14463
33226,14464
20391,14465
19751,14466
20272,14467
28526,14468
41771,14469
35105,14470
15086,14471
4688,14472
36224,14473
47233,14474
15920,14475
28129,14476
22630,14477
36748,14478
11159,14479
3426,14480
36225,14481
23850,14482
33225,14483
31294,14484
48452,14485
3573,14486
10073,14487
7424,14488
42251,14489
25319,14490
14718,14491
51408,14492
14721,14493
31271,14494
15045,14495
36803,14496
4383,14497
11649,14498
34479,14499
26655,14500
24941,14501
18898,14502
18989,14503
20297,14504
30106,14505
22571,14506
11151,14507
50816,14508
46875,14509
52157,14510
22637,14511
38794,14512
10062,14513
14723,14514
21989,14515
33125,14516
38839,14517
23828,14518
3479,14519
3183,14520
17080,14521
8867,14522
18964,14523
4320,14524
46242,14525
7582,14526
22485,14527
41772,14528
8351,14529
31068,14530
10662,14531
34588,14532
4330,14533
43513,14534
19749,14535
25849,14536
28777,14537
17082,14538
17088,14539
13644,14540
7411,14541
17085,14542
7426,14543
1591,14544
48435,14545
3122,14546
22249,14547
15107,14548
3277,14549
9988,14550
47311,14551
4382,14552
28541,14553
52158,14554
14536,14555
17093,14556
43063,14557
30912,14558
14990,14559
31270,14560
16164,14561
17737,14562
33999,14563
22217,14564
43314,14565
22250,14566
44464,14567
27076,14568
14722,14569
43481,14570
23963,14571
15325,14572
24739,14573
18176,14574
4357,14575
44045,14576
18577,14577
3520,14578
3130,14579
31219,14580
21193,14581
21982,14582
31254,14583
10061,14584
14081,14585
47342,14586
41761,14587
8911,14588
35542,14589
24730,14590
32023,14591
3259,14592
28558,14593
9963,14594
19753,14595
34655,14596
28126,14597
34654,14598
17796,14599
34653,14600
38473,14601
16120,14602
16119,14603
16118,14604
51450,14605
4460,14606
44443,14607
31259,14608
18965,14609
19046,14610
39660,14611
11611,14612
15044,14613
17260,14614
4399,14615
7211,14616
30955,14617
4368,14618
3526,14619
24265,14620
32010,14621
36862,14622
46046,14623
36875,14624
4364,14625
27897,14626
10063,14627
28904,14628
28903,14629
19527,14630
37861,14631
21071,14632
15478,14633
15322,14634
37295,14635
32653,14636
3613,14637
43920,14638
21467,14639
24102,14640
44403,14641
17280,14642
36200,14643
2753,14644
52159,14645
9199,14646
25288,14647
23967,14648
17809,14649
32008,14650
28886,14651
36419,14652
36418,14653
18979,14654
11601,14655
35777,14656
28559,14657
9986,14658
18994,14659
21526,14660
25493,14661
12896,14662
54079,14663
31279,14664
24103,14665
32830,14666
31278,14667
52156,14668
7617,14669
27899,14670
32278,14671
10626,14672
35479,14673
54080,14674
15705,14675
7053,14676
17281,14677
17476,14678
43349,14679
16165,14680
23638,14681
27898,14682
37244,14683
14095,14684
30165,14685
34152,14686
7649,14687
50604,14688
48656,14689
22588,14690
35787,14691
3258,14692
25996,14693
27412,14694
15468,14695
51402,14696
51403,14697
36227,14698
52153,14699
14457,14700
14456,14701
42394,14702
17048,14703
47519,14704
44868,14705
34498,14706
38793,14707
44661,14708
5684,14709
26366,14710
28127,14711
22490,14712
15370,14713
5846,14714
44840,14715
39189,14716
25930,14717
46609,14718
34292,14719
19984,14720
12902,14721
24937,14722
10990,14723
18988,14724
4321,14725
19393,14726
44015,14727
39697,14728
47230,14729
32656,14730
3419,14731
38478,14732
18760,14733
4412,14734
2732,14735
45097,14736
51042,14737
18367,14738
43919,14739
30166,14740
46684,14741
3409,14742
15466,14743
41775,14744
35541,14745
1526,14746
20382,14747
37653,14748
3665,14749
50989,14750
2838,14751
17688,14752
12438,14753
21485,14754
28897,14755
28896,14756
6759,14757
12437,14758
7951,14759
48594,14760
23968,14761
32009,14762
20447,14763
11004,14764
28881,14765
54083,14766
31257,14767
42833,14768
30263,14769
51447,14770
2730,14771
32652,14772
31277,14773
28893,14774
20869,14775
6581,14776
28882,14777
27862,14778
36802,14779
36787,14780
48329,14781
28887,14782
12395,14783
13501,14784
44494,14785
51563,14786
34118,14787
15955,14788
31175,14789
28885,14790
24693,14791
35277,14792
10670,14793
2181,14794
31252,14795
3126,14796
3656,14797
36621,14798
31282,14799
51400,14800
42951,14801
37950,14802
46873,14803
21127,14804
15372,14805
28899,14806
3129,14807
42391,14808
6758,14809
44836,14810
5938,14811
41180,14812
30023,14813
28884,14814
20401,14815
3421,14816
11618,14817
5854,14818
18759,14819
20429,14820
27867,14821
14547,14822
23069,14823
11154,14824
43435,14825
32622,14826
48402,14827
32012,14828
8356,14829
4160,14830
35506,14831
48680,14832
42979,14833
6584,14834
25716,14835
10676,14836
17149,14837
15323,14838
34735,14839
4410,14840
27879,14841
12719,14842
28898,14843
21532,14844
25843,14845
34736,14846
31455,14847
34272,14848
43294,14849
15637,14850
48462,14851
52154,14852
6939,14853
4322,14854
16191,14855
16204,14856
3617,14857
14647,14858
8353,14859
40494,14860
22114,14861
37484,14862
42822,14863
10280,14864
28902,14865
16234,14866
17686,14867
32026,14868
21095,14869
4670,14870
4668,14871
29623,14872
4669,14873
26003,14874
31255,14875
20828,14876
6700,14877
6699,14878
34625,14879
19363,14880
14549,14881
12107,14882
35589,14883
31275,14884
38447,14885
22642,14886
28125,14887
4402,14888
39883,14889
16218,14890
21124,14891
40990,14892
7632,14893
32809,14894
32811,14895
32011,14896
4082,14897
22554,14898
7691,14899
1853,14900
15373,14901
46822,14902
13562,14903
28470,14904
9007,14905
21445,14906
31253,14907
22553,14908
18962,14909
13495,14910
14176,14911
15658,14912
27874,14913
42879,14914
3361,14915
46870,14916
25321,14917
3068,14918
2185,14919
2744,14920
13498,14921
16551,14922
44038,14923
16833,14924
18975,14925
44031,14926
18737,14927
34846,14928
46389,14929
47343,14930
12839,14931
32040,14932
17463,14933
48328,14934
48411,14935
10658,14936
3334,14937
51555,14938
15348,14939
34581,14940
17466,14941
3666,14942
21641,14943
3790,14944
3064,14945
10772,14946
18764,14947
21519,14948
50021,14949
2742,14950
21038,14951
20484,14952
20483,14953
25571,14954
25371,14955
37489,14956
41162,14957
48135,14958
25572,14959
36581,14960
39447,14961
31727,14962
50993,14963
42889,14964
36385,14965
16206,14966
21055,14967
47370,14968
27413,14969
12846,14970
50017,14971
11363,14972
15088,14973
15085,14974
3550,14975
48327,14976
29606,14977
29605,14978
40155,14979
36873,14980
30592,14981
25854,14982
11610,14983
13511,14984
17800,14985
3570,14986
44633,14987
2840,14988
23969,14989
8122,14990
3518,14991
20473,14992
34271,14993
28462,14994
20470,14995
4003,14996
38149,14997
15738,14998
28632,14999
34930,15000
40466,15001
34931,15002
12160,15003
27590,15004
36465,15005
23573,15006
36715,15007
51372,15008
43969,15009
38627,15010
13159,15011
40468,15012
19662,15013
2717,15014
3433,15015
4446,15016
30014,15017
25569,15018
3198,15019
18882,15020
28471,15021
36464,15022
2807,15023
31464,15024
20861,15025
50422,15026
6386,15027
25566,15028
34920,15029
3686,15030
17676,15031
3410,15032
21807,15033
27981,15034
27980,15035
14890,15036
14894,15037
16076,15038
34569,15039
15653,15040
27987,15041
42625,15042
42657,15043
38766,15044
7215,15045
28034,15046
17300,15047
27984,15048
44550,15049
48139,15050
12156,15051
32042,15052
28996,15053
13508,15054
17803,15055
27982,15056
23043,15057
4363,15058
10635,15059
33388,15060
34926,15061
33394,15062
4401,15063
34928,15064
10636,15065
21594,15066
28035,15067
19362,15068
31107,15069
33192,15070
45783,15071
3440,15072
54081,15073
25733,15074
10682,15075
27871,15076
46393,15077
34594,15078
12903,15079
40287,15080
37287,15081
48138,15082
52113,15083
2718,15084
26969,15085
48533,15086
48373,15087
17061,15088
29783,15089
34921,15090
34916,15091
34918,15092
12162,15093
28644,15094
42996,15095
4303,15096
6657,15097
6659,15098
25847,15099
40285,15100
2177,15101
13509,15102
7613,15103
43956,15104
15346,15105
44835,15106
39669,15107
39979,15108
22555,15109
17063,15110
47365,15111
8123,15112
37272,15113
14991,15114
12158,15115
34922,15116
20344,15117
34932,15118
16830,15119
28542,15120
8427,15121
43488,15122
17049,15123
23861,15124
47522,15125
2809,15126
28657,15127
39987,15128
3346,15129
12845,15130
14871,15131
36646,15132
27037,15133
12560,15134
24942,15135
28924,15136
3069,15137
50983,15138
28130,15139
36887,15140
28037,15141
50276,15142
3996,15143
3339,15144
3337,15145
42900,15146
20972,15147
27657,15148
2738,15149
24631,15150
23571,15151
52161,15152
17961,15153
43942,15154
21016,15155
1611,15156
14897,15157
22218,15158
28642,15159
20856,15160
51424,15161
7421,15162
2745,15163
37284,15164
25368,15165
20547,15166
42835,15167
25684,15168
36924,15169
3427,15170
44503,15171
36888,15172
3652,15173
12163,15174
22914,15175
20540,15176
3653,15177
17278,15178
2182,15179
20519,15180
20514,15181
12835,15182
12157,15183
25366,15184
25365,15185
13552,15186
37281,15187
35626,15188
4331,15189
46683,15190
2784,15191
29408,15192
44765,15193
4315,15194
18761,15195
15293,15196
18886,15197
42017,15198
4329,15199
10656,15200
12475,15201
10660,15202
20408,15203
20404,15204
28039,15205
24944,15206
28115,15207
31624,15208
31627,15209
4396,15210
12161,15211
12155,15212
12154,15213
23044,15214
49612,15215
46281,15216
41793,15217
18042,15218
40264,15219
34460,15220
1603,15221
38796,15222
37280,15223
3050,15224
9202,15225
38656,15226
15925,15227
9540,15228
30591,15229
1919,15230
11612,15231
32930,15232
10661,15233
31109,15234
42680,15235
38432,15236
29193,15237
41583,15238
17059,15239
33385,15240
47351,15241
13196,15242
23834,15243
28114,15244
20319,15245
28113,15246
28543,15247
32924,15248
7200,15249
13510,15250
37151,15251
23676,15252
40402,15253
3396,15254
44668,15255
25705,15256
25322,15257
7958,15258
28112,15259
31108,15260
28116,15261
23677,15262
42964,15263
26951,15264
44790,15265
35336,15266
24871,15267
40428,15268
26901,15269
14870,15270
32625,15271
27872,15272
44465,15273
28040,15274
47346,15275
43917,15276
2866,15277
16804,15278
4002,15279
28033,15280
37955,15281
28643,15282
27990,15283
40669,15284
32813,15285
32802,15286
10762,15287
29532,15288
27991,15289
27988,15290
16832,15291
37285,15292
12820,15293
39647,15294
32803,15295
32801,15296
38629,15297
41874,15298
49636,15299
3448,15300
43882,15301
15082,15302
28038,15303
39054,15304
4352,15305
38613,15306
38646,15307
2184,15308
17290,15309
49826,15310
43546,15311
44638,15312
14792,15313
5581,15314
25370,15315
25806,15316
28036,15317
37923,15318
28131,15319
17982,15320
12434,15321
3604,15322
12831,15323
7947,15324
26362,15325
3066,15326
14719,15327
25372,15328
2755,15329
19865,15330
31242,15331
34683,15332
3047,15333
17139,15334
28562,15335
3108,15336
27999,15337
27355,15338
34975,15339
25392,15340
31241,15341
49972,15342
17124,15343
38488,15344
18443,15345
28463,15346
15297,15347
31129,15348
32145,15349
25369,15350
40698,15351
42980,15352
41785,15353
4318,15354
3023,15355
25020,15356
21814,15357
47362,15358
33398,15359
2350,15360
34018,15361
39897,15362
24617,15363
29230,15364
38610,15365
27996,15366
47180,15367
36954,15368
28001,15369
35381,15370
20626,15371
18977,15372
39878,15373
17657,15374
20628,15375
3532,15376
18326,15377
44138,15378
37278,15379
25035,15380
21237,15381
3019,15382
8095,15383
40765,15384
47322,15385
16143,15386
15625,15387
37940,15388
17684,15389
17683,15390
38626,15391
28557,15392
28563,15393
18888,15394
28553,15395
28071,15396
40670,15397
2237,15398
30621,15399
24700,15400
34019,15401
41786,15402
46613,15403
25827,15404
31413,15405
28003,15406
46240,15407
25021,15408
21123,15409
18890,15410
34520,15411
20454,15412
28552,15413
48360,15414
19045,15415
20355,15416
32174,15417
33254,15418
27998,15419
37286,15420
10675,15421
32144,15422
39944,15423
47413,15424
18891,15425
37283,15426
39880,15427
52100,15428
28488,15429
48131,15430
30018,15431
13507,15432
26363,15433
6766,15434
48330,15435
19658,15436
13560,15437
34721,15438
33399,15439
46529,15440
34727,15441
30187,15442
7114,15443
17249,15444
18314,15445
40284,15446
19641,15447
18324,15448
38798,15449
40650,15450
18889,15451
27258,15452
7646,15453
7941,15454
44493,15455
15072,15456
20406,15457
4316,15458
4317,15459
30169,15460
29150,15461
21134,15462
42669,15463
27305,15464
4417,15465
22675,15466
28460,15467
37282,15468
34071,15469
17127,15470
24816,15471
3491,15472
23624,15473
28623,15474
36318,15475
38742,15476
2142,15477
17658,15478
20935,15479
43883,15480
42983,15481
42981,15482
17091,15483
17092,15484
17077,15485
17084,15486
4323,15487
5884,15488
39991,15489
22505,15490
4371,15491
33449,15492
37279,15493
32948,15494
14589,15495
20947,15496
27882,15497
35809,15498
24689,15499
24688,15500
20552,15501
20549,15502
30641,15503
15294,15504
20956,15505
20039,15506
33355,15507
6534,15508
42634,15509
20949,15510
40271,15511
7623,15512
20000,15513
27645,15514
2766,15515
39120,15516
7622,15517
48429,15518
29248,15519
48376,15520
15003,15521
25893,15522
17667,15523
18040,15524
7946,15525
23623,15526
24599,15527
18030,15528
32627,15529
7944,15530
10057,15531
7194,15532
34554,15533
49936,15534
7950,15535
6528,15536
37929,15537
41868,15538
13697,15539
13696,15540
16990,15541
40464,15542
49791,15543
4083,15544
27574,15545
3020,15546
21997,15547
14385,15548
19526,15549
38012,15550
32624,15551
14967,15552
39126,15553
19232,15554
10755,15555
7621,15556
28458,15557
38900,15558
37620,15559
9008,15560
52104,15561
52110,15562
2903,15563
44760,15564
18899,15565
33634,15566
3488,15567
22812,15568
18763,15569
11953,15570
14633,15571
28574,15572
28086,15573
21446,15574
2387,15575
18442,15576
8142,15577
38373,15578
46733,15579
20366,15580
5586,15581
49640,15582
29650,15583
29584,15584
21510,15585
39470,15586
39988,15587
41703,15588
17066,15589
39940,15590
39939,15591
14430,15592
14426,15593
21125,15594
14080,15595
38991,15596
22807,15597
30632,15598
32926,15599
36730,15600
34061,15601
46686,15602
30245,15603
14968,15604
22216,15605
52112,15606
18815,15607
3580,15608
33971,15609
18887,15610
9965,15611
17056,15612
7681,15613
47089,15614
46169,15615
2743,15616
34116,15617
7939,15618
32923,15619
32925,15620
28575,15621
37993,15622
17060,15623
16205,15624
37972,15625
44766,15626
3739,15627
30548,15628
27307,15629
21588,15630
4680,15631
27522,15632
52053,15633
49788,15634
33139,15635
2623,15636
39092,15637
39127,15638
20084,15639
40781,15640
44382,15641
43109,15642
10496,15643
4326,15644
4162,15645
38588,15646
10758,15647
15805,15648
20035,15649
18307,15650
38453,15651
35990,15652
43993,15653
44029,15654
44377,15655
30647,15656
17668,15657
51061,15658
41713,15659
37939,15660
41722,15661
4407,15662
36911,15663
38611,15664
8869,15665
21868,15666
23071,15667
39118,15668
21770,15669
17250,15670
19667,15671
31292,15672
39875,15673
29668,15674
39129,15675
30134,15676
3431,15677
28617,15678
15621,15679
46682,15680
14545,15681
24625,15682
17962,15683
37311,15684
10665,15685
22556,15686
29625,15687
36523,15688
43061,15689
37718,15690
2895,15691
44225,15692
45233,15693
44226,15694
24177,15695
30648,15696
44460,15697
13491,15698
28631,15699
43912,15700
44090,15701
29672,15702
30118,15703
3659,15704
33384,15705
38579,15706
25376,15707
14083,15708
25378,15709
40775,15710
15457,15711
12104,15712
4366,15713
31662,15714
44220,15715
28567,15716
49618,15717
49062,15718
15927,15719
21402,15720
30646,15721
9001,15722
34833,15723
42836,15724
3998,15725
40404,15726
49787,15727
15295,15728
44847,15729
26950,15730
23053,15731
52140,15732
38607,15733
45946,15734
16822,15735
39123,15736
33860,15737
17058,15738
3599,15739
32072,15740
33446,15741
4408,15742
34600,15743
28618,15744
22344,15745
28487,15746
14349,15747
20423,15748
20354,15749
28944,15750
2686,15751
21783,15752
21754,15753
18816,15754
39117,15755
14411,15756
37930,15757
47214,15758
12847,15759
40777,15760
43398,15761
22215,15762
21137,15763
11158,15764
38625,15765
49780,15766
40675,15767
32385,15768
23052,15769
33143,15770
7630,15771
33465,15772
15926,15773
10741,15774
21169,15775
27308,15776
19424,15777
4393,15778
52139,15779
38454,15780
10759,15781
43091,15782
44224,15783
47356,15784
22763,15785
9538,15786
13134,15787
45245,15788
39130,15789
19361,15790
10743,15791
3333,15792
3400,15793
18908,15794
9985,15795
14030,15796
18910,15797
37911,15798
40002,15799
39128,15800
43070,15801
37946,15802
33109,15803
29200,15804
44223,15805
44222,15806
12569,15807
25738,15808
2700,15809
33144,15810
20486,15811
39980,15812
12412,15813
28569,15814
21136,15815
38578,15816
35504,15817
19551,15818
46271,15819
52147,15820
30117,15821
17199,15822
28566,15823
28560,15824
44094,15825
39877,15826
21523,15827
40664,15828
7088,15829
22341,15830
34302,15831
24947,15832
30190,15833
21435,15834
28619,15835
50193,15836
37947,15837
28564,15838
18305,15839
28568,15840
50015,15841
3633,15842
18322,15843
46589,15844
2240,15845
52114,15846
42072,15847
34585,15848
18885,15849
15633,15850
17931,15851
23051,15852
43757,15853
52146,15854
21019,15855
17068,15856
5885,15857
25698,15858
44009,15859
38940,15860
12539,15861
28565,15862
52138,15863
50016,15864
3943,15865
4325,15866
34980,15867
47026,15868
34644,15869
13500,15870
39633,15871
5929,15872
50759,15873
44679,15874
40790,15875
7644,15876
19221,15877
6763,15878
44767,15879
18974,15880
19220,15881
30162,15882
18881,15883
47331,15884
21766,15885
19702,15886
52143,15887
15068,15888
38868,15889
22345,15890
28570,15891
43069,15892
2239,15893
47025,15894
17687,15895
17200,15896
18512,15897
42429,15898
21753,15899
44126,15900
30154,15901
12345,15902
52149,15903
31291,15904
7608,15905
14996,15906
7638,15907
18714,15908
35546,15909
18306,15910
33390,15911
17957,15912
50999,15913
49968,15914
27852,15915
20537,15916
37600,15917
4388,15918
36883,15919
28645,15920
22171,15921
12411,15922
23625,15923
19145,15924
42407,15925
21437,15926
31466,15927
28641,15928
4313,15929
4404,15930
20596,15931
5797,15932
38624,15933
18986,15934
19218,15935
28646,15936
21521,15937
43062,15938
10330,15939
20586,15940
49792,15941
18907,15942
36536,15943
21126,15944
52145,15945
31290,15946
18762,15947
33383,15948
10744,15949
35592,15950
16769,15951
24695,15952
33353,15953
33391,15954
7615,15955
31161,15956
28573,15957
28572,15958
8067,15959
10740,15960
31251,15961
4324,15962
21130,15963
33395,15964
18909,15965
20899,15966
20311,15967
25379,15968
8068,15969
39941,15970
2156,15971
36508,15972
18649,15973
9204,15974
52148,15975
38595,15976
14466,15977
35984,15978
21575,15979
4415,15980
39889,15981
38596,15982
11623,15983
43731,15984
14103,15985
18741,15986
20010,15987
25844,15988
35720,15989
15387,15990
38597,15991
20853,15992
38557,15993
18163,15994
48525,15995
28622,15996
23050,15997
37598,15998
42059,15999
3636,16000
25380,16001
40934,16002
43228,16003
16131,16004
38558,16005
12432,16006
46622,16007
5824,16008
6770,16009
3350,16010
1804,16011
3589,16012
3658,16013
3495,16014
19550,16015
37927,16016
38999,16017
2165,16018
34553,16019
11097,16020
27039,16021
45287,16022
19921,16023
2728,16024
21443,16025
43929,16026
35755,16027
7210,16028
44583,16029
20299,16030
52164,16031
35891,16032
38593,16033
50988,16034
44463,16035
30633,16036
26357,16037
13502,16038
45049,16039
38592,16040
38620,16041
39885,16042
4358,16043
44623,16044
42022,16045
30626,16046
27943,16047
47385,16048
51436,16049
34978,16050
34095,16051
4009,16052
4394,16053
37289,16054
52160,16055
12587,16056
2996,16057
44621,16058
24630,16059
34105,16060
4356,16061
3454,16062
38422,16063
24696,16064
30627,16065
49825,16066
43754,16067
41211,16068
21174,16069
19572,16070
37313,16071
24633,16072
15919,16073
25727,16074
19225,16075
19871,16076
35893,16077
4319,16078
43071,16079
44046,16080
36908,16081
19869,16082
21796,16083
26677,16084
36002,16085
18822,16086
49635,16087
15296,16088
26930,16089
13548,16090
2196,16091
27642,16092
19647,16093
21800,16094
16755,16095
19773,16096
34026,16097
18037,16098
21444,16099
50817,16100
32401,16101
14587,16102
24758,16103
3142,16104
36889,16105
19552,16106
22658,16107
36891,16108
44221,16109
36731,16110
1546,16111
20637,16112
2334,16113
31605,16114
21115,16115
45567,16116
11978,16117
28571,16118
47224,16119
29629,16120
7089,16121
38606,16122
21454,16123
45227,16124
19425,16125
49654,16126
21690,16127
1799,16128
47572,16129
52103,16130
19348,16131
3565,16132
21162,16133
20295,16134
49804,16135
3405,16136
3401,16137
35983,16138
23599,16139
32389,16140
2719,16141
19226,16142
16737,16143
4000,16144
21165,16145
39985,16146
18742,16147
24632,16148
36701,16149
7184,16150
22537,16151
49821,16152
31725,16153
33484,16154
17153,16155
24652,16156
20964,16157
3017,16158
35886,16159
35887,16160
19870,16161
4314,16162
43107,16163
47357,16164
34731,16165
28592,16166
32176,16167
40126,16168
45262,16169
33436,16170
21422,16171
32177,16172
4413,16173
7007,16174
33454,16175
33453,16176
39982,16177
45773,16178
23620,16179
39942,16180
36725,16181
34785,16182
13289,16183
19631,16184
35884,16185
39989,16186
23675,16187
2238,16188
40158,16189
40143,16190
28648,16191
3592,16192
18394,16193
23829,16194
38559,16195
38788,16196
46877,16197
26441,16198
35989,16199
40769,16200
21387,16201
41078,16202
23830,16203
39981,16204
48188,16205
41869,16206
17674,16207
21197,16208
20939,16209
32388,16210
14091,16211
32384,16212
32387,16213
21820,16214
8936,16215
44023,16216
27945,16217
21819,16218
47314,16219
41854,16220
19047,16221
13968,16222
20317,16223
27941,16224
52116,16225
19224,16226
18900,16227
17675,16228
9009,16229
52115,16230
2724,16231
37938,16232
18653,16233
25740,16234
38677,16235
38678,16236
3404,16237
4011,16238
6529,16239
3159,16240
38997,16241
21146,16242
28647,16243
37595,16244
37230,16245
54477,16246
42350,16247
4581,16248
37709,16249
2161,16250
27942,16251
21524,16252
15075,16253
40782,16254
20038,16255
38679,16256
9211,16257
27410,16258
3738,16259
21132,16260
26440,16261
17134,16262
43059,16263
3016,16264
37894,16265
38680,16266
14588,16267
47309,16268
33852,16269
17806,16270
2704,16271
37624,16272
17677,16273
6893,16274
19217,16275
15665,16276
2706,16277
24562,16278
4683,16279
47290,16280
47288,16281
19900,16282
21774,16283
21533,16284
21778,16285
7378,16286
8262,16287
40935,16288
21239,16289
20986,16290
48313,16291
44084,16292
20040,16293
27976,16294
38364,16295
38480,16296
27975,16297
19026,16298
27977,16299
27978,16300
13499,16301
45766,16302
11156,16303
4403,16304
27979,16305
19219,16306
2863,16307
19229,16308
36934,16309
21782,16310
2169,16311
39943,16312
46386,16313
41134,16314
2340,16315
2965,16316
41077,16317
25433,16318
20282,16319
45764,16320
15944,16321
10304,16322
3103,16323
2180,16324
20070,16325
20340,16326
35894,16327
37936,16328
16075,16329
32184,16330
32185,16331
27644,16332
36749,16333
48318,16334
2170,16335
3079,16336
20304,16337
33642,16338
33641,16339
27070,16340
37594,16341
19874,16342
1573,16343
47293,16344
42821,16345
46565,16346
26359,16347
18991,16348
18754,16349
24699,16350
19000,16351
31410,16352
31408,16353
40747,16354
36923,16355
38642,16356
41855,16357
21017,16358
29789,16359
49587,16360
49375,16361
49369,16362
12414,16363
8503,16364
12924,16365
51448,16366
25323,16367
14860,16368
2167,16369
28540,16370
35378,16371
44470,16372
46957,16373
3476,16374
44584,16375
15216,16376
18786,16377
34650,16378
35545,16379
25711,16380
44219,16381
20379,16382
43395,16383
51444,16384
39990,16385
52111,16386
41847,16387
21116,16388
25741,16389
1978,16390
45768,16391
19980,16392
19017,16393
17807,16394
14170,16395
39311,16396
45767,16397
4374,16398
3462,16399
12850,16400
46291,16401
46729,16402
44258,16403
37943,16404
44380,16405
20320,16406
2253,16407
59219,16408
3362,16409
2701,16410
20969,16411
19001,16412
14652,16413
14651,16414
39454,16415
32551,16416
3582,16417
49407,16418
33656,16419
49012,16420
40793,16421
33459,16422
24462,16423
45769,16424
29258,16425
42349,16426
18735,16427
12493,16428
4327,16429
24527,16430
20300,16431
33474,16432
4435,16433
2176,16434
34596,16435
33655,16436
3674,16437
39993,16438
23297,16439
40791,16440
2783,16441
40792,16442
8407,16443
23299,16444
26436,16445
43975,16446
42016,16447
14031,16448
4367,16449
47307,16450
43402,16451
17802,16452
26546,16453
32398,16454
12400,16455
35885,16456
44427,16457
26543,16458
32399,16459
43487,16460
4085,16461
37937,16462
31411,16463
7002,16464
17123,16465
51443,16466
19227,16467
17050,16468
36930,16469
43065,16470
2674,16471
46527,16472
34067,16473
20326,16474
17122,16475
28228,16476
24445,16477
46084,16478
22476,16479
19029,16480
38618,16481
35882,16482
21540,16483
4376,16484
2168,16485
44444,16486
45758,16487
3675,16488
2172,16489
23589,16490
3571,16491
3121,16492
25439,16493
17047,16494
15650,16495
48225,16496
40746,16497
14613,16498
36754,16499
2615,16500
45759,16501
17808,16502
19170,16503
23300,16504
25325,16505
23296,16506
3187,16507
45797,16508
29120,16509
45770,16510
17030,16511
20998,16512
31661,16513
17027,16514
40144,16515
36320,16516
38643,16517
23591,16518
26355,16519
3615,16520
3359,16521
2166,16522
48357,16523
19030,16524
20321,16525
2171,16526
46215,16527
8408,16528
52117,16529
20971,16530
21488,16531
20080,16532
52118,16533
18495,16534
18497,16535
37628,16536
10757,16537
20079,16538
53440,16539
45760,16540
17031,16541
2336,16542
38580,16543
31459,16544
35799,16545
21135,16546
4416,16547
3217,16548
2683,16549
15710,16550
31980,16551
33111,16552
18048,16553
25317,16554
18049,16555
18045,16556
21762,16557
15388,16558
23833,16559
33644,16560
40161,16561
19821,16562
18044,16563
18047,16564
18046,16565
17083,16566
17081,16567
42861,16568
26211,16569
46597,16570
15024,16571
23600,16572
47090,16573
45762,16574
31468,16575
3660,16576
33643,16577
47242,16578
45771,16579
45772,16580
43064,16581
14086,16582
2330,16583
20370,16584
21628,16585
45763,16586
39895,16587
33973,16588
14609,16589
36312,16590
40289,16591
2662,16592
46717,16593
52162,16594
31902,16595
29454,16596
13191,16597
47243,16598
45765,16599
36319,16600
40680,16601
17429,16602
35987,16603
42907,16604
48359,16605
28475,16606
42011,16607
2319,16608
13192,16609
4097,16610
49602,16611
54647,16612
33379,16613
43509,16614
12598,16615
19951,16616
42153,16617
51466,16618
18799,16619
47642,16620
44116,16621
16736,16622
16738,16623
6608,16624
17875,16625
3163,16626
13506,16627
34648,16628
17874,16629
44581,16630
16731,16631
12405,16632
15635,16633
40789,16634
15638,16635
39643,16636
47245,16637
15347,16638
32403,16639
44780,16640
49967,16641
9125,16642
38484,16643
2689,16644
30630,16645
17797,16646
22343,16647
38612,16648
15607,16649
27121,16650
33639,16651
43953,16652
48319,16653
12838,16654
52119,16655
22502,16656
2860,16657
17801,16658
21713,16659
34066,16660
12595,16661
3668,16662
17137,16663
35997,16664
2325,16665
21687,16666
41219,16667
43399,16668
20678,16669
37969,16670
24872,16671
38483,16672
33962,16673
32651,16674
38439,16675
27265,16676
36323,16677
4378,16678
39481,16679
46545,16680
28476,16681
15634,16682
35558,16683
22503,16684
23832,16685
32643,16686
47016,16687
41477,16688
2668,16689
17051,16690
31452,16691
40686,16692
2151,16693
2705,16694
43654,16695
22649,16696
2892,16697
39904,16698
2164,16699
52155,16700
14889,16701
48326,16702
11155,16703
44589,16704
25304,16705
35534,16706
40290,16707
17805,16708
4405,16709
35875,16710
3616,16711
39884,16712
35988,16713
17860,16714
49871,16715
5256,16716
44604,16717
36687,16718
2342,16719
45337,16720
8469,16721
25736,16722
33645,16723
4379,16724
2802,16725
37712,16726
4351,16727
3363,16728
36228,16729
42089,16730
26337,16731
38600,16732
2248,16733
34643,16734
46556,16735
19802,16736
44778,16737
35783,16738
9005,16739
18496,16740
2762,16741
25218,16742
51619,16743
7199,16744
3165,16745
39629,16746
42975,16747
33661,16748
45084,16749
36321,16750
17479,16751
45234,16752
11029,16753
10754,16754
37596,16755
51797,16756
14089,16757
38659,16758
35533,16759
4365,16760
51617,16761
38605,16762
14966,16763
43073,16764
21202,16765
20313,16766
21804,16767
44442,16768
2143,16769
17858,16770
2801,16771
40774,16772
38494,16773
2688,16774
3013,16775
39012,16776
2203,16777
40288,16778
16078,16779
33382,16780
29114,16781
33652,16782
22001,16783
3402,16784
33653,16785
33654,16786
19041,16787
2193,16788
38603,16789
17877,16790
39013,16791
19042,16792
26906,16793
2679,16794
46784,16795
38415,16796
33426,16797
10613,16798
21217,16799
2198,16800
37941,16801
44028,16802
19883,16803
3561,16804
24687,16805
24686,16806
24907,16807
24906,16808
15614,16809
17301,16810
37312,16811
31456,16812
13698,16813
40291,16814
10746,16815
35986,16816
35981,16817
3450,16818
35992,16819
24442,16820
50815,16821
43521,16822
39947,16823
2148,16824
9332,16825
2800,16826
21978,16827
24929,16828
17052,16829
21528,16830
35877,16831
2200,16832
37637,16833
24178,16834
17304,16835
37970,16836
44784,16837
46549,16838
21758,16839
56724,16840
51040,16841
4328,16842
35991,16843
22605,16844
2201,16845
33773,16846
24529,16847
25456,16848
2145,16849
17859,16850
47005,16851
35556,16852
2202,16853
44947,16854
24679,16855
14821,16856
21681,16857
43971,16858
35985,16859
25315,16860
4409,16861
14905,16862
51039,16863
45120,16864
40026,16865
51037,16866
38645,16867
41320,16868
38604,16869
25495,16870
2250,16871
44140,16872
35874,16873
17890,16874
16534,16875
39876,16876
18309,16877
24914,16878
44779,16879
21710,16880
28438,16881
38644,16882
39986,16883
17126,16884
20306,16885
24911,16886
10332,16887
46783,16888
46782,16889
29905,16890
33861,16891
3497,16892
41821,16893
18802,16894
17141,16895
4689,16896
3466,16897
38586,16898
41258,16899
34835,16900
38992,16901
37934,16902
56856,16903
26667,16904
3141,16905
19127,16906
25122,16907
36693,16908
18796,16909
36694,16910
22990,16911
21597,16912
51800,16913
18445,16914
34108,16915
38989,16916
25709,16917
10749,16918
44812,16919
44596,16920
19890,16921
44037,16922
3661,16923
45643,16924
9105,16925
21131,16926
37919,16927
37935,16928
38640,16929
18310,16930
2254,16931
33371,16932
33352,16933
11647,16934
21791,16935
27053,16936
3457,16937
25434,16938
15604,16939
27261,16940
11935,16941
18719,16942
45984,16943
39946,16944
37142,16945
18308,16946
37932,16947
47236,16948
2153,16949
2677,16950
27054,16951
20994,16952
38988,16953
13155,16954
26917,16955
46208,16956
45098,16957
43558,16958
28941,16959
47235,16960
15636,16961
36000,16962
4359,16963
13153,16964
3018,16965
44955,16966
40146,16967
47237,16968
50379,16969
44381,16970
37143,16971
44092,16972
28477,16973
3839,16974
38987,16975
40152,16976
18755,16977
28464,16978
35878,16979
33657,16980
11157,16981
23914,16982
37918,16983
5238,16984
49607,16985
18721,16986
2344,16987
11002,16988
7091,16989
21241,16990
44771,16991
3477,16992
12834,16993
19121,16994
30903,16995
17654,16996
50192,16997
47096,16998
23122,16999
8426,17000
37524,17001
23298,17002
44095,17003
17096,17004
2343,17005
38667,17006
42410,17007
33472,17008
20840,17009
50386,17010
2607,17011
3081,17012
37478,17013
40768,17014
44055,17015
17097,17016
50014,17017
4406,17018
37526,17019
25307,17020
20798,17021
18768,17022
38594,17023
19126,17024
38402,17025
45265,17026
37485,17027
37523,17028
15709,17029
19872,17030
23672,17031
14616,17032
8065,17033
36001,17034
37472,17035
17460,17036
12586,17037
2620,17038
15605,17039
9094,17040
46541,17041
4411,17042
38998,17043
19873,17044
37319,17045
2695,17046
17493,17047
44509,17048
14617,17049
37892,17050
2351,17051
23885,17052
35999,17053
35543,17054
3102,17055
50383,17056
34091,17057
46924,17058
31126,17059
24472,17060
43306,17061
50378,17062
37603,17063
24469,17064
3524,17065
38587,17066
14169,17067
15025,17068
49762,17069
43485,17070
54672,17071
20247,17072
31420,17073
13317,17074
3838,17075
23795,17076
2621,17077
42411,17078
38641,17079
20983,17080
4380,17081
3098,17082
27667,17083
27665,17084
40767,17085
45087,17086
37522,17087
2144,17088
53731,17089
52335,17090
42413,17091
10609,17092
35801,17093
18784,17094
3583,17095
2507,17096
37931,17097
18772,17098
37521,17099
10708,17100
38502,17101
40124,17102
1697,17103
4361,17104
9206,17105
34094,17106
43383,17107
3014,17108
38639,17109
20805,17110
54671,17111
11651,17112
31418,17113
2680,17114
3662,17115
40788,17116
3627,17117
40991,17118
21712,17119
38442,17120
46124,17121
2722,17122
17471,17123
24618,17124
2179,17125
2332,17126
2779,17127
42147,17128
2805,17129
46927,17130
37306,17131
39894,17132
45170,17133
31297,17134
15384,17135
40766,17136
51057,17137
27846,17138
40139,17139
45618,17140
2163,17141
23590,17142
15393,17143
40599,17144
37139,17145
37525,17146
51322,17147
17833,17148
2803,17149
21787,17150
25897,17151
38492,17152
36394,17153
27107,17154
4400,17155
38419,17156
15496,17157
17462,17158
26336,17159
14823,17160
11650,17161
26544,17162
6743,17163
2348,17164
17857,17165
24615,17166
46926,17167
22638,17168
37129,17169
46938,17170
24621,17171
6967,17172
37561,17173
25900,17174
15495,17175
43293,17176
31124,17177
43292,17178
8066,17179
38965,17180
51809,17181
15298,17182
42178,17183
25898,17184
23798,17185
45083,17186
41986,17187
24114,17188
41001,17189
24115,17190
21472,17191
49603,17192
46207,17193
30543,17194
27108,17195
45148,17196
24940,17197
36212,17198
21708,17199
37144,17200
35305,17201
4390,17202
2326,17203
22499,17204
33380,17205
33451,17206
25903,17207
25205,17208
2328,17209
35486,17210
34513,17211
46923,17212
11643,17213
3012,17214
51058,17215
30150,17216
31717,17217
32839,17218
3162,17219
40131,17220
8468,17221
32844,17222
37607,17223
15392,17224
29189,17225
37188,17226
32841,17227
32840,17228
14168,17229
40943,17230
35725,17231
2579,17232
2574,17233
21110,17234
2152,17235
39010,17236
36326,17237
40322,17238
40743,17239
33363,17240
4681,17241
51808,17242
39340,17243
38696,17244
38491,17245
23124,17246
37584,17247
37135,17248
25498,17249
35304,17250
25244,17251
30733,17252
37562,17253
36331,17254
19025,17255
36938,17256
21468,17257
21163,17258
41194,17259
38649,17260
3021,17261
45250,17262
43554,17263
37049,17264
40121,17265
38413,17266
23447,17267
37563,17268
35669,17269
43311,17270
21112,17271
14809,17272
21685,17273
37187,17274
7104,17275
31407,17276
46920,17277
46534,17278
46210,17279
3474,17280
46919,17281
35501,17282
40744,17283
25994,17284
3612,17285
3670,17286
1944,17287
46933,17288
29500,17289
2234,17290
17094,17291
17883,17292
21120,17293
30713,17294
46918,17295
39903,17296
34515,17297
3027,17298
3634,17299
36952,17300
12452,17301
40480,17302
26857,17303
1942,17304
32379,17305
48552,17306
26849,17307
25901,17308
51844,17309
35873,17310
18161,17311
2675,17312
46917,17313
25902,17314
3078,17315
32378,17316
40683,17317
1945,17318
25905,17319
17644,17320
17653,17321
46937,17322
34578,17323
38497,17324
3140,17325
27041,17326
23127,17327
1782,17328
32858,17329
32859,17330
31912,17331
8422,17332
3475,17333
45260,17334
17650,17335
37133,17336
41980,17337
44754,17338
19897,17339
46324,17340
15217,17341
36722,17342
38804,17343
24292,17344
24293,17345
21686,17346
21680,17347
31913,17348
2345,17349
24524,17350
40481,17351
31911,17352
24294,17353
46317,17354
12390,17355
2644,17356
45138,17357
6153,17358
25931,17359
29496,17360
45761,17361
37570,17362
55291,17363
54674,17364
2290,17365
45202,17366
46325,17367
27740,17368
27741,17369
19345,17370
34514,17371
27091,17372
2685,17373
33871,17374
44956,17375
25436,17376
21673,17377
38660,17378
19478,17379
33270,17380
27640,17381
37958,17382
37959,17383
6990,17384
26870,17385
2687,17386
27057,17387
18598,17388
45142,17389
22894,17390
17464,17391
21971,17392
29102,17393
46129,17394
40292,17395
37305,17396
46939,17397
4682,17398
37290,17399
31415,17400
54662,17401
38504,17402
37571,17403
37559,17404
9140,17405
45114,17406
2135,17407
50990,17408
28590,17409
32857,17410
9004,17411
3341,17412
11745,17413
43507,17414
44639,17415
2868,17416
2716,17417
6963,17418
4346,17419
11642,17420
46721,17421
47492,17422
33429,17423
40136,17424
36902,17425
18024,17426
7015,17427
37912,17428
54666,17429
3139,17430
11488,17431
11491,17432
46947,17433
21692,17434
18797,17435
22557,17436
33455,17437
17878,17438
21487,17439
34518,17440
2130,17441
3641,17442
40997,17443
21671,17444
49931,17445
43524,17446
15918,17447
14614,17448
34516,17449
44953,17450
40741,17451
3632,17452
40129,17453
37558,17454
44731,17455
43504,17456
37585,17457
35427,17458
37708,17459
40062,17460
51226,17461
29121,17462
44952,17463
29034,17464
34839,17465
48414,17466
37307,17467
2510,17468
34689,17469
44600,17470
45675,17471
21672,17472
44386,17473
2347,17474
40745,17475
40128,17476
32471,17477
54089,17478
40294,17479
29109,17480
46955,17481
25992,17482
4679,17483
49025,17484
2194,17485
46137,17486
39837,17487
23336,17488
43288,17489
54630,17490
46562,17491
33344,17492
5864,17493
29082,17494
46950,17495
27062,17496
14592,17497
2715,17498
47183,17499
46156,17500
24266,17501
41004,17502
52096,17503
51798,17504
43730,17505
2974,17506
19747,17507
33477,17508
40998,17509
24643,17510
33483,17511
2788,17512
49757,17513
21505,17514
35716,17515
18210,17516
36709,17517
27061,17518
32849,17519
52098,17520
35998,17521
32847,17522
32850,17523
35941,17524
43111,17525
46948,17526
41985,17527
30251,17528
2712,17529
54633,17530
2221,17531
3735,17532
10333,17533
46951,17534
18807,17535
34814,17536
34819,17537
49760,17538
49761,17539
49764,17540
49758,17541
4685,17542
25917,17543
48409,17544
21668,17545
7112,17546
3096,17547
25019,17548
10637,17549
2707,17550
11652,17551
20037,17552
40127,17553
46953,17554
11007,17555
24470,17556
41973,17557
36904,17558
24619,17559
44113,17560
36834,17561
26433,17562
37967,17563
14836,17564
12124,17565
33628,17566
35896,17567
25918,17568
46155,17569
18646,17570
8930,17571
3100,17572
43508,17573
41079,17574
54634,17575
46952,17576
10767,17577
52095,17578
40138,17579
16753,17580
35024,17581
11648,17582
46946,17583
2703,17584
44156,17585
49759,17586
37608,17587
3663,17588
43094,17589
2653,17590
43998,17591
33475,17592
36713,17593
3168,17594
45110,17595
48231,17596
2015,17597
49323,17598
33458,17599
12413,17600
18829,17601
36303,17602
3107,17603
34512,17604
30547,17605
15396,17606
54628,17607
38950,17608
45157,17609
54658,17610
21494,17611
53757,17612
40122,17613
20036,17614
24680,17615
23337,17616
40137,17617
35087,17618
43013,17619
32281,17620
27059,17621
2540,17622
36975,17623
2337,17624
7074,17625
46105,17626
20058,17627
27103,17628
35525,17629
48548,17630
3204,17631
21674,17632
11152,17633
34110,17634
24648,17635
2242,17636
2691,17637
18172,17638
18173,17639
34511,17640
35086,17641
35661,17642
21441,17643
21440,17644
51718,17645
39646,17646
38808,17647
48251,17648
53874,17649
36301,17650
27841,17651
24108,17652
27802,17653
34092,17654
48861,17655
21667,17656
16805,17657
12389,17658
4161,17659
27818,17660
37971,17661
17888,17662
22366,17663
25022,17664
45128,17665
3451,17666
24109,17667
46570,17668
17143,17669
45169,17670
21669,17671
47458,17672
24644,17673
46113,17674
2509,17675
2341,17676
17891,17677
35876,17678
46168,17679
3015,17680
46080,17681
45639,17682
52094,17683
19132,17684
21670,17685
17967,17686
18057,17687
44951,17688
17879,17689
46139,17690
46083,17691
22549,17692
37961,17693
36245,17694
18059,17695
32853,17696
19131,17697
46106,17698
32533,17699
3628,17700
11003,17701
17680,17702
3835,17703
37965,17704
37968,17705
45082,17706
46815,17707
51092,17708
2136,17709
48258,17710
10334,17711
10331,17712
22666,17713
21697,17714
3646,17715
36315,17716
44811,17717
54650,17718
40486,17719
45291,17720
21411,17721
30735,17722
34476,17723
6600,17724
31144,17725
27462,17726
34813,17727
3836,17728
3212,17729
11204,17730
18209,17731
41252,17732
32336,17733
1608,17734
18211,17735
49620,17736
2672,17737
15409,17738
37321,17739
8918,17740
45118,17741
48250,17742
43986,17743
20978,17744
37529,17745
35940,17746
2127,17747
44807,17748
37555,17749
20923,17750
37514,17751
12680,17752
6834,17753
23593,17754
51052,17755
20536,17756
38907,17757
37998,17758
33478,17759
51075,17760
27109,17761
25121,17762
25014,17763
49966,17764
8934,17765
5474,17766
2708,17767
3837,17768
17685,17769
22682,17770
37132,17771
33485,17772
21695,17773
25904,17774
35423,17775
11006,17776
20930,17777
17893,17778
33461,17779
43718,17780
54679,17781
39859,17782
36304,17783
41436,17784
38501,17785
2495,17786
20307,17787
18805,17788
45109,17789
18736,17790
8932,17791
39483,17792
33481,17793
20346,17794
25427,17795
40598,17796
21698,17797
38283,17798
14171,17799
31929,17800
46318,17801
21133,17802
3161,17803
36901,17804
36903,17805
2146,17806
3167,17807
46165,17808
18804,17809
21696,17810
35714,17811
2619,17812
4397,17813
17889,17814
15275,17815
45111,17816
2197,17817
45304,17818
38000,17819
38805,17820
3645,17821
38691,17822
41819,17823
16764,17824
37556,17825
54620,17826
7025,17827
51525,17828
46558,17829
3336,17830
25314,17831
35085,17832
54663,17833
40739,17834
9368,17835
37516,17836
34090,17837
21012,17838
6835,17839
5261,17840
21691,17841
29078,17842
10774,17843
15488,17844
3213,17845
15486,17846
15394,17847
2778,17848
19210,17849
2138,17850
31005,17851
3082,17852
3186,17853
19212,17854
41796,17855
46134,17856
4099,17857
41797,17858
35023,17859
20347,17860
2780,17861
28630,17862
37515,17863
30151,17864
11205,17865
12747,17866
27320,17867
3009,17868
15252,17869
36720,17870
49576,17871
44601,17872
15487,17873
14846,17874
40740,17875
15253,17876
21707,17877
16981,17878
12746,17879
33413,17880
24298,17881
12737,17882
6344,17883
46212,17884
54642,17885
3101,17886
14962,17887
21013,17888
33471,17889
38967,17890
45242,17891
45238,17892
39507,17893
9017,17894
33372,17895
24645,17896
24641,17897
37997,17898
36322,17899
22550,17900
35573,17901
24646,17902
11646,17903
27087,17904
2602,17905
54659,17906
35574,17907
46943,17908
35017,17909
3011,17910
46949,17911
24179,17912
35474,17913
33466,17914
27092,17915
41839,17916
51389,17917
18753,17918
34843,17919
2678,17920
44153,17921
51384,17922
37557,17923
44618,17924
2126,17925
38331,17926
23867,17927
3664,17928
2321,17929
37518,17930
7077,17931
2711,17932
2496,17933
8227,17934
3080,17935
22656,17936
21693,17937
39057,17938
28244,17939
46095,17940
20606,17941
46941,17942
24295,17943
22559,17944
6839,17945
20044,17946
24297,17947
27100,17948
22560,17949
2987,17950
47488,17951
14596,17952
37512,17953
19479,17954
9367,17955
20946,17956
26735,17957
18493,17958
11653,17959
54635,17960
42976,17961
4589,17962
3720,17963
27896,17964
3721,17965
3643,17966
13295,17967
45566,17968
2244,17969
33476,17970
40038,17971
54078,17972
54651,17973
30709,17974
29033,17975
3456,17976
3177,17977
24296,17978
45581,17979
16986,17980
21711,17981
22636,17982
14848,17983
19116,17984
25891,17985
40148,17986
8232,17987
19117,17988
26859,17989
23530,17990
2494,17991
40130,17992
21471,17993
32408,17994
29238,17995
1628,17996
15707,17997
14598,17998
51387,17999
19875,18000
19876,18001
37539,18002
37513,18003
2317,18004
19738,18005
46111,18006
47632,18007
3087,18008
46103,18009
2324,18010
3178,18011
18171,18012
17386,18013
39547,18014
26442,18015
35641,18016
3120,18017
17387,18018
38688,18019
4389,18020
55785,18021
2139,18022
51386,18023
5853,18024
8931,18025
24220,18026
25089,18027
46305,18028
5852,18029
36316,18030
10615,18031
41455,18032
27089,18033
12402,18034
20623,18035
43745,18036
46945,18037
22548,18038
46122,18039
28609,18040
45094,18041
26674,18042
3574,18043
18463,18044
21699,18045
47246,18046
23533,18047
40149,18048
27060,18049
27056,18050
24119,18051
38487,18052
33462,18053
12601,18054
38342,18055
27110,18056
47633,18057
25990,18058
34972,18059
21683,18060
46205,18061
2976,18062
46452,18063
2541,18064
34155,18065
18214,18066
41250,18067
35176,18068
27088,18069
45247,18070
44024,18071
43371,18072
27105,18073
9366,18074
28240,18075
37302,18076
26190,18077
41242,18078
20524,18079
27101,18080
6971,18081
9372,18082
21700,18083
54669,18084
57862,18085
4138,18086
27345,18087
34519,18088
18814,18089
16740,18090
11509,18091
34967,18092
57851,18093
40771,18094
20794,18095
8959,18096
35386,18097
17634,18098
3170,18099
20365,18100
35810,18101
2110,18102
18806,18103
22653,18104
36514,18105
47630,18106
32852,18107
2865,18108
47631,18109
23618,18110
52649,18111
1920,18112
56321,18113
33473,18114
35677,18115
31916,18116
44801,18117
28239,18118
16744,18119
36706,18120
6842,18121
2601,18122
47248,18123
35246,18124
22367,18125
6601,18126
25318,18127
46569,18128
35635,18129
54641,18130
28245,18131
45166,18132
33482,18133
9370,18134
31915,18135
35021,18136
18464,18137
53134,18138
6840,18139
31914,18140
34005,18141
44814,18142
46152,18143
46528,18144
29756,18145
46007,18146
37146,18147
47247,18148
45149,18149
41460,18150
28242,18151
3822,18152
11941,18153
11490,18154
28238,18155
18590,18156
44020,18157
18604,18158
20059,18159
31720,18160
21729,18161
46602,18162
29753,18163
30707,18164
2973,18165
31180,18166
18588,18167
19304,18168
34464,18169
18767,18170
25454,18171
25101,18172
28243,18173
45307,18174
7092,18175
2878,18176
17438,18177
2971,18178
46930,18179
2353,18180
45236,18181
10624,18182
27323,18183
38409,18184
3085,18185
22633,18186
29010,18187
17672,18188
36540,18189
36244,18190
17951,18191
17952,18192
17953,18193
46150,18194
30706,18195
52305,18196
43520,18197
13993,18198
15539,18199
1588,18200
17673,18201
21730,18202
45269,18203
53732,18204
9816,18205
46311,18206
41825,18207
2710,18208
35030,18209
15494,18210
25984,18211
28246,18212
14610,18213
16752,18214
17098,18215
15499,18216
40772,18217
35065,18218
49611,18219
32522,18220
3088,18221
45147,18222
17101,18223
17100,18224
17099,18225
25426,18226
15491,18227
18580,18228
3110,18229
26675,18230
20847,18231
35016,18232
7123,18233
3095,18234
58451,18235
35815,18236
37237,18237
36996,18238
37534,18239
15278,18240
45246,18241
20546,18242
25094,18243
11005,18244
4007,18245
57698,18246
42094,18247
34836,18248
25975,18249
2682,18250
28301,18251
37239,18252
37238,18253
21199,18254
38405,18255
57865,18256
46740,18257
4008,18258
41074,18259
44774,18260
1605,18261
33266,18262
1604,18263
12981,18264
20940,18265
20944,18266
3028,18267
12982,18268
56723,18269
46132,18270
29080,18271
10608,18272
11746,18273
27090,18274
20953,18275
23608,18276
46116,18277
23565,18278
25017,18279
11133,18280
48233,18281
2714,18282
52314,18283
1535,18284
44732,18285
17381,18286
32851,18287
20990,18288
17388,18289
33369,18290
32317,18291
24677,18292
46306,18293
3669,18294
44050,18295
45240,18296
2671,18297
4588,18298
19906,18299
2980,18300
2137,18301
46557,18302
47459,18303
3089,18304
45129,18305
19496,18306
36314,18307
2128,18308
35106,18309
7122,18310
33370,18311
54660,18312
2329,18313
46690,18314
41457,18315
2212,18316
27038,18317
11212,18318
45116,18319
27067,18320
23536,18321
35015,18322
37335,18323
2886,18324
36003,18325
11641,18326
16750,18327
33470,18328
38335,18329
52315,18330
33469,18331
29116,18332
23558,18333
52310,18334
39490,18335
45150,18336
38242,18337
19882,18338
33479,18339
15540,18340
40773,18341
31120,18342
27046,18343
19301,18344
38334,18345
45152,18346
2511,18347
38346,18348
33463,18349
44035,18350
22648,18351
19881,18352
18836,18353
19880,18354
29077,18355
19265,18356
2346,18357
31125,18358
46316,18359
33367,18360
13161,18361
18782,18362
35472,18363
13162,18364
47594,18365
37332,18366
37333,18367
27096,18368
2229,18369
45292,18370
36937,18371
28177,18372
2603,18373
14820,18374
38414,18375
9361,18376
20988,18377
45151,18378
36808,18379
28439,18380
3084,18381
2693,18382
44626,18383
2331,18384
19249,18385
56337,18386
51222,18387
39342,18388
16746,18389
16747,18390
16745,18391
28546,18392
39341,18393
42086,18394
37623,18395
33723,18396
37569,18397
22651,18398
36532,18399
46145,18400
17117,18401
15497,18402
43014,18403
34555,18404
30160,18405
2366,18406
41528,18407
24444,18408
19250,18409
32330,18410
38884,18411
22676,18412
46759,18413
47228,18414
33406,18415
34682,18416
21664,18417
27742,18418
36712,18419
38812,18420
43556,18421
44446,18422
32536,18423
49353,18424
2209,18425
27743,18426
36833,18427
45266,18428
5265,18429
16758,18430
16763,18431
19495,18432
41456,18433
29081,18434
16115,18435
38243,18436
37331,18437
18023,18438
11180,18439
46177,18440
28545,18441
2694,18442
1599,18443
39059,18444
45564,18445
1597,18446
2650,18447
14611,18448
44074,18449
32523,18450
2207,18451
20862,18452
2988,18453
57204,18454
30541,18455
20955,18456
2210,18457
31921,18458
27473,18459
1572,18460
25429,18461
18465,18462
17062,18463
37195,18464
51581,18465
45119,18466
19439,18467
19440,18468
10159,18469
56344,18470
35174,18471
51646,18472
37565,18473
7013,18474
4377,18475
46164,18476
1607,18477
46544,18478
38345,18479
5222,18480
27104,18481
43744,18482
33366,18483
4012,18484
45256,18485
17044,18486
45130,18487
4592,18488
46313,18489
32834,18490
20945,18491
18469,18492
26352,18493
24714,18494
38336,18495
45135,18496
21000,18497
2232,18498
45222,18499
29920,18500
7004,18501
16749,18502
17113,18503
27475,18504
16741,18505
44421,18506
16743,18507
20950,18508
1558,18509
20941,18510
17853,18511
25997,18512
22650,18513
31925,18514
18585,18515
49354,18516
46703,18517
41508,18518
51531,18519
39902,18520
25981,18521
24869,18522
6837,18523
2983,18524
21694,18525
2782,18526
24659,18527
44052,18528
35467,18529
49606,18530
38337,18531
20948,18532
20942,18533
44127,18534
33467,18535
50190,18536
45127,18537
32545,18538
19884,18539
50191,18540
25669,18541
19498,18542
46922,18543
54819,18544
48331,18545
29070,18546
37587,18547
37586,18548
23522,18549
29409,18550
42929,18551
16116,18552
9360,18553
9359,18554
18446,18555
25139,18556
32741,18557
22673,18558
29032,18559
4381,18560
46538,18561
34012,18562
37564,18563
45289,18564
38343,18565
38340,18566
19500,18567
45132,18568
18579,18569
46723,18570
46928,18571
8926,18572
8667,18573
22606,18574
2862,18575
29108,18576
27094,18577
2649,18578
10595,18579
58942,18580
40015,18581
11645,18582
45232,18583
43106,18584
12814,18585
1598,18586
45244,18587
18589,18588
32521,18589
36516,18590
48338,18591
38404,18592
51570,18593
3676,18594
15279,18595
9369,18596
3077,18597
24736,18598
36702,18599
22660,18600
15745,18601
2697,18602
46554,18603
51520,18604
46751,18605
46760,18606
23611,18607
38683,18608
33434,18609
5224,18610
52303,18611
25320,18612
45126,18613
18811,18614
45125,18615
35995,18616
46454,18617
24870,18618
2893,18619
16754,18620
38246,18621
2984,18622
46546,18623
2556,18624
35216,18625
51564,18626
38248,18627
48337,18628
17046,18629
9375,18630
38287,18631
17095,18632
46458,18633
32183,18634
24655,18635
24656,18636
2371,18637
39950,18638
44006,18639
43557,18640
25633,18641
26785,18642
17102,18643
17103,18644
32187,18645
2256,18646
18468,18647
21702,18648
39952,18649
2720,18650
21703,18651
32548,18652
17954,18653
46791,18654
11132,18655
25424,18656
44071,18657
1624,18658
59177,18659
27098,18660
2894,18661
26426,18662
25332,18663
44253,18664
2977,18665
46687,18666
39626,18667
26427,18668
17871,18669
33460,18670
34480,18671
43105,18672
46790,18673
2972,18674
38636,18675
47577,18676
32855,18677
46712,18678
9048,18679
32854,18680
32856,18681
3468,18682
2787,18683
2369,18684
20850,18685
46123,18686
42087,18687
46700,18688
32866,18689
2982,18690
38347,18691
45115,18692
52304,18693
44072,18694
44155,18695
4602,18696
19497,18697
20449,18698
47602,18699
2978,18700
46699,18701
18011,18702
19757,18703
19285,18704
25497,18705
8935,18706
19756,18707
9362,18708
2252,18709
45124,18710
8352,18711
38329,18712
38326,18713
25312,18714
25607,18715
2663,18716
2089,18717
46531,18718
23612,18719
35563,18720
14632,18721
26676,18722
9510,18723
2785,18724
44426,18725
48336,18726
48537,18727
26010,18728
5263,18729
8312,18730
44157,18731
3808,18732
4613,18733
22681,18734
5935,18735
45231,18736
26446,18737
26444,18738
46720,18739
32865,18740
38417,18741
18508,18742
45973,18743
23596,18744
45028,18745
3135,18746
44425,18747
9365,18748
9363,18749
15277,18750
33433,18751
38635,18752
45153,18753
45154,18754
2781,18755
41027,18756
22677,18757
43153,18758
16766,18759
33438,18760
48335,18761
31891,18762
45221,18763
44128,18764
34909,18765
38327,18766
18466,18767
46140,18768
45223,18769
27042,18770
18581,18771
41028,18772
39360,18773
29029,18774
2055,18775
17643,18776
38344,18777
20851,18778
2969,18779
1792,18780
40017,18781
17065,18782
5286,18783
2500,18784
26678,18785
45565,18786
26679,18787
18462,18788
31918,18789
48346,18790
32864,18791
5251,18792
23595,18793
17427,18794
46289,18795
59407,18796
39713,18797
38282,18798
20849,18799
8922,18800
33774,18801
36905,18802
59403,18803
34311,18804
32723,18805
32722,18806
23554,18807
3250,18808
23529,18809
49325,18810
48347,18811
2887,18812
14635,18813
16782,18814
38637,18815
32546,18816
1636,18817
38284,18818
43135,18819
11489,18820
41026,18821
36526,18822
20709,18823
27044,18824
27045,18825
30161,18826
32863,18827
39714,18828
38288,18829
34309,18830
38247,18831
31890,18832
2376,18833
37567,18834
45113,18835
46154,18836
48348,18837
36906,18838
36311,18839
38285,18840
16773,18841
45290,18842
7987,18843
35192,18844
2487,18845
16765,18846
38286,18847
39709,18848
31892,18849
25861,18850
4599,18851
38634,18852
16780,18853
48345,18854
44174,18855
44175,18856
44154,18857
37318,18858
16778,18859
38249,18860
20848,18861
38486,18862
29755,18863
58448,18864
20056,18865
32279,18866
7619,18867
2897,18868
27483,18869
30159,18870
51642,18871
23264,18872
58455,18873
15856,18874
2681,18875
52311,18876
25113,18877
15900,18878
39711,18879
15901,18880
2882,18881
29751,18882
29754,18883
28576,18884
18472,18885
18444,18886
21470,18887
15874,18888
31085,18889
22679,18890
2268,18891
31080,18892
35468,18893
35469,18894
13703,18895
25107,18896
23592,18897
4010,18898
29472,18899
28577,18900
44384,18901
26002,18902
5253,18903
39710,18904
35899,18905
26848,18906
16013,18907
16784,18908
50719,18909
44093,18910
31895,18911
25978,18912
21469,18913
3238,18914
2885,18915
59252,18916
51631,18917
18586,18918
18470,18919
19503,18920
31923,18921
2276,18922
45121,18923
2559,18924
19502,18925
44634,18926
44636,18927
22561,18928
22562,18929
24661,18930
22564,18931
22563,18932
2323,18933
32862,18934
25875,18935
32186,18936
2604,18937
17440,18938
18995,18939
28273,18940
22565,18941
4587,18942
3239,18943
14605,18944
35127,18945
6560,18946
2667,18947
31894,18948
32535,18949
44635,18950
42092,18951
44389,18952
58275,18953
38485,18954
5259,18955
20075,18956
31893,18957
33776,18958
35470,18959
37334,18960
17949,18961
2832,18962
2555,18963
56380,18964
44637,18965
48340,18966
18207,18967
48736,18968
2230,18969
31920,18970
52656,18971
52655,18972
2876,18973
1939,18974
31896,18975
36527,18976
8927,18977
44615,18978
39951,18979
19263,18980
2199,18981
2910,18982
19275,18983
4609,18984
39953,18985
15894,18986
3246,18987
42093,18988
23519,18989
27049,18990
43996,18991
2327,18992
33152,18993
3677,18994
36793,18995
44176,18996
23696,18997
27319,18998
29752,18999
43990,19000
44734,19001
7073,19002
2243,19003
18020,19004
39956,19005
27317,19006
46312,19007
18582,19008
25677,19009
2374,19010
2986,19011
48355,19012
18587,19013
2584,19014
44391,19015
46516,19016
25979,19017
43987,19018
39957,19019
46144,19020
33889,19021
45926,19022
45136,19023
46793,19024
25980,19025
7078,19026
46940,19027
2257,19028
46954,19029
2666,19030
38420,19031
43089,19032
19886,19033
2382,19034
34552,19035
51892,19036
58447,19037
2372,19038
33271,19039
44167,19040
32332,19041
34313,19042
33890,19043
19779,19044
17639,19045
31075,19046
2900,19047
8594,19048
8674,19049
17635,19050
17115,19051
51626,19052
51627,19053
49326,19054
29118,19055
33778,19056
44114,19057
44445,19058
19777,19059
47595,19060
14601,19061
33892,19062
29932,19063
36699,19064
51643,19065
28214,19066
17116,19067
17110,19068
38023,19069
8917,19070
36564,19071
18603,19072
33992,19073
25634,19074
27346,19075
31884,19076
44000,19077
2656,19078
18584,19079
2867,19080
32544,19081
5475,19082
19436,19083
14866,19084
38052,19085
17434,19086
28435,19087
38049,19088
6838,19089
38024,19090
58939,19091
18583,19092
24819,19093
14608,19094
29929,19095
38051,19096
27380,19097
34303,19098
32534,19099
38050,19100
48352,19101
9209,19102
45117,19103
27344,19104
46074,19105
26847,19106
46792,19107
33386,19108
26209,19109
46315,19110
19820,19111
46327,19112
20062,19113
20061,19114
20073,19115
19297,19116
34305,19117
49593,19118
47611,19119
2219,19120
26345,19121
12165,19122
10606,19123
17432,19124
18606,19125
39938,19126
33775,19127
39937,19128
36941,19129
23531,19130
23576,19131
52749,19132
59270,19133
25331,19134
17452,19135
37317,19136
27339,19137
21912,19138
43568,19139
44383,19140
17437,19141
39558,19142
32743,19143
51515,19144
25620,19145
53872,19146
35217,19147
46710,19148
23516,19149
10607,19150
29119,19151
49329,19152
1584,19153
50175,19154
30148,19155
15276,19156
34304,19157
16014,19158
19258,19159
23542,19160
24642,19161
44168,19162
15662,19163
16774,19164
51890,19165
12448,19166
32835,19167
46326,19168
32837,19169
51640,19170
2259,19171
33987,19172
33373,19173
21684,19174
4601,19175
33403,19176
38048,19177
25995,19178
15859,19179
2861,19180
29914,19181
43125,19182
46547,19183
49328,19184
51577,19185
5262,19186
42583,19187
58456,19188
54665,19189
12167,19190
55324,19191
21665,19192
23549,19193
7120,19194
46125,19195
46310,19196
45295,19197
43569,19198
52751,19199
2970,19200
6566,19201
44725,19202
25655,19203
2985,19204
27318,19205
36348,19206
25615,19207
58452,19208
45112,19209
14600,19210
3737,19211
32744,19212
14612,19213
26205,19214
31078,19215
19273,19216
33869,19217
18014,19218
31932,19219
36711,19220
31931,19221
25625,19222
31882,19223
34546,19224
48239,19225
34545,19226
33724,19227
57867,19228
51656,19229
32538,19230
29917,19231
38403,19232
21689,19233
25141,19234
48535,19235
45263,19236
11140,19237
1811,19238
17431,19239
28436,19240
33990,19241
9841,19242
51644,19243
51630,19244
34558,19245
51645,19246
18456,19247
37323,19248
25936,19249
48240,19250
31883,19251
44057,19252
15928,19253
23562,19254
58454,19255
31880,19256
15442,19257
48238,19258
11139,19259
52306,19260
15853,19261
15896,19262
42582,19263
2205,19264
58453,19265
58450,19266
51647,19267
51638,19268
25943,19269
28437,19270
48247,19271
29918,19272
48242,19273
53602,19274
25400,19275
33739,19276
33738,19277
36929,19278
29749,19279
36942,19280
11141,19281
25098,19282
3214,19283
51655,19284
21682,19285
31927,19286
46309,19287
58940,19288
25650,19289
25651,19290
45294,19291
20048,19292
20047,19293
30705,19294
31926,19295
51641,19296
48244,19297
19284,19298
9357,19299
23535,19300
23585,19301
25639,19302
23523,19303
34551,19304
34547,19305
25338,19306
25303,19307
29745,19308
44728,19309
46568,19310
19286,19311
21676,19312
43967,19313
25301,19314
32477,19315
22678,19316
29923,19317
4571,19318
2285,19319
52313,19320
45286,19321
25618,19322
3134,19323
46505,19324
46706,19325
4013,19326
45159,19327
29928,19328
44724,19329
25944,19330
18015,19331
32283,19332
44723,19333
46532,19334
59272,19335
44166,19336
36357,19337
33115,19338
23513,19339
44099,19340
44100,19341
44177,19342
26000,19343
4600,19344
2266,19345
20057,19346
51323,19347
13177,19348
29470,19349
51017,19350
25977,19351
25939,19352
46689,19353
23577,19354
16992,19355
16993,19356
33777,19357
2981,19358
3335,19359
49327,19360
25675,19361
25935,19362
25324,19363
30147,19364
51883,19365
29747,19366
46897,19367
35828,19368
14604,19369
2699,19370
19251,19371
1596,19372
25309,19373
3575,19374
51884,19375
25942,19376
25941,19377
52329,19378
52871,19379
18471,19380
27343,19381
17076,19382
26860,19383
20863,19384
17073,19385
21705,19386
2267,19387
44178,19388
18026,19389
44733,19390
5271,19391
18800,19392
46708,19393
29757,19394
48006,19395
46453,19396
44170,19397
44735,19398
59329,19399
26350,19400
19971,19401
2551,19402
20074,19403
19247,19404
25135,19405
51653,19406
33881,19407
2339,19408
26856,19409
44186,19410
37326,19411
19968,19412
18458,19413
58544,19414
19289,19415
33343,19416
18452,19417
44150,19418
3436,19419
59271,19420
18997,19421
19292,19422
2975,19423
31934,19424
44152,19425
37324,19426
33780,19427
14636,19428
44163,19429
29904,19430
19973,19431
26854,19432
31852,19433
2659,19434
2979,19435
20854,19436
16760,19437
3471,19438
47989,19439
25116,19440
26351,19441
2284,19442
26338,19443
2870,19444
47610,19445
19969,19446
36900,19447
47607,19448
45237,19449
2292,19450
8921,19451
2888,19452
45224,19453
20844,19454
9778,19455
24305,19456
25125,19457
21675,19458
25127,19459
2357,19460
6843,19461
51544,19462
7110,19463
25660,19464
28440,19465
53377,19466
44378,19467
13053,19468
51639,19469
51893,19470
44169,19471
51648,19472
5609,19473
51650,19474
46507,19475
9374,19476
44161,19477
44147,19478
44148,19479
45239,19480
45243,19481
51325,19482
8627,19483
2233,19484
36345,19485
36342,19486
45225,19487
45212,19488
2293,19489
32537,19490
2235,19491
33781,19492
25402,19493
52328,19494
42830,19495
42829,19496
52679,19497
44662,19498
6779,19499
3230,19500
28432,19501
13536,19502
51649,19503
2661,19504
33727,19505
46860,19506
16779,19507
36360,19508
28271,19509
46108,19510
38039,19511
44151,19512
16776,19513
51654,19514
43965,19515
2303,19516
5272,19517
9373,19518
36895,19519
35511,19520
45709,19521
16762,19522
42828,19523
45333,19524
28428,19525
44149,19526
20852,19527
26333,19528
18467,19529
2302,19530
2275,19531
2554,19532
46688,19533
14607,19534
9358,19535
23537,19536
42024,19537
33726,19538
50967,19539
36809,19540
28977,19541
58545,19542
51633,19543
37327,19544
2585,19545
35521,19546
1569,19547
22655,19548
23543,19549
17531,19550
11142,19551
8684,19552
56668,19553
25863,19554
45172,19555
2880,19556
52638,19557
59280,19558
57888,19559
2889,19560
8920,19561
46338,19562
17067,19563
44146,19564
29748,19565
26349,19566
2553,19567
17642,19568
36896,19569
49473,19570
20067,19571
37310,19572
51651,19573
53603,19574
14631,19575
53604,19576
13056,19577
25329,19578
25330,19579
47995,19580
51661,19581
28215,19582
44106,19583
26202,19584
52325,19585
17637,19586
37315,19587
54676,19588
1812,19589
16783,19590
1587,19591
58449,19592
59253,19593
45251,19594
3503,19595
29758,19596
17636,19597
36707,19598
25328,19599
36933,19600
41050,19601
51628,19602
3635,19603
16772,19604
25143,19605
26004,19606
22822,19607
25940,19608
16785,19609
39489,19610
9696,19611
25662,19612
45272,19613
51636,19614
27338,19615
51637,19616
28578,19617
33770,19618
35915,19619
25681,19620
3340,19621
17106,19622
7083,19623
17638,19624
25614,19625
53597,19626
45230,19627
26332,19628
58547,19629
22539,19630
17104,19631
45229,19632
17105,19633
51688,19634
16761,19635
29750,19636
23584,19637
51889,19638
28230,19639
45160,19640
45228,19641
25401,19642
58935,19643
17109,19644
17107,19645
36347,19646
26855,19647
16759,19648
2548,19649
53594,19650
53595,19651
58829,19652
59218,19653
53605,19654
25751,19655
33878,19656
25752,19657
28220,19658
51624,19659
29908,19660
23587,19661
51623,19662
1581,19663
5223,19664
32331,19665
2651,19666
25308,19667
52074,19668
8641,19669
17459,19670
52316,19671
2877,19672
1794,19673
37308,19674
8746,19675
48241,19676
4608,19677
25302,19678
49324,19679
2831,19680
46449,19681
23597,19682
11862,19683
3248,19684
23588,19685
25300,19686
8924,19687
3825,19688
44619,19689
14606,19690
25748,19691
25746,19692
28429,19693
26437,19694
18056,19695
25749,19696
2547,19697
23538,19698
18457,19699
36654,19700
21688,19701
28268,19702
51629,19703
47579,19704
39712,19705
58444,19706
51538,19707
17441,19708
7080,19709
7079,19710
51541,19711
58937,19712
58532,19713
24805,19714
29933,19715
21679,19716
25420,19717
35134,19718
2899,19719
2364,19720
25171,19721
36653,19722
19442,19723
22683,19724
25654,19725
21701,19726
59178,19727
52317,19728
53148,19729
18996,19730
43185,19731
42078,19732
16775,19733
27321,19734
46490,19735
33729,19736
37322,19737
30121,19738
5876,19739
39485,19740
52320,19741
52318,19742
18013,19743
1550,19744
14837,19745
3175,19746
1766,19747
23610,19748
56770,19749
29510,19750
28263,19751
46691,19752
27253,19753
28267,19754
17064,19755
54652,19756
28427,19757
24306,19758
28219,19759
23609,19760
44616,19761
23508,19762
35138,19763
46104,19764
23564,19765
12439,19766
12440,19767
56339,19768
31968,19769
51621,19770
20841,19771
56769,19772
26853,19773
2264,19774
23575,19775
58831,19776
23527,19777
4517,19778
18998,19779
36343,19780
43102,19781
28431,19782
45203,19783
28231,19784
46714,19785
51906,19786
25335,19787
46750,19788
2549,19789
58828,19790
23580,19791
43103,19792
16932,19793
15654,19794
50394,19795
36894,19796
57263,19797
26738,19798
1795,19799
25985,19800
36669,19801
12441,19802
46450,19803
5217,19804
58530,19805
46515,19806
23581,19807
28430,19808
28236,19809
52326,19810
8387,19811
2220,19812
18453,19813
43360,19814
46334,19815
43359,19816
23598,19817
28234,19818
17037,19819
26208,19820
3469,19821
44980,19822
43147,19823
52327,19824
2825,19825
19939,19826
27803,19827
34283,19828
54646,19829
51635,19830
53777,19831
28233,19832
8686,19833
14724,19834
27461,19835
39487,19836
33440,19837
23583,19838
53727,19839
17963,19840
12164,19841
15631,19842
27403,19843
33439,19844
28264,19845
27047,19846
45355,19847
58445,19848
28269,19849
19743,19850
19741,19851
23560,19852
4646,19853
23528,19854
18901,19855
18904,19856
53147,19857
12169,19858
18459,19859
49355,19860
51511,19861
59259,19862
58934,19863
59281,19864
18461,19865
51539,19866
44440,19867
58536,19868
33728,19869
23582,19870
51660,19871
52636,19872
34280,19873
26734,19874
27335,19875
21014,19876
2912,19877
43188,19878
4617,19879
16781,19880
58528,19881
29909,19882
27404,19883
33731,19884
33730,19885
3228,19886
35466,19887
23602,19888
51622,19889
2647,19890
21240,19891
28266,19892
45173,19893
51632,19894
51625,19895
14629,19896
31066,19897
47002,19898
29744,19899
2488,19900
35133,19901
25100,19902
36426,19903
29760,19904
29759,19905
23517,19906
32861,19907
57866,19908
2605,19909
17108,19910
23607,19911
58542,19912
25656,19913
28275,19914
25670,19915
54667,19916
45139,19917
52322,19918
29910,19919
21678,19920
46323,19921
2274,19922
47238,19923
2058,19924
52661,19925
46335,19926
23547,19927
54489,19928
26001,19929
34297,19930
54488,19931
8653,19932
18460,19933
3237,19934
26783,19935
46491,19936
8639,19937
58535,19938
2655,19939
56771,19940
23605,19941
17730,19942
8689,19943
28237,19944
23544,19945
28580,19946
42143,19947
57471,19948
33378,19949
30714,19950
34256,19951
8687,19952
29746,19953
28265,19954
1592,19955
23615,19956
8649,19957
19296,19958
1925,19959
44949,19960
18028,19961
54072,19962
46476,19963
43104,19964
36708,19965
3043,19966
29949,19967
15286,19968
40168,19969
18455,19970
28583,19971
28584,19972
26203,19973
29946,19974
46702,19975
2498,19976
21704,19977
50046,19978
50047,19979
44257,19980
2356,19981
23556,19982
17144,19983
58534,19984
32539,19985
14145,19986
25628,19987
53601,19988
34933,19989
45164,19990
47573,19991
52324,19992
33700,19993
34282,19994
45670,19995
52323,19996
52641,19997
28222,19998
25665,19999
26627,20000
35090,20001
36893,20002
26737,20003
27400,20004
28274,20005
21677,20006
2786,20007
17419,20008
29948,20009
26665,20010
37328,20011
22234,20012
45177,20013
46705,20014
33229,20015
38741,20016
4606,20017
45146,20018
51881,20019
43340,20020
50045,20021
44821,20022
27385,20023
13530,20024
23606,20025
17457,20026
27763,20027
2362,20028
2262,20029
58827,20030
43149,20031
33450,20032
51620,20033
37876,20034
31835,20035
54823,20036
51634,20037
42082,20038
17435,20039
28441,20040
7086,20041
2270,20042
19902,20043
8658,20044
3252,20045
23546,20046
52671,20047
28254,20048
15644,20049
21263,20050
45155,20051
58522,20052
37320,20053
23552,20054
4842,20055
34274,20056
45285,20057
1635,20058
37952,20059
20050,20060
13531,20061
35194,20062
37951,20063
39888,20064
23603,20065
52686,20066
26339,20067
20060,20068
59217,20069
45158,20070
1657,20071
40163,20072
59269,20073
43339,20074
8614,20075
20691,20076
26340,20077
45163,20078
57876,20079
2550,20080
26344,20081
45165,20082
46530,20083
49322,20084
3251,20085
2828,20086
52653,20087
1582,20088
2830,20089
2872,20090
28579,20091
44979,20092
33430,20093
33431,20094
52643,20095
25998,20096
4607,20097
18054,20098
18052,20099
26330,20100
26335,20101
18053,20102
1814,20103
27962,20104
1813,20105
23524,20106
2546,20107
50392,20108
51652,20109
35089,20110
26733,20111
51932,20112
1929,20113
46519,20114
27739,20115
25129,20116
43200,20117
13977,20118
35898,20119
4614,20120
28434,20121
2572,20122
26186,20123
8694,20124
2654,20125
17455,20126
40502,20127
43357,20128
51931,20129
21438,20130
45143,20131
17069,20132
5269,20133
9218,20134
52690,20135
20714,20136
31063,20137
44179,20138
22821,20139
29977,20140
30983,20141
53609,20142
37259,20143
2333,20144
32029,20145
32526,20146
44720,20147
24493,20148
29981,20149
2249,20150
47608,20151
20051,20152
8700,20153
39969,20154
2558,20155
20052,20156
39491,20157
27386,20158
19388,20159
1731,20160
46077,20161
1915,20162
52678,20163
12484,20164
26851,20165
27821,20166
40472,20167
51663,20168
58941,20169
45190,20170
45189,20171
51687,20172
2056,20173
32529,20174
51659,20175
21706,20176
26346,20177
26347,20178
28433,20179
32540,20180
2090,20181
54385,20182
31879,20183
22926,20184
45140,20185
58832,20186
20046,20187
2057,20188
29761,20189
26850,20190
55533,20191
28581,20192
2964,20193
35182,20194
29762,20195
28252,20196
18010,20197
46308,20198
52695,20199
49321,20200
16777,20201
25683,20202
51896,20203
45299,20204
1555,20205
53140,20206
51678,20207
29915,20208
35193,20209
53372,20210
46328,20211
26206,20212
25104,20213
33887,20214
50401,20215
31237,20216
44274,20217
2378,20218
52987,20219
17417,20220
27304,20221
17436,20222
23287,20223
43184,20224
53139,20225
25334,20226
33732,20227
39983,20228
36813,20229
17421,20230
2222,20231
4847,20232
28247,20233
39900,20234
21914,20235
22940,20236
28582,20237
2826,20238
26328,20239
28284,20240
7081,20241
49877,20242
21439,20243
59291,20244
3253,20245
35093,20246
3472,20247
2213,20248
25327,20249
44730,20250
32532,20251
50393,20252
25627,20253
52665,20254
31878,20255
50400,20256
2967,20257
2812,20258
51938,20259
51939,20260
8695,20261
44259,20262
19764,20263
1730,20264
16771,20265
37314,20266
2834,20267
27399,20268
50209,20269
3710,20270
50784,20271
45174,20272
7082,20273
58523,20274
35687,20275
9675,20276
44182,20277
52676,20278
28251,20279
45091,20280
28253,20281
21922,20282
3256,20283
2966,20284
22657,20285
32361,20286
21709,20287
44998,20288
53890,20289
50402,20290
8386,20291
28181,20292
45175,20293
1936,20294
28250,20295
26343,20296
53129,20297
4603,20298
21666,20299
20711,20300
39932,20301
8683,20302
1554,20303
51686,20304
24649,20305
2664,20306
45021,20307
33396,20308
31860,20309
58926,20310
18454,20311
45226,20312
54387,20313
50211,20314
36036,20315
33865,20316
23570,20317
36462,20318
29922,20319
17426,20320
3473,20321
26329,20322
53373,20323
53133,20324
38043,20325
45206,20326
25768,20327
45162,20328
3576,20329
39190,20330
38026,20331
25757,20332
44711,20333
25326,20334
8831,20335
8616,20336
54645,20337
25779,20338
11743,20339
36035,20340
24629,20341
3577,20342
53873,20343
44715,20344
44817,20345
45044,20346
37288,20347
46995,20348
50204,20349
45711,20350
43005,20351
45144,20352
51898,20353
50406,20354
19208,20355
45045,20356
2821,20357
2283,20358
33870,20359
59213,20360
22646,20361
53889,20362
45167,20363
9216,20364
44729,20365
32542,20366
58272,20367
29094,20368
8389,20369
45191,20370
25661,20371
2046,20372
47965,20373
38027,20374
59286,20375
57937,20376
40556,20377
39062,20378
25789,20379
51676,20380
21264,20381
17032,20382
8394,20383
45217,20384
45218,20385
45219,20386
2669,20387
45214,20388
53708,20389
58823,20390
50388,20391
46332,20392
51900,20393
27086,20394
23810,20395
25311,20396
25310,20397
36037,20398
57794,20399
2122,20400
51693,20401
51667,20402
2590,20403
30084,20404
40526,20405
45288,20406
20068,20407
39484,20408
26743,20409
53892,20410
25605,20411
3470,20412
59224,20413
53452,20414
2225,20415
2296,20416
46734,20417
23586,20418
45022,20419
57518,20420
36038,20421
43354,20422
43352,20423
43356,20424
7101,20425
53825,20426
23613,20427
39025,20428
36714,20429
26690,20430
40557,20431
40558,20432
51026,20433
25782,20434
8412,20435
10747,20436
54643,20437
26731,20438
25783,20439
53888,20440
18012,20441
44999,20442
24605,20443
29924,20444
4605,20445
39486,20446
37325,20447
26747,20448
20072,20449
19434,20450
58821,20451
29930,20452
2349,20453
45161,20454
22667,20455
11478,20456
52688,20457
45343,20458
17530,20459
30722,20460
38029,20461
59274,20462
48004,20463
29978,20464
27482,20465
17420,20466
59277,20467
2269,20468
35913,20469
52650,20470
4582,20471
2301,20472
36049,20473
51672,20474
1579,20475
23614,20476
41047,20477
51324,20478
45188,20479
45208,20480
45257,20481
55654,20482
46094,20483
17422,20484
22647,20485
38132,20486
36710,20487
38129,20488
33888,20489
20715,20490
29919,20491
45207,20492
40560,20493
59275,20494
1798,20495
2297,20496
29912,20497
4610,20498
59214,20499
7121,20500
2814,20501
44997,20502
57879,20503
59279,20504
50783,20505
57864,20506
24664,20507
55516,20508
4533,20509
2833,20510
39521,20511
51671,20512
57936,20513
55518,20514
43341,20515
52659,20516
52660,20517
38144,20518
36898,20519
40302,20520
41044,20521
57012,20522
59239,20523
26334,20524
2890,20525
56947,20526
29997,20527
53564,20528
8671,20529
23475,20530
58538,20531
26342,20532
29916,20533
23484,20534
1577,20535
35654,20536
29988,20537
53570,20538
34619,20539
52691,20540
3235,20541
17950,20542
2869,20543
23468,20544
59244,20545
33956,20546
9780,20547
38038,20548
45209,20549
46331,20550
23466,20551
1807,20552
21924,20553
35917,20554
1658,20555
48036,20556
46423,20557
59014,20558
35092,20559
22645,20560
34259,20561
29931,20562
35912,20563
23526,20564
50405,20565
32848,20566
48015,20567
48014,20568
50035,20569
25763,20570
25772,20571
59222,20572
25766,20573
25773,20574
2228,20575
36899,20576
6844,20577
51916,20578
1634,20579
44870,20580
53571,20581
44716,20582
6845,20583
57253,20584
17449,20585
34257,20586
46333,20587
38031,20588
25792,20589
26214,20590
2231,20591
26212,20592
54649,20593
8682,20594
30059,20595
33902,20596
45211,20597
45205,20598
4865,20599
25794,20600
30057,20601
45187,20602
23479,20603
19910,20604
25337,20605
23465,20606
27449,20607
49876,20608
2247,20609
59104,20610
26199,20611
45185,20612
52657,20613
1973,20614
46100,20615
46788,20616
35077,20617
17453,20618
35062,20619
2820,20620
14863,20621
25793,20622
25791,20623
25769,20624
33893,20625
45192,20626
52692,20627
29911,20628
1614,20629
51669,20630
46786,20631
1922,20632
57010,20633
26331,20634
45198,20635
45200,20636
29907,20637
29925,20638
45199,20639
45197,20640
45193,20641
45195,20642
8401,20643
25777,20644
59268,20645
25784,20646
25788,20647
25587,20648
45194,20649
4856,20650
45196,20651
36048,20652
32541,20653
51705,20654
8400,20655
25602,20656
2822,20657
41141,20658
25872,20659
24850,20660
42585,20661
31901,20662
46115,20663
43166,20664
23471,20665
42877,20666
58830,20667
59103,20668
45042,20669
51004,20670
23467,20671
7124,20672
1999,20673
32628,20674
45023,20675
50234,20676
59396,20677
23472,20678
43355,20679
2361,20680
36128,20681
23469,20682
41043,20683
20055,20684
56627,20685
54678,20686
23485,20687
17430,20688
30047,20689
49515,20690
44404,20691
48038,20692
46337,20693
23473,20694
25336,20695
35902,20696
37297,20697
36926,20698
49878,20699
8663,20700
29921,20701
14862,20702
29939,20703
17533,20704
46418,20705
17015,20706
50404,20707
36127,20708
8139,20709
58822,20710
59226,20711
25110,20712
25112,20713
21351,20714
21352,20715
23572,20716
48017,20717
51566,20718
1654,20719
2827,20720
52693,20721
51762,20722
53753,20723
24233,20724
36660,20725
29927,20726
23481,20727
51536,20728
30050,20729
23534,20730
19150,20731
30535,20732
25613,20733
36047,20734
34842,20735
36053,20736
57740,20737
9569,20738
9570,20739
43565,20740
51706,20741
11074,20742
29941,20743
40528,20744
46787,20745
57742,20746
57675,20747
51761,20748
57741,20749
50508,20750
26213,20751
35078,20752
7087,20753
29906,20754
36052,20755
38037,20756
51760,20757
23480,20758
1931,20759
46290,20760
49475,20761
23483,20762
36050,20763
36054,20764
23594,20765
40051,20766
56306,20767
57205,20768
23487,20769
57284,20770
23462,20771
3225,20772
21358,20773
53386,20774
28973,20775
26696,20776
33877,20777
23804,20778
33874,20779
45134,20780
1590,20781
7085,20782
53702,20783
36051,20784
29950,20785
47012,20786
38042,20787
10840,20788
59390,20789
33526,20790
33527,20791
53752,20792
39029,20793
56276,20794
46336,20795
30046,20796
10783,20797
36897,20798
29951,20799
29926,20800
10610,20801
19206,20802
57290,20803
32365,20804
46092,20805
52694,20806
7568,20807
51730,20808
46118,20809
15993,20810
36113,20811
24237,20812
33468,20813
37330,20814
15328,20815
39030,20816
51528,20817
4180,20818
36674,20819
49516,20820
47560,20821
21258,20822
2062,20823
58825,20824
7500,20825
54805,20826
35923,20827
23478,20828
35590,20829
36676,20830
3255,20831
57209,20832
30052,20833
23551,20834
23555,20835
38139,20836
36119,20837
51204,20838
17439,20839
1644,20840
35173,20841
32346,20842
57853,20843
59761,20844
2097,20845
39366,20846
2610,20847
30563,20848
26341,20849
26194,20850
7742,20851
36695,20852
48046,20853
1963,20854
13972,20855
57213,20856
56271,20857
43199,20858
1609,20859
52633,20860
38155,20861
2052,20862
1571,20863
38032,20864
58567,20865
25594,20866
55655,20867
51205,20868
21830,20869
56307,20870
36670,20871
33230,20872
23601,20873
56275,20874
33927,20875
51376,20876
30029,20877
31849,20878
51374,20879
46564,20880
25111,20881
45168,20882
26007,20883
56272,20884
45252,20885
2817,20886
59261,20887
54829,20888
2315,20889
36705,20890
45235,20891
19148,20892
51701,20893
28991,20894
2061,20895
31858,20896
38544,20897
51375,20898
2309,20899
36696,20900
24846,20901
23893,20902
8613,20903
58525,20904
45293,20905
49490,20906
35918,20907
21647,20908
25674,20909
45908,20910
9680,20911
30048,20912
46455,20913
45141,20914
17451,20915
2208,20916
22686,20917
40432,20918
58277,20919
50181,20920
38046,20921
38041,20922
45131,20923
52634,20924
52622,20925
2824,20926
47857,20927
25593,20928
50010,20929
51517,20930
21944,20931
23604,20932
8660,20933
53563,20934
57770,20935
57872,20936
51696,20937
28255,20938
1627,20939
2217,20940
59160,20941
33908,20942
38154,20943
59287,20944
28069,20945
30695,20946
25679,20947
54031,20948
29938,20949
51707,20950
46314,20951
45254,20952
47015,20953
3254,20954
38134,20955
57772,20956
18021,20957
21909,20958
28976,20959
48023,20960
39374,20961
56417,20962
5226,20963
52520,20964
6071,20965
30037,20966
45321,20967
9677,20968
53562,20969
35903,20970
53561,20971
56248,20972
28972,20973
22361,20974
45258,20975
54677,20976
35402,20977
27479,20978
59012,20979
14864,20980
37316,20981
2823,20982
45137,20983
43194,20984
51206,20985
26198,20986
27691,20987
29913,20988
53141,20989
36614,20990
31061,20991
39964,20992
45253,20993
26196,20994
50579,20995
50442,20996
33532,20997
2120,20998
2591,20999
45249,21000
36055,21001
47617,21002
29781,21003
56419,21004
39375,21005
53628,21006
32335,21007
4593,21008
25598,21009
2295,21010
18370,21011
47619,21012
45080,21013
58526,21014
25991,21015
17448,21016
25987,21017
39376,21018
55657,21019
50000,21020
8647,21021
45032,21022
54341,21023
1796,21024
51516,21025
26197,21026
44572,21027
24186,21028
30038,21029
2216,21030
2214,21031
51003,21032
39377,21033
56662,21034
33686,21035
43218,21036
50001,21037
50455,21038
45025,21039
54177,21040
20480,21041
6144,21042
54340,21043
1793,21044
49514,21045
27311,21046
11742,21047
45261,21048
5225,21049
54580,21050
25671,21051
2316,21052
25673,21053
52548,21054
30040,21055
47927,21056
59292,21057
54807,21058
55335,21059
23265,21060
41034,21061
53387,21062
21259,21063
27451,21064
57630,21065
55586,21066
21173,21067
4841,21068
54577,21069
55584,21070
50763,21071
55585,21072
8311,21073
28974,21074
56319,21075
33694,21076
33693,21077
25345,21078
30186,21079
38010,21080
55545,21081
46492,21082
50448,21083
55292,21084
30036,21085
45268,21086
50452,21087
57615,21088
54578,21089
1946,21090
23113,21091
54616,21092
21356,21093
50202,21094
24725,21095
17456,21096
55638,21097
17447,21098
17446,21099
17418,21100
50578,21101
2278,21102
10297,21103
38151,21104
3578,21105
33901,21106
59076,21107
21359,21108
51725,21109
54576,21110
20928,21111
55544,21112
15882,21113
55547,21114
17443,21115
30060,21116
45895,21117
9485,21118
50007,21119
51320,21120
50006,21121
21661,21122
50005,21123
50581,21124
3257,21125
20965,21126
53783,21127
38966,21128
7499,21129
1164,21130
59128,21131
1662,21132
54579,21133
25720,21134
51514,21135
47627,21136
51361,21137
40563,21138
49870,21139
46553,21140
7515,21141
55540,21142
4585,21143
21916,21144
41035,21145
1935,21146
5219,21147
55783,21148
35818,21149
33894,21150
1626,21151
46441,21152
26852,21153
48010,21154
58241,21155
50440,21156
59075,21157
49517,21158
50461,21159
4868,21160
4869,21161
39444,21162
2119,21163
36662,21164
59185,21165
27381,21166
53142,21167
53629,21168
50456,21169
43567,21170
8391,21171
35900,21172
17461,21173
59052,21174
10830,21175
33687,21176
52652,21177
36056,21178
51055,21179
38128,21180
44659,21181
13380,21182
39361,21183
53575,21184
21284,21185
57390,21186
18332,21187
48085,21188
48791,21189
1645,21190
35905,21191
54342,21192
47616,21193
26458,21194
15883,21195
51526,21196
59147,21197
58960,21198
59077,21199
40530,21200
45213,21201
41029,21202
51934,21203
2587,21204
45215,21205
47597,21206
50044,21207
41352,21208
44981,21209
53363,21210
49982,21211
2586,21212
50231,21213
45210,21214
38235,21215
1930,21216
1613,21217
51561,21218
45020,21219
55551,21220
50176,21221
6302,21222
45186,21223
10114,21224
2265,21225
2279,21226
41030,21227
5260,21228
13052,21229
16937,21230
27074,21231
2577,21232
57262,21233
2576,21234
39147,21235
27327,21236
33535,21237
31821,21238
8646,21239
56071,21240
56260,21241
21829,21242
51369,21243
29936,21244
45374,21245
44722,21246
25388,21247
48009,21248
1950,21249
4986,21250
28232,21251
24234,21252
50185,21253
22963,21254
3581,21255
2358,21256
4882,21257
50525,21258
45006,21259
57756,21260
53384,21261
54188,21262
45216,21263
10829,21264
29935,21265
50161,21266
51006,21267
9543,21268
25266,21269
25590,21270
49958,21271
15385,21272
37329,21273
47589,21274
7202,21275
53990,21276
52589,21277
45376,21278
8125,21279
25755,21280
14484,21281
39015,21282
54346,21283
58182,21284
31474,21285
25754,21286
25999,21287
56313,21288
46474,21289
28554,21290
10470,21291
38028,21292
18945,21293
46117,21294
49501,21295
36703,21296
54734,21297
47590,21298
49356,21299
23073,21300
46498,21301
39965,21302
51537,21303
28144,21304
47977,21305
25666,21306
5227,21307
6782,21308
33862,21309
51562,21310
59051,21311
51918,21312
49959,21313
28988,21314
56410,21315
56340,21316
28555,21317
23072,21318
51919,21319
39534,21320
28987,21321
28367,21322
10054,21323
2006,21324
49957,21325
9788,21326
2053,21327
54955,21328
50036,21329
35421,21330
35420,21331
33692,21332
24809,21333
53911,21334
46563,21335
29942,21336
32334,21337
1808,21338
45220,21339
17433,21340
55539,21341
51363,21342
24775,21343
53583,21344
51530,21345
35587,21346
26187,21347
58183,21348
43366,21349
28124,21350
32362,21351
36057,21352
8623,21353
53907,21354
53784,21355
50002,21356
9870,21357
57139,21358
23099,21359
36123,21360
36058,21361
45204,21362
17445,21363
55538,21364
50009,21365
26625,21366
51513,21367
55086,21368
59436,21369
38211,21370
27342,21371
18757,21372
54598,21373
28348,21374
28043,21375
45108,21376
42090,21377
25601,21378
47542,21379
33536,21380
2059,21381
37463,21382
35897,21383
29934,21384
45156,21385
57073,21386
45107,21387
49956,21388
32429,21389
29940,21390
57838,21391
54865,21392
56660,21393
21260,21394
16943,21395
28975,21396
53458,21397
58180,21398
45372,21399
58962,21400
28966,21401
38126,21402
55087,21403
57880,21404
58273,21405
54327,21406
10458,21407
45145,21408
49364,21409
4595,21410
56882,21411
46438,21412
1883,21413
57236,21414
56330,21415
50526,21416
57198,21417
21156,21418
11921,21419
22322,21420
50008,21421
35360,21422
58975,21423
42069,21424
9865,21425
26434,21426
54325,21427
27503,21428
43372,21429
22321,21430
37209,21431
8253,21432
53457,21433
32046,21434
14121,21435
57484,21436
39492,21437
29943,21438
2314,21439
51512,21440
50188,21441
57939,21442
43566,21443
49948,21444
5125,21445
39493,21446
56679,21447
49406,21448
7512,21449
2273,21450
53942,21451
25597,21452
45201,21453
13700,21454
24703,21455
7574,21456
45884,21457
9993,21458
43422,21459
45171,21460
49949,21461
58250,21462
28992,21463
28980,21464
55402,21465
53378,21466
53367,21467
2963,21468
1802,21469
55400,21470
55399,21471
8252,21472
51785,21473
56879,21474
56880,21475
20827,21476
56883,21477
24236,21478
7743,21479
14114,21480
50507,21481
25983,21482
28986,21483
51719,21484
29944,21485
29945,21486
24845,21487
19975,21488
53615,21489
25238,21490
57859,21491
43367,21492
53616,21493
45255,21494
43363,21495
56289,21496
9773,21497
21915,21498
45672,21499
46998,21500
32836,21501
56787,21502
59437,21503
15903,21504
2564,21505
45296,21506
56238,21507
38125,21508
29209,21509
53439,21510
25016,21511
15193,21512
43023,21513
49509,21514
1934,21515
55492,21516
55489,21517
55493,21518
47916,21519
55494,21520
55522,21521
55496,21522
17450,21523
55498,21524
55495,21525
43337,21526
28978,21527
3464,21528
38025,21529
43335,21530
43336,21531
54601,21532
27457,21533
45322,21534
57242,21535
51704,21536
28989,21537
58256,21538
49513,21539
53613,21540
42028,21541
8958,21542
51829,21543
55650,21544
58178,21545
45338,21546
45019,21547
38963,21548
32914,21549
55306,21550
51553,21551
57237,21552
27340,21553
39921,21554
6900,21555
45103,21556
2582,21557
2580,21558
43655,21559
9579,21560
2578,21561
52529,21562
50998,21563
25596,21564
50977,21565
50966,21566
28984,21567
53371,21568
49250,21569
55523,21570
55521,21571
55520,21572
12543,21573
51330,21574
12579,21575
43364,21576
47432,21577
5874,21578
49488,21579
4875,21580
44992,21581
53747,21582
51579,21583
25353,21584
31848,21585
53376,21586
33709,21587
23541,21588
12578,21589
39014,21590
31196,21591
54400,21592
58177,21593
45323,21594
25333,21595
41910,21596
2310,21597
24229,21598
2044,21599
42740,21600
55110,21601
55111,21602
45371,21603
25232,21604
52415,21605
59082,21606
2298,21607
1638,21608
2025,21609
45178,21610
32620,21611
18451,21612
26705,21613
53871,21614
45179,21615
9996,21616
9997,21617
9998,21618
10002,21619
10000,21620
10016,21621
10053,21622
10001,21623
9999,21624
9995,21625
49987,21626
2026,21627
53896,21628
39535,21629
13259,21630
44008,21631
39365,21632
13248,21633
13246,21634
13345,21635
12217,21636
13300,21637
13263,21638
13264,21639
57080,21640
13331,21641
13336,21642
13294,21643
53131,21644
52623,21645
48494,21646
37292,21647
57993,21648
57215,21649
55517,21650
37303,21651
8620,21652
38577,21653
8388,21654
53756,21655
45102,21656
59188,21657
49502,21658
56299,21659
57216,21660
1938,21661
52412,21662
28985,21663
57093,21664
38983,21665
7535,21666
37197,21667
24666,21668
42692,21669
55097,21670
53653,21671
2111,21672
15881,21673
53776,21674
21290,21675
49481,21676
54548,21677
23809,21678
37291,21679
58179,21680
19914,21681
39963,21682
25588,21683
55334,21684
25609,21685
56422,21686
59187,21687
56389,21688
56390,21689
47299,21690
17424,21691
19915,21692
57349,21693
50012,21694
22663,21695
56980,21696
1805,21697
12213,21698
53611,21699
14319,21700
7017,21701
55326,21702
57068,21703
43852,21704
53614,21705
56298,21706
8254,21707
50965,21708
45963,21709
57074,21710
57211,21711
39959,21712
44655,21713
19177,21714
46420,21715
58191,21716
16901,21717
45264,21718
59212,21719
21288,21720
54712,21721
58282,21722
52416,21723
17444,21724
19725,21725
39530,21726
49249,21727
53619,21728
33402,21729
8228,21730
56277,21731
57467,21732
53766,21733
49461,21734
59131,21735
36262,21736
51910,21737
56279,21738
28610,21739
8642,21740
21917,21741
10588,21742
2306,21743
55112,21744
2280,21745
42594,21746
53612,21747
36796,21748
54909,21749
9984,21750
1943,21751
20196,21752
57282,21753
50011,21754
47868,21755
1924,21756
39511,21757
19564,21758
46419,21759
56393,21760
54036,21761
10463,21762
25610,21763
44993,21764
54068,21765
1615,21766
21911,21767
9994,21768
46082,21769
49983,21770
53659,21771
32143,21772
18903,21773
3313,21774
12765,21775
51911,21776
16813,21777
9755,21778
4798,21779
45377,21780
58165,21781
4604,21782
54827,21783
33704,21784
59097,21785
58166,21786
54602,21787
1852,21788
8716,21789
32028,21790
45016,21791
32845,21792
21577,21793
42595,21794
21283,21795
9759,21796
5439,21797
17442,21798
53767,21799
51905,21800
38777,21801
53364,21802
53735,21803
51679,21804
54186,21805
10426,21806
57863,21807
45344,21808
59315,21809
53631,21810
38195,21811
38208,21812
42703,21813
19408,21814
9760,21815
33699,21816
54479,21817
51784,21818
51715,21819
40415,21820
58925,21821
29104,21822
51714,21823
56286,21824
13669,21825
56415,21826
15576,21827
51721,21828
9714,21829
15577,21830
51677,21831
15570,21832
15571,21833
15572,21834
15575,21835
57811,21836
11286,21837
15574,21838
15573,21839
9758,21840
37208,21841
53596,21842
20076,21843
54202,21844
37298,21845
2092,21846
53461,21847
21275,21848
21274,21849
11341,21850
8100,21851
20687,21852
57812,21853
21273,21854
28912,21855
17766,21856
48458,21857
28139,21858
24216,21859
39405,21860
9761,21861
53812,21862
55307,21863
51913,21864
10451,21865
10461,21866
39972,21867
51724,21868
59132,21869
17919,21870
42076,21871
58284,21872
58283,21873
55350,21874
47111,21875
54603,21876
51716,21877
51912,21878
55321,21879
53593,21880
28347,21881
50777,21882
10460,21883
51720,21884
56293,21885
31854,21886
57767,21887
2125,21888
26466,21889
55315,21890
15850,21891
2041,21892
51904,21893
56280,21894
2098,21895
54604,21896
51697,21897
7747,21898
55396,21899
28152,21900
57749,21901
58491,21902
57943,21903
12895,21904
10296,21905
2040,21906
39920,21907
59122,21908
9763,21909
53660,21910
36917,21911
40325,21912
51002,21913
4751,21914
44925,21915
53361,21916
23826,21917
58257,21918
53734,21919
56253,21920
57761,21921
50146,21922
39020,21923
37296,21924
25264,21925
34082,21926
8482,21927
58820,21928
29031,21929
56252,21930
19024,21931
50189,21932
56273,21933
31845,21934
35909,21935
17980,21936
17042,21937
46727,21938
35531,21939
37294,21940
35908,21941
55316,21942
54572,21943
55314,21944
8691,21945
2099,21946
15702,21947
36672,21948
2589,21949
58184,21950
37299,21951
35907,21952
2109,21953
23056,21954
11462,21955
45248,21956
31800,21957
38143,21958
57947,21959
28422,21960
58928,21961
46585,21962
1884,21963
30204,21964
13468,21965
50708,21966
57393,21967
24741,21968
29772,21969
57336,21970
53785,21971
57517,21972
25591,21973
20961,21974
46510,21975
44107,21976
48499,21977
22930,21978
51668,21979
28946,21980
3465,21981
43055,21982
33691,21983
2102,21984
10605,21985
46737,21986
43054,21987
58977,21988
29235,21989
20303,21990
50186,21991
30551,21992
30550,21993
53362,21994
20309,21995
52574,21996
53462,21997
20332,21998
28120,21999
40300,22000
40301,22001
57340,22002
20374,22003
32364,22004
38214,22005
46447,22006
38221,22007
55445,22008
39495,22009
43124,22010
36658,22011
43679,22012
10567,22013
23913,22014
10577,22015
32637,22016
10575,22017
31231,22018
57330,22019
39146,22020
54573,22021
9757,22022
35785,22023
57052,22024
55447,22025
55448,22026
57348,22027
29937,22028
58508,22029
45298,22030
51365,22031
27956,22032
36790,22033
2096,22034
47643,22035
43675,22036
7556,22037
57344,22038
23561,22039
45270,22040
58186,22041
2124,22042
24835,22043
55519,22044
43051,22045
55118,22046
4874,22047
14158,22048
55451,22049
45635,22050
10447,22051
31189,22052
46379,22053
13343,22054
54305,22055
52609,22056
13114,22057
38206,22058
50430,22059
17425,22060
10828,22061
2101,22062
57617,22063
42026,22064
8595,22065
44379,22066
23545,22067
41360,22068
28135,22069
50429,22070
54804,22071
50428,22072
56240,22073
54836,22074
30526,22075
55444,22076
55446,22077
57345,22078
40307,22079
50995,22080
2311,22081
51827,22082
16957,22083
35925,22084
51680,22085
51683,22086
59874,22087
38232,22088
46997,22089
46495,22090
28042,22091
55450,22092
55449,22093
57619,22094
10467,22095
27341,22096
55491,22097
55487,22098
38224,22099
17489,22100
55398,22101
55497,22102
55488,22103
55490,22104
51670,22105
51662,22106
58172,22107
51914,22108
16962,22109
55500,22110
44863,22111
58187,22112
17029,22113
55499,22114
51778,22115
57624,22116
6867,22117
2054,22118
38215,22119
53369,22120
28979,22121
28308,22122
18953,22123
7565,22124
2050,22125
57007,22126
7971,22127
55231,22128
55230,22129
55232,22130
2100,22131
58521,22132
56423,22133
1728,22134
44657,22135
2114,22136
22204,22137
8699,22138
15209,22139
54946,22140
53370,22141
51666,22142
27419,22143
33515,22144
22932,22145
57623,22146
56300,22147
8690,22148
1790,22149
36066,22150
57054,22151
30472,22152
57053,22153
27328,22154
55560,22155
27518,22156
57621,22157
59087,22158
8600,22159
59068,22160
57006,22161
53764,22162
51000,22163
8598,22164
32349,22165
2113,22166
4775,22167
4612,22168
32449,22169
59133,22170
57887,22171
10569,22172
33530,22173
22929,22174
54686,22175
55975,22176
1788,22177
58161,22178
43983,22179
58162,22180
59293,22181
9974,22182
45271,22183
36097,22184
23149,22185
49754,22186
50150,22187
50152,22188
50154,22189
50158,22190
48378,22191
49946,22192
8237,22193
7100,22194
47680,22195
46087,22196
2218,22197
4819,22198
7118,22199
51924,22200
22949,22201
8597,22202
44926,22203
49961,22204
56294,22205
2051,22206
51011,22207
1827,22208
53450,22209
22947,22210
39019,22211
22948,22212
22927,22213
22950,22214
36657,22215
32524,22216
59697,22217
51664,22218
51187,22219
1862,22220
54575,22221
56068,22222
11312,22223
22931,22224
24769,22225
50569,22226
54302,22227
50674,22228
53787,22229
4854,22230
56365,22231
50571,22232
21249,22233
50503,22234
54574,22235
47324,22236
50567,22237
36666,22238
8605,22239
50675,22240
21878,22241
35632,22242
11403,22243
15128,22244
51915,22245
50168,22246
26210,22247
50502,22248
31450,22249
57628,22250
15042,22251
57889,22252
50166,22253
50169,22254
51684,22255
57079,22256
35189,22257
50477,22258
32603,22259
57331,22260
57343,22261
47339,22262
50170,22263
48099,22264
12463,22265
13057,22266
25000,22267
13706,22268
54553,22269
50575,22270
12465,22271
39992,22272
21897,22273
59747,22274
12464,22275
45010,22276
44708,22277
57292,22278
50178,22279
51681,22280
26469,22281
57885,22282
17028,22283
18894,22284
29101,22285
57697,22286
55235,22287
30766,22288
21527,22289
56301,22290
13258,22291
50478,22292
57801,22293
50626,22294
36688,22295
53498,22296
51521,22297
54889,22298
35927,22299
2103,22300
19544,22301
19541,22302
57238,22303
54398,22304
27516,22305
56666,22306
39424,22307
44658,22308
49945,22309
43078,22310
27020,22311
22928,22312
47046,22313
51022,22314
38188,22315
9539,22316
55625,22317
57874,22318
52553,22319
36673,22320
56302,22321
42080,22322
54480,22323
42689,22324
57239,22325
54481,22326
19545,22327
57718,22328
57721,22329
57717,22330
56953,22331
19543,22332
57363,22333
55331,22334
22925,22335
57323,22336
37199,22337
42730,22338
57319,22339
58218,22340
47530,22341
22945,22342
22922,22343
58212,22344
58214,22345
22920,22346
2121,22347
33534,22348
58486,22349
4764,22350
23799,22351
36105,22352
47531,22353
1786,22354
22962,22355
2037,22356
49470,22357
54386,22358
57800,22359
57339,22360
51005,22361
57702,22362
49862,22363
33533,22364
49506,22365
37204,22366
58176,22367
22921,22368
50515,22369
19372,22370
30527,22371
59050,22372
1787,22373
58213,22374
43285,22375
54951,22376
57868,22377
47570,22378
9952,22379
9951,22380
58801,22381
49433,22382
47261,22383
47528,22384
48497,22385
53817,22386
25240,22387
57289,22388
47041,22389
47042,22390
44627,22391
47043,22392
47682,22393
47044,22394
47529,22395
50664,22396
46465,22397
47053,22398
57790,22399
47054,22400
47050,22401
47056,22402
9982,22403
51908,22404
47049,22405
47047,22406
57100,22407
13514,22408
47060,22409
59875,22410
47058,22411
57990,22412
53981,22413
22943,22414
11461,22415
47045,22416
4799,22417
41236,22418
12462,22419
58967,22420
32560,22421
39027,22422
27035,22423
26519,22424
58210,22425
54831,22426
12226,22427
28969,22428
33531,22429
45644,22430
39028,22431
58965,22432
51433,22433
51909,22434
11803,22435
11802,22436
47154,22437
11791,22438
49984,22439
11801,22440
45326,22441
37957,22442
6579,22443
58310,22444
8692,22445
9577,22446
33432,22447
11814,22448
11786,22449
54714,22450
59891,22451
57788,22452
11799,22453
58966,22454
1806,22455
52536,22456
39925,22457
8840,22458
33516,22459
48498,22460
54318,22461
51825,22462
53606,22463
53630,22464
13544,22465
26717,22466
57836,22467
49486,22468
33063,22469
50533,22470
2060,22471
57362,22472
59058,22473
9536,22474
39021,22475
50173,22476
9785,22477
39022,22478
28990,22479
55583,22480
57096,22481
57067,22482
53749,22483
57320,22484
56722,22485
47263,22486
51288,22487
53493,22488
51754,22489
51502,22490
2032,22491
10878,22492
11920,22493
50630,22494
22467,22495
33706,22496
33689,22497
30501,22498
39018,22499
44879,22500
39016,22501
57318,22502
43627,22503
21083,22504
48091,22505
50573,22506
28118,22507
27427,22508
56348,22509
25657,22510
15008,22511
37964,22512
9578,22513
56606,22514
22468,22515
30475,22516
30478,22517
13558,22518
13971,22519
11324,22520
53985,22521
1783,22522
29177,22523
24887,22524
58309,22525
54585,22526
50540,22527
44928,22528
55460,22529
57322,22530
1948,22531
56217,22532
57316,22533
8915,22534
10273,22535
44278,22536
40580,22537
54187,22538
55463,22539
12407,22540
55469,22541
55468,22542
55464,22543
55465,22544
6789,22545
1653,22546
2036,22547
21250,22548
50462,22549
51001,22550
39540,22551
57105,22552
42073,22553
41395,22554
50465,22555
57950,22556
54189,22557
58305,22558
50172,22559
29594,22560
50174,22561
54584,22562
13640,22563
58964,22564
59338,22565
2035,22566
49626,22567
43342,22568
55470,22569
8552,22570
13187,22571
47660,22572
16084,22573
25526,22574
20868,22575
57197,22576
54411,22577
33690,22578
30477,22579
57058,22580
4774,22581
51405,22582
13561,22583
57774,22584
35464,22585
15551,22586
46277,22587
58147,22588
53491,22589
47532,22590
45331,22591
47348,22592
6972,22593
52528,22594
38312,22595
17270,22596
43237,22597
58307,22598
24796,22599
46258,22600
9512,22601
43236,22602
48086,22603
51367,22604
22312,22605
33517,22606
57321,22607
51960,22608
1949,22609
43625,22610
50458,22611
35698,22612
47383,22613
10295,22614
54722,22615
54077,22616
33444,22617
1897,22618
54713,22619
54705,22620
58222,22621
2029,22622
51703,22623
56385,22624
55095,22625
17735,22626
34590,22627
7744,22628
9694,22629
8611,22630
54569,22631
50460,22632
58972,22633
32559,22634
44941,22635
33518,22636
55337,22637
21103,22638
38006,22639
34081,22640
2033,22641
50512,22642
53744,22643
45340,22644
57273,22645
57359,22646
57360,22647
56979,22648
57011,22649
15493,22650
46502,22651
51806,22652
1904,22653
1903,22654
19542,22655
4386,22656
8607,22657
39026,22658
4840,22659
18865,22660
54478,22661
39978,22662
57026,22663
49222,22664
18342,22665
50457,22666
10494,22667
27025,22668
9948,22669
10011,22670
44865,22671
56314,22672
51781,22673
1785,22674
23803,22675
53866,22676
27416,22677
57338,22678
59718,22679
54520,22680
51329,22681
57361,22682
45339,22683
30499,22684
32372,22685
47692,22686
4236,22687
58312,22688
1800,22689
57194,22690
11147,22691
46500,22692
1784,22693
44862,22694
46576,22695
24212,22696
42079,22697
57025,22698
59034,22699
11143,22700
58236,22701
34639,22702
57780,22703
40398,22704
28171,22705
59388,22706
36040,22707
11401,22708
57992,22709
11396,22710
52588,22711
23102,22712
16390,22713
59013,22714
38756,22715
16536,22716
58984,22717
52594,22718
45133,22719
51009,22720
16535,22721
51294,22722
8668,22723
9528,22724
1789,22725
35848,22726
57845,22727
58963,22728
47007,22729
38317,22730
2562,22731
14060,22732
33059,22733
57699,22734
20962,22735
49999,22736
53360,22737
5782,22738
53806,22739
51560,22740
58474,22741
53814,22742
54913,22743
51245,22744
21251,22745
33400,22746
44672,22747
54688,22748
25714,22749
53492,22750
57358,22751
38122,22752
50597,22753
54514,22754
33695,22755
58516,22756
11348,22757
46577,22758
57347,22759
11248,22760
48095,22761
18895,22762
25600,22763
51926,22764
57023,22765
2094,22766
2093,22767
45648,22768
45327,22769
57357,22770
57027,22771
57021,22772
57324,22773
35166,22774
11391,22775
3567,22776
31074,22777
21254,22778
54606,22779
56657,22780
54608,22781
51948,22782
12391,22783
56857,22784
57195,22785
57024,22786
51816,22787
50631,22788
59748,22789
59749,22790
58418,22791
10303,22792
59126,22793
57022,22794
51832,22795
46579,22796
56969,22797
21616,22798
21253,22799
54729,22800
29892,22801
54704,22802
36039,22803
51717,22804
33708,22805
20125,22806
54703,22807
46866,22808
56845,22809
16081,22810
48092,22811
53525,22812
38153,22813
10856,22814
43958,22815
9929,22816
56638,22817
27514,22818
28134,22819
43379,22820
30480,22821
54808,22822
33522,22823
58979,22824
43437,22825
25599,22826
24753,22827
30127,22828
50698,22829
39808,22830
43992,22831
32031,22832
53490,22833
46809,22834
59022,22835
46081,22836
53688,22837
56413,22838
32266,22839
11840,22840
28982,22841
39024,22842
19785,22843
53686,22844
39017,22845
34607,22846
53805,22847
54813,22848
54609,22849
56640,22850
41348,22851
12529,22852
43666,22853
53586,22854
25589,22855
35786,22856
37966,22857
53689,22858
30914,22859
37960,22860
31188,22861
47251,22862
19312,22863
29322,22864
54128,22865
50206,22866
54142,22867
53357,22868
26179,22869
31167,22870
46525,22871
38623,22872
3861,22873
53520,22874
48094,22875
53059,22876
53058,22877
52642,22878
53069,22879
8718,22880
10423,22881
32121,22882
56231,22883
31050,22884
54228,22885
46552,22886
46508,22887
6776,22888
53687,22889
29897,22890
15649,22891
19786,22892
8399,22893
59105,22894
51692,22895
2012,22896
33512,22897
45324,22898
57325,22899
6915,22900
58983,22901
31859,22902
19850,22903
53448,22904
9692,22905
54947,22906
32525,22907
53063,22908
29888,22909
57883,22910
9690,22911
2117,22912
9944,22913
59063,22914
54559,22915
1860,22916
58982,22917
58974,22918
50633,22919
56270,22920
41346,22921
2014,22922
29875,22923
35540,22924
47724,22925
56887,22926
4893,22927
57036,22928
54834,22929
6353,22930
29889,22931
56050,22932
56046,22933
32564,22934
55320,22935
19836,22936
58635,22937
32629,22938
28136,22939
2024,22940
40310,22941
29046,22942
33934,22943
54607,22944
4795,22945
50291,22946
53760,22947
56639,22948
52235,22949
18434,22950
16082,22951
57077,22952
51770,22953
58169,22954
57980,22955
50384,22956
30320,22957
51928,22958
45320,22959
42066,22960
31329,22961
11290,22962
57783,22963
29890,22964
39917,22965
39139,22966
29110,22967
46112,22968
33519,22969
50435,22970
7099,22971
50433,22972
34759,22973
25385,22974
55574,22975
49675,22976
43067,22977
49678,22978
29883,22979
33520,22980
30486,22981
54611,22982
55575,22983
55576,22984
29896,22985
29582,22986
56987,22987
21434,22988
19477,22989
39023,22990
46102,22991
55332,22992
54535,22993
39914,22994
4611,22995
56251,22996
51942,22997
51949,22998
25522,22999
55597,23000
57015,23001
49673,23002
50632,23003
46478,23004
41865,23005
6614,23006
33293,23007
44859,23008
36268,23009
58809,23010
6352,23011
47008,23012
35537,23013
53762,23014
40303,23015
50605,23016
46479,23017
43365,23018
14624,23019
10308,23020
49529,23021
55410,23022
52513,23023
57107,23024
8240,23025
56250,23026
56986,23027
32519,23028
24242,23029
46473,23030
54513,23031
55587,23032
57346,23033
49668,23034
51708,23035
51711,23036
22205,23037
55408,23038
55407,23039
58292,23040
43290,23041
29885,23042
29895,23043
51398,23044
43249,23045
58636,23046
51046,23047
21285,23048
53761,23049
33407,23050
50550,23051
54618,23052
29884,23053
30467,23054
58168,23055
53473,23056
50657,23057
49671,23058
58167,23059
51921,23060
57287,23061
56985,23062
36042,23063
56913,23064
10300,23065
31046,23066
51008,23067
29894,23068
55329,23069
55330,23070
54475,23071
10713,23072
14910,23073
55336,23074
46575,23075
45123,23076
28971,23077
55333,23078
58968,23079
45329,23080
37963,23081
51920,23082
29887,23083
19806,23084
52510,23085
10066,23086
5264,23087
29886,23088
10424,23089
29864,23090
59115,23091
20327,23092
43289,23093
20312,23094
41227,23095
45330,23096
35143,23097
51922,23098
58961,23099
58258,23100
52473,23101
17017,23102
31680,23103
51025,23104
50969,23105
53754,23106
43374,23107
21138,23108
48089,23109
57293,23110
30863,23111
29246,23112
15628,23113
10275,23114
57075,23115
7736,23116
50432,23117
50431,23118
48208,23119
29873,23120
59330,23121
34069,23122
56912,23123
55323,23124
55963,23125
46745,23126
46089,23127
11484,23128
50340,23129
59303,23130
6351,23131
45413,23132
33707,23133
51024,23134
56753,23135
58640,23136
40237,23137
51396,23138
39890,23139
20254,23140
30353,23141
51929,23142
11644,23143
29876,23144
27926,23145
47474,23146
49570,23147
33510,23148
47266,23149
56282,23150
11138,23151
33716,23152
45088,23153
51753,23154
56283,23155
57281,23156
51958,23157
57062,23158
46485,23159
33696,23160
44656,23161
9933,23162
41383,23163
48220,23164
56395,23165
15009,23166
46469,23167
28150,23168
9791,23169
43232,23170
59118,23171
43233,23172
9738,23173
54538,23174
16085,23175
40314,23176
40313,23177
48214,23178
35845,23179
35819,23180
56938,23181
57860,23182
51049,23183
55344,23184
37581,23185
33297,23186
51927,23187
55582,23188
26389,23189
3778,23190
55581,23191
58266,23192
49528,23193
29870,23194
14295,23195
51923,23196
33552,23197
57019,23198
39977,23199
58800,23200
58641,23201
26459,23202
11976,23203
33245,23204
49417,23205
56922,23206
39499,23207
13989,23208
50282,23209
59706,23210
51397,23211
57048,23212
58170,23213
12755,23214
13986,23215
13987,23216
13985,23217
13988,23218
4838,23219
13978,23220
13969,23221
50964,23222
38133,23223
23083,23224
49680,23225
44943,23226
58524,23227
21286,23228
17666,23229
27954,23230
54126,23231
49679,23232
49677,23233
8555,23234
13424,23235
56284,23236
51081,23237
51394,23238
59053,23239
47241,23240
59054,23241
55795,23242
33511,23243
44131,23244
27439,23245
52868,23246
58157,23247
36240,23248
8553,23249
11001,23250
14541,23251
57342,23252
30529,23253
41565,23254
57352,23255
59305,23256
44032,23257
59304,23258
13454,23259
38390,23260
2095,23261
32563,23262
25856,23263
1918,23264
56849,23265
41774,23266
9514,23267
4748,23268
52905,23269
56811,23270
33076,23271
48088,23272
10649,23273
43066,23274
11794,23275
4530,23276
53071,23277
29882,23278
51712,23279
49519,23280
58267,23281
56176,23282
16086,23283
54938,23284
25697,23285
42738,23286
34840,23287
25692,23288
57051,23289
17494,23290
58978,23291
16642,23292
26680,23293
29788,23294
28153,23295
57016,23296
53463,23297
10488,23298
28968,23299
41382,23300
17863,23301
50289,23302
23216,23303
58155,23304
15799,23305
9496,23306
55796,23307
57017,23308
10999,23309
57531,23310
43239,23311
19834,23312
51079,23313
43645,23314
47368,23315
25848,23316
43240,23317
52444,23318
56375,23319
49933,23320
59117,23321
29872,23322
29874,23323
51685,23324
16083,23325
50296,23326
33949,23327
13485,23328
56249,23329
58808,23330
58642,23331
55513,23332
57552,23333
55514,23334
55964,23335
1994,23336
28533,23337
21281,23338
53374,23339
21433,23340
26467,23341
34611,23342
53465,23343
53081,23344
52443,23345
55325,23346
46216,23347
53080,23348
42732,23349
33060,23350
53072,23351
37974,23352
25693,23353
23668,23354
2045,23355
35575,23356
52503,23357
52099,23358
55242,23359
22472,23360
19409,23361
33948,23362
33950,23363
56221,23364
57559,23365
57553,23366
57556,23367
57557,23368
56247,23369
49543,23370
39414,23371
57060,23372
57059,23373
51961,23374
57186,23375
56828,23376
24986,23377
49559,23378
30533,23379
38573,23380
22313,23381
49548,23382
4716,23383
26015,23384
52017,23385
53464,23386
57457,23387
51119,23388
57701,23389
33329,23390
51395,23391
50329,23392
17495,23393
46243,23394
49558,23395
26468,23396
58810,23397
55240,23398
58802,23399
50003,23400
45092,23401
56368,23402
50004,23403
53466,23404
54523,23405
54527,23406
25730,23407
54976,23408
5221,23409
26810,23410
50280,23411
41353,23412
12045,23413
54528,23414
50775,23415
23579,23416
57088,23417
30476,23418
54541,23419
57351,23420
57126,23421
10042,23422
30716,23423
27515,23424
16648,23425
54544,23426
4785,23427
2023,23428
7072,23429
36104,23430
21151,23431
2115,23432
2116,23433
33284,23434
33711,23435
57892,23436
22109,23437
35671,23438
29583,23439
23831,23440
28122,23441
49539,23442
50339,23443
33196,23444
55962,23445
51728,23446
29871,23447
55147,23448
55146,23449
52498,23450
33322,23451
55162,23452
55166,23453
57306,23454
28221,23455
29863,23456
53076,23457
49752,23458
46601,23459
10299,23460
9722,23461
55145,23462
55149,23463
55150,23464
55151,23465
55158,23466
53778,23467
53779,23468
10409,23469
38135,23470
49756,23471
56245,23472
52496,23473
2038,23474
1764,23475
29862,23476
58232,23477
57459,23478
57479,23479
51115,23480
51727,23481
51726,23482
50661,23483
54536,23484
27888,23485
1670,23486
26322,23487
4810,23488
56990,23489
2118,23490
48084,23491
52599,23492
47118,23493
3769,23494
55070,23495
36068,23496
52193,23497
57031,23498
56684,23499
5072,23500
5071,23501
5070,23502
27887,23503
19745,23504
59448,23505
37757,23506
4839,23507
5067,23508
43226,23509
28740,23510
29880,23511
43113,23512
47369,23513
52585,23514
42563,23515
58932,23516
27963,23517
55161,23518
53808,23519
57477,23520
45093,23521
59165,23522
13983,23523
13981,23524
13980,23525
46098,23526
50472,23527
59297,23528
30494,23529
45692,23530
57622,23531
13991,23532
21280,23533
39975,23534
45379,23535
13979,23536
49536,23537
16649,23538
16645,23539
14396,23540
42729,23541
58931,23542
44159,23543
55229,23544
33242,23545
21279,23546
21289,23547
56930,23548
54950,23549
13992,23550
13976,23551
28491,23552
43318,23553
41558,23554
55228,23555
43235,23556
16079,23557
26723,23558
26721,23559
44624,23560
58807,23561
29881,23562
50292,23563
21190,23564
51124,23565
57312,23566
51078,23567
50471,23568
15892,23569
57988,23570
43648,23571
53620,23572
2104,23573
16647,23574
37498,23575
19911,23576
28029,23577
1966,23578
3779,23579
57056,23580
3780,23581
56933,23582
27425,23583
52564,23584
59966,23585
15349,23586
51940,23587
38971,23588
51805,23589
46256,23590
56934,23591
49363,23592
38970,23593
59702,23594
59726,23595
52854,23596
4794,23597
5705,23598
29869,23599
59048,23600
28981,23601
59035,23602
50285,23603
10446,23604
50473,23605
46543,23606
39807,23607
56412,23608
50669,23609
21226,23610
57120,23611
28018,23612
28019,23613
6120,23614
37300,23615
59364,23616
15410,23617
57275,23618
57055,23619
57705,23620
23105,23621
47561,23622
17915,23623
26722,23624
51118,23625
55241,23626
55347,23627
33065,23628
51258,23629
33054,23630
10357,23631
29868,23632
52462,23633
7543,23634
50024,23635
5877,23636
37925,23637
59296,23638
2042,23639
33601,23640
58976,23641
49985,23642
57681,23643
44682,23644
57350,23645
43291,23646
30749,23647
54519,23648
54515,23649
56897,23650
59728,23651
51088,23652
26994,23653
54915,23654
36479,23655
7152,23656
27719,23657
32641,23658
57034,23659
20124,23660
51941,23661
37378,23662
56207,23663
25869,23664
56626,23665
56229,23666
56411,23667
57065,23668
34915,23669
51699,23670
52463,23671
58253,23672
53883,23673
58500,23674
57501,23675
3830,23676
54229,23677
3220,23678
55101,23679
23063,23680
49310,23681
17734,23682
48536,23683
33638,23684
16933,23685
55243,23686
49110,23687
49111,23688
43345,23689
25396,23690
10041,23691
42620,23692
47017,23693
35532,23694
47566,23695
27517,23696
39976,23697
54537,23698
56995,23699
56967,23700
11128,23701
53489,23702
59943,23703
7032,23704
54812,23705
27196,23706
36680,23707
47476,23708
29014,23709
49301,23710
17356,23711
58164,23712
58489,23713
41829,23714
57490,23715
50491,23716
55100,23717
55108,23718
13635,23719
46481,23720
24886,23721
59724,23722
50778,23723
36110,23724
25539,23725
52449,23726
52447,23727
50281,23728
58805,23729
24574,23730
6728,23731
10018,23732
55267,23733
25982,23734
56569,23735
31047,23736
56957,23737
37201,23738
56685,23739
56570,23740
27502,23741
15535,23742
58643,23743
56958,23744
56999,23745
2078,23746
44285,23747
44240,23748
1933,23749
19239,23750
1612,23751
54979,23752
42587,23753
59365,23754
57470,23755
57311,23756
57313,23757
11970,23758
12225,23759
44622,23760
33328,23761
52560,23762
46241,23763
52410,23764
30727,23765
56686,23766
39967,23767
47464,23768
55269,23769
51077,23770
55266,23771
56821,23772
51776,23773
56822,23774
42091,23775
49113,23776
10292,23777
51007,23778
44041,23779
55268,23780
39936,23781
57766,23782
57878,23783
59862,23784
45781,23785
56568,23786
11793,23787
34258,23788
32562,23789
42708,23790
27849,23791
32685,23792
58395,23793
42700,23794
56816,23795
58765,23796
57033,23797
12660,23798
59301,23799
5895,23800
12679,23801
12678,23802
47558,23803
27720,23804
12674,23805
12673,23806
12675,23807
12670,23808
59944,23809
52225,23810
12677,23811
12676,23812
19626,23813
5585,23814
37580,23815
55787,23816
55804,23817
12666,23818
12668,23819
57694,23820
24273,23821
16899,23822
33743,23823
21331,23824
21335,23825
15798,23826
57187,23827
40046,23828
56278,23829
45408,23830
59312,23831
57985,23832
58488,23833
33947,23834
20544,23835
4001,23836
58770,23837
30750,23838
58638,23839
49084,23840
6781,23841
30315,23842
40040,23843
53084,23844
39927,23845
47557,23846
47556,23847
3768,23848
8257,23849
8260,23850
37202,23851
55198,23852
54919,23853
41380,23854
58970,23855
45420,23856
46099,23857
34123,23858
51729,23859
54918,23860
53228,23861
16751,23862
56394,23863
51731,23864
17024,23865
52890,23866
54890,23867
39960,23868
40308,23869
31453,23870
33688,23871
40309,23872
46096,23873
59863,23874
57280,23875
37212,23876
48237,23877
59924,23878
41563,23879
53809,23880
59019,23881
37962,23882
30508,23883
49869,23884
59038,23885
57078,23886
52558,23887
8259,23888
54972,23889
43938,23890
53775,23891
46817,23892
10195,23893
43343,23894
36497,23895
42077,23896
42727,23897
45395,23898
59056,23899
42722,23900
33537,23901
29877,23902
57881,23903
52480,23904
57180,23905
4746,23906
8933,23907
52559,23908
47131,23909
48495,23910
55788,23911
51272,23912
26173,23913
58163,23914
8317,23915
34452,23916
51732,23917
24626,23918
51736,23919
54582,23920
29878,23921
32549,23922
50385,23923
30107,23924
7148,23925
8549,23926
8923,23927
25524,23928
15174,23929
28030,23930
37701,23931
28225,23932
57677,23933
11754,23934
21466,23935
40395,23936
45412,23937
46251,23938
24885,23939
56404,23940
32066,23941
38191,23942
12350,23943
31032,23944
31049,23945
38212,23946
46253,23947
19465,23948
54539,23949
46991,23950
13474,23951
54978,23952
55083,23953
10309,23954
56819,23955
58470,23956
48090,23957
57035,23958
1895,23959
44517,23960
33944,23961
44516,23962
38127,23963
43378,23964
54540,23965
43377,23966
37148,23967
23005,23968
57678,23969
55249,23970
57710,23971
57712,23972
57708,23973
2027,23974
52021,23975
59733,23976
59689,23977
57870,23978
13455,23979
1941,23980
48254,23981
56809,23982
56402,23983
59363,23984
51126,23985
57136,23986
56233,23987
54838,23988
35341,23989
50658,23990
28028,23991
34929,23992
37341,23993
52859,23994
46031,23995
51838,23996
24284,23997
52375,23998
3584,23999
18164,24000
52497,24001
8665,24002
56948,24003
28087,24004
55527,24005
26182,24006
36655,24007
52222,24008
33310,24009
55528,24010
49629,24011
59295,24012
44663,24013
30534,24014
47676,24015
39722,24016
54891,24017
54977,24018
56263,24019
59294,24020
20361,24021
56222,24022
50013,24023
58796,24024
18665,24025
24888,24026
59971,24027
37342,24028
59894,24029
52411,24030
43660,24031
29865,24032
53539,24033
13699,24034
54860,24035
20901,24036
57620,24037
45690,24038
13704,24039
25118,24040
29867,24041
29866,24042
57274,24043
11441,24044
56223,24045
21908,24046
17267,24047
34559,24048
43470,24049
28132,24050
1163,24051
52828,24052
24706,24053
59452,24054
47004,24055
58645,24056
42105,24057
58439,24058
26451,24059
33315,24060
34899,24061
25115,24062
54720,24063
55248,24064
25117,24065
57589,24066
24283,24067
47084,24068
45535,24069
17112,24070
52427,24071
17987,24072
48111,24073
52467,24074
56752,24075
43116,24076
4753,24077
19686,24078
59032,24079
55534,24080
54726,24081
4745,24082
18702,24083
26321,24084
11211,24085
58644,24086
11209,24087
51779,24088
51733,24089
21278,24090
11226,24091
56932,24092
58394,24093
10131,24094
56262,24095
10706,24096
53401,24097
10140,24098
56125,24099
10582,24100
55573,24101
55572,24102
43120,24103
58156,24104
56016,24105
56931,24106
11231,24107
51735,24108
45122,24109
57711,24110
55222,24111
54828,24112
43657,24113
36067,24114
19385,24115
43656,24116
57383,24117
40429,24118
1165,24119
24822,24120
34456,24121
57057,24122
31899,24123
27469,24124
34455,24125
22601,24126
54715,24127
55806,24128
21189,24129
54587,24130
51737,24131
11225,24132
30944,24133
56642,24134
4772,24135
11210,24136
33734,24137
13477,24138
36070,24139
54107,24140
24110,24141
28654,24142
10587,24143
11150,24144
32397,24145
54280,24146
26027,24147
48481,24148
49964,24149
10324,24150
43242,24151
43241,24152
11308,24153
21325,24154
58662,24155
46093,24156
55805,24157
59545,24158
57671,24159
44697,24160
30462,24161
39806,24162
39810,24163
53807,24164
55156,24165
56890,24166
36069,24167
29174,24168
51486,24169
53541,24170
27812,24171
51427,24172
3483,24173
34870,24174
54252,24175
48226,24176
41381,24177
55791,24178
59675,24179
59441,24180
51734,24181
27513,24182
44424,24183
57502,24184
39968,24185
53542,24186
53543,24187
53545,24188
36329,24189
54939,24190
42029,24191
56942,24192
24705,24193
51983,24194
59715,24195
30510,24196
59010,24197
51937,24198
51090,24199
39804,24200
41605,24201
43375,24202
43370,24203
57201,24204
55090,24205
53540,24206
52341,24207
26026,24208
25523,24209
21328,24210
31908,24211
31906,24212
52470,24213
27815,24214
59937,24215
43368,24216
33246,24217
21155,24218
57063,24219
30945,24220
43231,24221
39970,24222
55809,24223
48516,24224
3773,24225
52469,24226
48518,24227
48515,24228
34589,24229
48520,24230
43531,24231
53632,24232
55409,24233
54114,24234
32561,24235
54904,24236
40430,24237
6999,24238
50652,24239
54113,24240
30466,24241
48521,24242
12664,24243
43518,24244
43519,24245
48503,24246
43348,24247
58793,24248
56227,24249
56225,24250
57028,24251
50341,24252
21282,24253
1570,24254
58663,24255
43317,24256
57384,24257
17011,24258
47022,24259
55443,24260
55247,24261
16999,24262
46397,24263
43130,24264
16995,24265
35405,24266
43129,24267
4806,24268
17018,24269
48517,24270
44824,24271
54600,24272
54612,24273
45401,24274
53813,24275
52425,24276
21324,24277
21327,24278
16080,24279
56622,24280
21326,24281
39734,24282
36297,24283
48508,24284
48510,24285
48509,24286
52603,24287
52602,24288
43639,24289
17001,24290
5494,24291
32903,24292
59060,24293
16996,24294
59028,24295
56226,24296
53383,24297
16997,24298
17009,24299
59439,24300
53379,24301
53381,24302
47583,24303
17004,24304
17003,24305
41527,24306
58797,24307
47651,24308
33954,24309
51723,24310
42098,24311
43381,24312
19427,24313
17020,24314
31228,24315
58014,24316
57119,24317
16994,24318
58425,24319
58496,24320
55608,24321
17019,24322
43571,24323
27594,24324
55474,24325
52418,24326
52419,24327
54733,24328
54732,24329
46925,24330
46934,24331
54516,24332
46929,24333
17016,24334
57382,24335
46921,24336
38630,24337
39516,24338
36101,24339
54905,24340
50549,24341
56649,24342
2002,24343
4771,24344
51587,24345
44165,24346
55317,24347
57685,24348
11346,24349
54702,24350
21277,24351
21276,24352
55478,24353
50547,24354
50546,24355
57834,24356
35046,24357
59037,24358
43148,24359
13912,24360
13914,24361
36098,24362
48393,24363
13905,24364
13902,24365
3236,24366
13921,24367
13916,24368
13918,24369
13908,24370
13813,24371
13922,24372
13920,24373
13919,24374
54137,24375
22320,24376
53345,24377
13896,24378
13898,24379
13923,24380
54903,24381
8550,24382
13924,24383
13906,24384
13911,24385
40755,24386
59453,24387
56971,24388
49571,24389
51860,24390
59059,24391
57283,24392
59039,24393
57085,24394
32390,24395
49235,24396
54727,24397
53745,24398
9991,24399
58666,24400
59908,24401
27710,24402
53123,24403
3601,24404
57355,24405
20081,24406
54605,24407
54907,24408
54935,24409
51694,24410
55807,24411
54934,24412
4767,24413
25895,24414
32386,24415
51817,24416
54226,24417
59040,24418
39971,24419
59981,24420
57782,24421
35406,24422
43362,24423
54542,24424
26016,24425
33070,24426
43346,24427
33072,24428
19469,24429
52082,24430
28027,24431
45416,24432
54719,24433
34864,24434
24285,24435
6945,24436
24776,24437
55479,24438
12128,24439
50353,24440
55802,24441
32396,24442
18950,24443
46086,24444
38631,24445
55476,24446
55477,24447
55480,24448
55475,24449
59716,24450
24075,24451
29879,24452
29210,24453
27436,24454
13907,24455
4752,24456
57877,24457
48221,24458
18359,24459
9141,24460
59045,24461
56056,24462
56051,24463
38619,24464
34898,24465
56064,24466
56061,24467
56060,24468
45096,24469
54562,24470
59672,24471
59673,24472
4744,24473
28026,24474
56055,24475
56053,24476
29891,24477
45968,24478
31909,24479
43092,24480
55595,24481
29893,24482
4837,24483
26508,24484
51301,24485
51269,24486
47240,24487
54926,24488
44180,24489
13596,24490
52492,24491
44940,24492
50156,24493
39502,24494
34890,24495
58561,24496
47587,24497
37975,24498
28612,24499
54225,24500
13933,24501
13935,24502
40008,24503
59866,24504
53681,24505
51426,24506
2031,24507
41878,24508
58722,24509
43309,24510
6134,24511
6137,24512
49245,24513
3449,24514
47546,24515
57112,24516
57802,24517
45274,24518
53750,24519
31015,24520
54194,24521
51936,24522
51802,24523
26012,24524
54526,24525
52429,24526
54711,24527
48375,24528
52383,24529
47550,24530
52488,24531
54980,24532
52381,24533
56309,24534
31040,24535
12779,24536
54949,24537
57115,24538
54929,24539
59814,24540
34076,24541
46029,24542
56974,24543
8270,24544
58924,24545
44632,24546
7539,24547
47585,24548
12980,24549
59686,24550
49962,24551
44209,24552
53090,24553
2360,24554
41377,24555
59853,24556
58492,24557
57203,24558
47534,24559
47535,24560
8318,24561
55094,24562
42366,24563
50357,24564
50487,24565
6180,24566
54767,24567
30280,24568
55233,24569
57291,24570
54071,24571
50830,24572
45685,24573
37345,24574
59688,24575
52299,24576
52256,24577
57376,24578
43332,24579
34561,24580
51695,24581
58468,24582
49377,24583
58339,24584
47584,24585
49655,24586
13483,24587
13484,24588
10507,24589
8380,24590
52346,24591
55819,24592
5252,24593
55322,24594
51722,24595
43224,24596
31043,24597
56650,24598
52347,24599
57754,24600
59685,24601
58959,24602
59454,24603
52090,24604
10404,24605
51411,24606
54554,24607
51428,24608
50665,24609
31910,24610
34591,24611
53338,24612
43122,24613
58152,24614
29206,24615
58503,24616
54906,24617
34882,24618
10362,24619
58639,24620
26792,24621
55250,24622
52254,24623
27917,24624
57999,24625
9411,24626
52486,24627
41234,24628
42217,24629
51430,24630
17914,24631
52255,24632
43913,24633
48363,24634
59909,24635
57049,24636
34865,24637
48204,24638
40749,24639
34889,24640
24241,24641
53823,24642
34871,24643
32395,24644
58340,24645
52424,24646
48203,24647
12037,24648
12024,24649
12018,24650
12017,24651
12016,24652
59302,24653
52991,24654
12022,24655
50494,24656
57141,24657
32591,24658
57425,24659
23106,24660
52472,24661
51586,24662
48256,24663
2010,24664
52420,24665
2011,24666
9752,24667
23796,24668
24820,24669
52491,24670
12011,24671
33313,24672
28088,24673
52257,24674
52489,24675
24291,24676
58637,24677
12035,24678
56820,24679
55220,24680
12034,24681
57297,24682
15860,24683
12030,24684
52394,24685
54710,24686
58689,24687
56945,24688
56950,24689
56647,24690
2007,24691
59046,24692
43957,24693
54725,24694
2008,24695
38146,24696
43564,24697
52485,24698
46101,24699
51438,24700
40750,24701
54861,24702
37099,24703
57296,24704
35928,24705
51616,24706
54924,24707
56381,24708
56391,24709
56392,24710
57657,24711
58509,24712
52087,24713
57875,24714
46725,24715
15590,24716
51847,24717
50493,24718
56818,24719
10619,24720
59102,24721
26781,24722
32586,24723
37344,24724
57443,24725
23532,24726
2009,24727
29025,24728
25018,24729
52515,24730
1868,24731
51700,24732
51702,24733
53358,24734
45838,24735
19423,24736
47581,24737
23104,24738
57433,24739
43256,24740
54543,24741
47549,24742
51709,24743
51710,24744
36294,24745
38437,24746
48468,24747
44172,24748
59923,24749
26815,24750
45334,24751
9364,24752
54842,24753
54864,24754
41571,24755
36698,24756
58736,24757
58333,24758
54859,24759
6122,24760
58513,24761
27881,24762
52083,24763
1847,24764
53078,24765
51713,24766
41876,24767
51947,24768
59024,24769
52091,24770
54095,24771
41867,24772
55318,24773
37343,24774
55109,24775
24076,24776
59443,24777
52088,24778
54690,24779
26791,24780
24985,24781
32593,24782
32565,24783
1892,24784
48246,24785
47182,24786
51689,24787
36295,24788
10583,24789
57039,24790
31229,24791
57097,24792
53126,24793
2936,24794
50495,24795
50650,24796
52525,24797
48253,24798
53079,24799
59451,24800
52077,24801
52075,24802
52078,24803
50427,24804
53120,24805
59722,24806
48259,24807
9432,24808
32592,24809
2004,24810
57523,24811
56254,24812
58674,24813
4098,24814
27830,24815
53486,24816
53487,24817
59444,24818
50434,24819
53488,24820
44282,24821
43331,24822
58690,24823
59698,24824
31877,24825
27315,24826
19796,24827
24369,24828
59731,24829
21436,24830
58560,24831
56583,24832
48470,24833
1671,24834
56584,24835
57683,24836
59025,24837
56643,24838
57762,24839
52524,24840
57066,24841
58730,24842
53476,24843
58682,24844
56585,24845
6764,24846
48110,24847
47541,24848
57095,24849
57103,24850
39524,24851
56814,24852
50641,24853
18361,24854
49159,24855
31876,24856
31898,24857
49158,24858
8500,24859
48257,24860
54981,24861
58006,24862
56003,24863
27093,24864
20135,24865
34947,24866
23120,24867
37267,24868
31897,24869
53092,24870
52165,24871
58131,24872
34579,24873
58603,24874
56817,24875
50649,24876
48486,24877
56150,24878
56151,24879
27813,24880
59729,24881
58327,24882
31905,24883
57087,24884
33737,24885
4844,24886
57910,24887
57911,24888
55561,24889
49495,24890
58158,24891
57861,24892
27401,24893
57611,24894
58012,24895
54566,24896
44184,24897
44185,24898
44284,24899
53348,24900
57430,24901
50648,24902
55202,24903
45986,24904
54329,24905
55203,24906
55328,24907
59756,24908
19006,24909
55201,24910
55200,24911
39733,24912
39522,24913
3736,24914
56291,24915
59027,24916
32531,24917
37117,24918
42556,24919
53751,24920
45987,24921
56574,24922
56546,24923
42027,24924
27398,24925
23123,24926
57639,24927
54529,24928
50640,24929
53861,24930
59062,24931
59369,24932
59099,24933
47027,24934
57981,24935
27450,24936
59876,24937
39966,24938
53793,24939
34912,24940
55969,24941
27452,24942
44664,24943
57771,24944
54530,24945
31900,24946
31904,24947
49420,24948
49160,24949
55395,24950
49161,24951
58922,24952
27890,24953
45991,24954
45489,24955
21725,24956
54563,24957
21320,24958
45990,24959
46076,24960
54524,24961
56045,24962
43650,24963
54953,24964
55217,24965
54525,24966
1972,24967
18863,24968
14283,24969
14282,24970
14281,24971
14284,24972
49240,24973
54885,24974
4846,24975
32901,24976
6871,24977
56124,24978
50343,24979
56808,24980
56123,24981
56122,24982
5830,24983
43674,24984
58501,24985
1923,24986
52505,24987
56161,24988
2069,24989
49589,24990
56160,24991
1985,24992
56158,24993
56156,24994
56152,24995
56154,24996
56153,24997
15171,24998
57912,24999
32577,25000
53794,25001
45383,25002
56006,25003
4843,25004
57987,25005
1937,25006
56179,25007
55319,25008
58231,25009
59519,25010
53820,25011
59677,25012
55093,25013
52582,25014
55980,25015
55978,25016
5133,25017
39955,25018
54957,25019
55824,25020
59986,25021
55811,25022
52973,25023
53474,25024
27891,25025
2003,25026
57117,25027
54549,25028
42197,25029
53822,25030
4845,25031
57650,25032
12917,25033
12916,25034
47604,25035
55224,25036
1995,25037
55812,25038
12910,25039
54533,25040
29030,25041
57667,25042
24474,25043
18313,25044
36285,25045
6100,25046
57435,25047
12912,25048
47674,25049
51607,25050
1989,25051
12913,25052
55967,25053
55578,25054
59838,25055
54973,25056
53423,25057
23559,25058
29277,25059
4850,25060
55579,25061
49241,25062
51609,25063
12915,25064
12914,25065
55580,25066
55577,25067
57437,25068
53477,25069
54884,25070
58129,25071
59061,25072
2245,25073
1988,25074
23097,25075
55965,25076
1996,25077
56858,25078
12844,25079
49236,25080
57687,25081
58330,25082
27892,25083
56010,25084
29167,25085
30791,25086
1990,25087
26029,25088
58058,25089
41606,25090
58206,25091
53816,25092
58921,25093
53403,25094
15489,25095
30768,25096
59813,25097
59895,25098
59990,25099
24704,25100
56256,25101
54744,25102
43667,25103
24749,25104
33952,25105
2028,25106
55219,25107
59373,25108
54687,25109
57151,25110
15782,25111
8925,25112
27829,25113
55970,25114
59858,25115
57869,25116
59367,25117
56290,25118
57804,25119
23827,25120
27995,25121
13476,25122
27267,25123
49352,25124
31016,25125
31039,25126
39152,25127
33387,25128
9815,25129
56048,25130
56047,25131
56040,25132
26014,25133
56043,25134
56041,25135
56049,25136
55976,25137
56044,25138
31886,25139
57128,25140
43523,25141
57200,25142
2633,25143
49246,25144
57805,25145
47456,25146
4125,25147
52581,25148
56076,25149
49879,25150
49844,25151
44686,25152
16633,25153
57649,25154
52561,25155
54863,25156
57777,25157
25528,25158
56806,25159
13673,25160
55966,25161
52055,25162
36333,25163
13676,25164
13674,25165
13682,25166
21323,25167
2485,25168
40442,25169
13680,25170
11589,25171
13690,25172
31885,25173
55794,25174
53479,25175
13681,25176
13688,25177
21321,25178
21319,25179
59687,25180
57776,25181
56406,25182
52834,25183
26360,25184
57983,25185
9784,25186
58719,25187
52438,25188
12725,25189
12724,25190
12723,25191
54908,25192
41551,25193
55173,25194
42414,25195
47599,25196
30769,25197
47601,25198
59693,25199
55177,25200
56407,25201
52495,25202
56296,25203
19435,25204
55191,25205
54853,25206
58819,25207
58817,25208
58816,25209
27099,25210
58815,25211
47341,25212
26803,25213
58121,25214
53478,25215
51406,25216
24770,25217
24873,25218
6154,25219
12722,25220
52057,25221
3997,25222
55979,25223
52054,25224
56069,25225
56005,25226
53091,25227
56007,25228
49097,25229
49096,25230
49095,25231
33244,25232
48549,25233
49086,25234
56157,25235
54914,25236
29237,25237
2005,25238
39451,25239
17736,25240
26808,25241
54852,25242
11888,25243
59300,25244
49105,25245
57982,25246
26009,25247
31903,25248
48202,25249
51271,25250
49398,25251
2305,25252
57656,25253
49469,25254
57422,25255
55990,25256
56970,25257
21322,25258
56815,25259
39174,25260
52408,25261
57873,25262
59366,25263
51956,25264
49247,25265
1932,25266
1622,25267
52968,25268
15794,25269
15163,25270
55810,25271
54617,25272
56825,25273
15779,25274
15884,25275
53094,25276
54613,25277
30696,25278
53444,25279
2261,25280
56765,25281
52983,25282
21149,25283
29234,25284
57727,25285
57725,25286
50551,25287
59925,25288
49166,25289
56711,25290
24874,25291
27889,25292
52509,25293
49072,25294
53880,25295
27504,25296
49074,25297
49073,25298
49075,25299
53819,25300
15194,25301
54685,25302
17640,25303
39954,25304
59856,25305
49071,25306
55835,25307
58334,25308
57146,25309
18255,25310
58325,25311
57125,25312
58668,25313
12918,25314
12907,25315
57884,25316
49157,25317
40417,25318
19677,25319
54615,25320
55273,25321
55274,25322
38572,25323
55181,25324
44183,25325
49248,25326
44187,25327
53329,25328
31225,25329
55216,25330
58647,25331
59833,25332
54928,25333
47254,25334
59978,25335
57758,25336
57755,25337
53394,25338
41879,25339
59372,25340
52822,25341
58738,25342
57144,25343
56098,25344
32195,25345
53818,25346
24554,25347
52965,25348
36239,25349
53475,25350
58741,25351
57069,25352
54897,25353
33287,25354
32566,25355
52475,25356
32550,25357
53332,25358
53328,25359
57158,25360
56159,25361
50851,25362
27471,25363
52969,25364
52964,25365
57664,25366
47603,25367
54111,25368
19653,25369
55192,25370
55194,25371
48522,25372
41445,25373
52414,25374
54881,25375
32138,25376
54565,25377
53470,25378
39896,25379
27856,25380
48109,25381
56634,25382
18984,25383
58742,25384
56704,25385
52494,25386
15706,25387
34939,25388
34503,25389
55813,25390
15048,25391
51690,25392
55187,25393
6163,25394
6152,25395
28270,25396
30525,25397
6151,25398
31260,25399
6175,25400
6173,25401
6167,25402
6178,25403
6184,25404
59811,25405
42867,25406
19379,25407
44181,25408
58646,25409
27804,25410
35069,25411
4042,25412
55281,25413
54304,25414
55170,25415
6114,25416
6117,25417
51691,25418
28483,25419
34562,25420
8315,25421
53278,25422
55107,25423
50239,25424
5892,25425
53418,25426
55823,25427
13689,25428
47283,25429
13687,25430
13686,25431
13683,25432
13679,25433
13678,25434
55196,25435
55218,25436
44788,25437
53413,25438
51254,25439
54971,25440
5857,25441
36073,25442
49460,25443
5856,25444
49434,25445
58693,25446
55821,25447
2112,25448
4749,25449
58149,25450
46627,25451
35404,25452
53882,25453
27466,25454
58834,25455
5942,25456
1757,25457
5937,25458
41552,25459
56066,25460
26185,25461
27808,25462
12367,25463
27810,25464
26988,25465
53417,25466
36074,25467
54858,25468
57891,25469
54736,25470
11965,25471
5939,25472
56195,25473
50240,25474
27974,25475
42081,25476
57720,25477
57715,25478
30889,25479
57719,25480
57716,25481
39171,25482
58676,25483
57046,25484
57714,25485
57713,25486
57724,25487
48252,25488
2047,25489
48478,25490
41476,25491
55185,25492
23334,25493
56714,25494
55179,25495
27919,25496
55822,25497
56193,25498
22081,25499
36075,25500
55195,25501
48464,25502
55828,25503
43539,25504
56196,25505
54723,25506
26439,25507
49468,25508
5495,25509
30747,25510
31024,25511
19380,25512
28625,25513
30483,25514
57810,25515
50663,25516
55128,25517
55120,25518
49489,25519
42327,25520
50236,25521
50242,25522
27894,25523
33331,25524
56688,25525
27106,25526
43522,25527
8316,25528
58671,25529
44164,25530
30774,25531
42592,25532
57145,25533
55433,25534
55440,25535
17918,25536
55439,25537
55438,25538
43673,25539
55430,25540
33733,25541
55437,25542
55434,25543
59713,25544
8014,25545
55441,25546
2260,25547
55442,25548
55126,25549
55127,25550
55131,25551
55133,25552
55125,25553
55124,25554
57913,25555
55137,25556
55135,25557
58109,25558
9562,25559
56692,25560
48201,25561
55123,25562
54328,25563
27918,25564
51263,25565
53724,25566
46167,25567
32626,25568
49234,25569
59433,25570
55237,25571
56527,25572
55239,25573
51801,25574
50237,25575
50241,25576
35403,25577
58225,25578
32243,25579
55958,25580
59714,25581
13341,25582
28216,25583
59794,25584
57986,25585
51955,25586
30961,25587
45536,25588
54724,25589
15898,25590
28248,25591
50243,25592
54931,25593
2272,25594
56097,25595
30909,25596
54960,25597
56096,25598
27845,25599
56094,25600
56870,25601
22475,25602
23213,25603
56194,25604
59851,25605
56093,25606
31998,25607
49099,25608
56100,25609
2702,25610
56099,25611
51978,25612
32225,25613
56102,25614
57050,25615
49100,25616
56923,25617
57081,25618
48463,25619
37948,25620
57329,25621
56528,25622
56308,25623
25729,25624
55215,25625
55213,25626
58035,25627
58044,25628
55186,25629
56388,25630
55436,25631
2746,25632
58458,25633
24977,25634
15893,25635
52461,25636
55432,25637
44173,25638
55431,25639
55214,25640
58151,25641
55099,25642
58887,25643
58918,25644
40409,25645
56297,25646
36936,25647
59036,25648
28693,25649
57137,25650
18571,25651
18570,25652
3447,25653
18572,25654
18569,25655
18573,25656
17646,25657
23221,25658
26474,25659
43486,25660
59890,25661
58459,25662
58460,25663
58919,25664
49736,25665
58150,25666
7430,25667
27854,25668
18575,25669
52512,25670
18574,25671
52820,25672
27914,25673
32236,25674
2624,25675
54872,25676
58007,25677
34941,25678
55172,25679
19246,25680
19241,25681
19236,25682
15481,25683
19240,25684
56715,25685
55175,25686
19243,25687
19244,25688
18499,25689
18298,25690
49419,25691
54958,25692
55553,25693
56992,25694
54706,25695
53811,25696
56810,25697
55257,25698
52454,25699
52836,25700
55260,25701
55258,25702
21453,25703
52459,25704
57099,25705
52460,25706
57166,25707
50223,25708
52109,25709
58703,25710
53876,25711
57192,25712
57738,25713
32221,25714
32223,25715
57803,25716
30767,25717
9904,25718
50224,25719
30497,25720
57478,25721
59306,25722
57416,25723
54874,25724
55212,25725
57916,25726
58511,25727
55827,25728
59676,25729
30806,25730
54721,25731
42409,25732
58621,25733
48485,25734
41905,25735
30149,25736
56705,25737
57328,25738
54856,25739
57406,25740
55261,25741
2313,25742
45661,25743
57871,25744
59089,25745
59079,25746
54933,25747
30745,25748
54961,25749
37949,25750
55262,25751
55078,25752
33243,25753
52957,25754
54862,25755
11433,25756
43482,25757
55004,25758
53480,25759
56575,25760
56576,25761
59754,25762
57753,25763
55817,25764
55814,25765
57188,25766
59985,25767
46936,25768
53093,25769
57760,25770
12833,25771
57616,25772
59745,25773
44171,25774
50027,25775
57094,25776
33557,25777
50023,25778
38616,25779
38615,25780
52971,25781
54737,25782
31994,25783
55259,25784
54680,25785
49088,25786
49087,25787
14102,25788
46107,25789
15871,25790
59552,25791
54882,25792
58517,25793
50018,25794
35059,25795
15852,25796
43529,25797
33725,25798
55297,25799
57159,25800
36018,25801
24612,25802
36939,25803
58045,25804
31299,25805
54306,25806
23448,25807
55075,25808
49290,25809
49081,25810
58849,25811
50331,25812
49080,25813
49083,25814
55818,25815
57160,25816
49137,25817
54731,25818
1637,25819
31995,25820
49138,25821
55116,25822
6125,25823
31295,25824
49135,25825
54911,25826
34295,25827
1859,25828
44385,25829
57768,25830
57676,25831
58745,25832
43302,25833
52406,25834
58700,25835
57549,25836
58628,25837
59368,25838
57907,25839
57906,25840
56609,25841
56608,25842
50666,25843
44808,25844
56709,25845
56700,25846
53468,25847
52976,25848
1992,25849
56607,25850
56696,25851
58949,25852
9143,25853
43651,25854
35068,25855
56610,25856
26473,25857
56611,25858
27485,25859
26438,25860
51056,25861
27858,25862
56687,25863
57185,25864
56599,25865
56598,25866
56597,25867
54307,25868
12245,25869
42096,25870
58148,25871
43616,25872
57014,25873
49362,25874
58920,25875
1917,25876
49305,25877
59684,25878
49115,25879
49298,25880
49114,25881
59515,25882
58614,25883
58615,25884
40571,25885
36025,25886
27262,25887
43661,25888
1927,25889
50313,25890
59711,25891
8012,25892
10621,25893
56691,25894
27895,25895
50327,25896
57170,25897
55957,25898
38583,25899
34938,25900
53810,25901
45837,25902
44702,25903
33735,25904
49689,25905
57154,25906
52339,25907
57795,25908
27851,25909
55834,25910
56126,25911
45662,25912
56807,25913
27893,25914
54875,25915
43614,25916
57643,25917
57644,25918
57171,25919
54850,25920
49740,25921
59682,25922
55847,25923
57651,25924
58923,25925
5505,25926
55803,25927
45660,25928
55849,25929
54923,25930
55852,25931
58648,25932
55851,25933
55850,25934
55841,25935
55838,25936
55860,25937
55845,25938
44832,25939
43910,25940
42554,25941
57629,25942
56018,25943
45561,25944
57333,25945
59080,25946
56012,25947
56014,25948
56013,25949
18955,25950
54886,25951
56032,25952
56033,25953
58876,25954
27840,25955
56023,25956
56026,25957
50655,25958
56022,25959
56021,25960
56024,25961
52593,25962
56019,25963
57176,25964
56029,25965
56031,25966
39761,25967
53083,25968
55300,25969
54154,25970
56037,25971
56035,25972
58286,25973
56038,25974
52848,25975
59709,25976
53415,25977
58072,25978
47507,25979
57700,25980
5894,25981
41907,25982
30770,25983
58100,25984
14161,25985
4769,25986
5889,25987
5893,25988
58912,25989
45671,25990
47258,25991
5400,25992
5891,25993
5890,25994
55293,25995
55295,25996
57750,25997
57747,25998
55130,25999
57745,26000
57746,26001
55459,26002
55454,26003
55455,26004
55456,26005
23310,26006
58731,26007
45388,26008
33972,26009
55471,26010
55467,26011
55255,26012
49268,26013
49266,26014
55461,26015
55472,26016
59681,26017
39166,26018
5348,26019
55254,26020
55253,26021
47553,26022
32572,26023
55853,26024
55854,26025
55855,26026
54888,26027
43230,26028
59896,26029
57135,26030
55837,26031
55839,26032
55840,26033
55842,26034
55843,26035
55844,26036
55846,26037
49090,26038
21465,26039
55898,26040
55899,26041
55900,26042
55901,26043
55903,26044
55904,26045
55905,26046
55858,26047
55859,26048
55848,26049
3065,26050
5404,26051
26881,26052
6119,26053
6124,26054
55906,26055
55910,26056
55914,26057
55074,26058
55916,26059
55917,26060
55923,26061
55926,26062
43629,26063
55282,26064
55284,26065
41467,26066
45389,26067
17779,26068
55954,26069
56386,26070
55930,26071
54176,26072
55856,26073
55857,26074
22181,26075
35269,26076
55462,26077
55466,26078
12230,26079
55473,26080
3385,26081
50020,26082
49289,26083
59481,26084
55276,26085
55275,26086
57890,26087
58698,26088
43658,26089
57896,26090
37992,26091
50614,26092
53393,26093
41906,26094
58889,26095
47886,26096
40394,26097
57009,26098
57476,26099
55457,26100
56893,26101
8501,26102
10634,26103
55458,26104
1997,26105
56854,26106
49152,26107
27408,26108
49148,26109
49149,26110
44689,26111
49151,26112
36551,26113
57996,26114
53410,26115
49134,26116
49132,26117
59572,26118
58734,26119
46246,26120
57413,26121
12321,26122
30473,26123
28092,26124
54879,26125
54876,26126
41908,26127
32615,26128
49150,26129
30484,26130
12327,26131
56103,26132
56104,26133
56107,26134
56108,26135
46758,26136
34220,26137
57090,26138
45651,26139
57354,26140
30765,26141
56105,26142
55548,26143
56106,26144
56121,26145
37884,26146
33480,26147
58729,26148
58686,26149
59983,26150
57765,26151
56624,26152
51145,26153
51614,26154
55299,26155
54873,26156
54880,26157
13925,26158
58897,26159
50703,26160
55072,26161
57462,26162
45992,26163
57043,26164
56718,26165
12263,26166
55117,26167
38692,26168
55298,26169
54556,26170
55296,26171
55265,26172
55024,26173
58696,26174
57575,26175
57573,26176
55023,26177
57592,26178
57153,26179
13546,26180
57593,26181
57577,26182
57581,26183
57563,26184
57561,26185
57567,26186
5346,26187
55030,26188
55031,26189
55035,26190
55033,26191
55036,26192
55037,26193
55038,26194
53397,26195
51764,26196
8481,26197
32041,26198
55021,26199
55029,26200
55022,26201
58899,26202
55027,26203
55026,26204
55025,26205
55028,26206
55044,26207
55042,26208
55043,26209
52850,26210
25140,26211
55041,26212
57595,26213
21451,26214
57597,26215
57600,26216
57598,26217
57572,26218
33201,26219
54902,26220
52886,26221
3338,26222
35666,26223
49381,26224
59795,26225
55960,26226
55959,26227
55961,26228
33787,26229
52387,26230
54741,26231
49742,26232
49378,26233
54866,26234
59532,26235
56612,26236
56613,26237
56614,26238
30875,26239
46109,26240
55264,26241
55263,26242
31264,26243
31306,26244
56617,26245
59705,26246
55153,26247
21159,26248
46861,26249
59701,26250
52230,26251
31027,26252
43662,26253
48068,26254
57041,26255
53507,26256
50668,26257
47277,26258
51698,26259
1867,26260
5350,26261
9336,26262
58888,26263
58890,26264
58843,26265
51777,26266
37098,26267
54857,26268
54867,26269
58903,26270
51988,26271
57089,26272
42854,26273
56363,26274
56364,26275
51147,26276
51846,26277
47272,26278
54940,26279
3382,26280
59570,26281
55034,26282
55032,26283
55040,26284
59501,26285
44833,26286
18993,26287
22200,26288
42175,26289
58744,26290
45089,26291
57401,26292
59796,26293
49699,26294
57161,26295
21578,26296
57353,26297
50022,26298
54941,26299
53467,26300
1993,26301
55039,26302
57174,26303
21145,26304
12840,26305
58154,26306
58874,26307
54696,26308
5403,26309
4375,26310
54319,26311
18954,26312
55351,26313
50928,26314
2837,26315
54871,26316
52224,26317
54716,26318
54555,26319
57032,26320
57116,26321
57122,26322
2065,26323
56580,26324
59897,26325
56513,26326
5399,26327
57923,26328
53039,26329
53430,26330
44841,26331
17943,26332
56516,26333
56518,26334
56515,26335
56519,26336
56304,26337
58512,26338
43646,26339
56601,26340
56602,26341
56588,26342
12246,26343
56603,26344
58896,26345
57356,26346
57412,26347
46956,26348
50214,26349
36034,26350
36031,26351
51225,26352
24768,26353
57604,26354
57763,26355
57102,26356
58494,26357
39172,26358
54936,26359
55016,26360
39541,26361
53019,26362
56175,26363
56177,26364
56172,26365
56173,26366
56174,26367
56168,26368
55352,26369
26028,26370
58510,26371
16971,26372
56170,26373
30888,26374
57548,26375
57569,26376
57588,26377
57570,26378
57571,26379
57574,26380
57594,26381
57591,26382
57596,26383
57599,26384
59708,26385
57582,26386
57583,26387
57584,26388
57587,26389
57586,26390
57601,26391
57603,26392
57605,26393
57606,26394
59721,26395
59720,26396
59719,26397
44670,26398
18272,26399
58877,26400
38682,26401
45076,26402
57118,26403
57543,26404
57560,26405
57562,26406
57566,26407
57576,26408
57516,26409
27863,26410
45075,26411
56509,26412
56508,26413
56511,26414
56517,26415
51149,26416
56512,26417
48755,26418
59691,26419
57798,26420
57544,26421
57580,26422
57579,26423
57578,26424
57547,26425
57545,26426
58886,26427
58883,26428
56305,26429
37720,26430
51835,26431
54334,26432
54149,26433
57922,26434
49733,26435
44687,26436
54851,26437
30613,26438
54937,26439
19109,26440
22026,26441
55013,26442
54689,26443
8434,26444
54694,26445
53097,26446
55079,26447
55080,26448
6132,26449
57400,26450
55045,26451
55046,26452
55050,26453
55051,26454
55052,26455
55053,26456
55054,26457
55055,26458
30517,26459
10732,26460
55047,26461
2658,26462
9003,26463
28549,26464
2665,26465
10724,26466
55061,26467
55060,26468
55048,26469
55049,26470
55058,26471
55059,26472
55056,26473
55057,26474
55066,26475
55067,26476
55064,26477
55065,26478
55063,26479
55062,26480
10726,26481
10728,26482
10736,26483
10734,26484
10730,26485
27388,26486
54167,26487
57327,26488
52228,26489
36019,26490
54326,26491
14546,26492
34548,26493
53409,26494
54558,26495
49101,26496
49102,26497
49103,26498
49104,26499
58499,26500
59912,26501
57779,26502
57778,26503
49723,26504
59504,26505
57781,26506
2673,26507
49492,26508
49493,26509
57157,26510
49462,26511
21426,26512
49408,26513
9093,26514
23442,26515
43537,26516
5388,26517
50929,26518
57326,26519
49140,26520
49141,26521
49142,26522
10254,26523
49143,26524
49144,26525
37207,26526
49139,26527
53537,26528
57399,26529
30505,26530
43326,26531
53508,26532
52825,26533
53506,26534
10731,26535
10733,26536
54159,26537
10727,26538
10729,26539
10735,26540
10737,26541
10725,26542
59734,26543
27264,26544
57789,26545
59571,26546
42309,26547
42313,26548
53303,26549
50019,26550
56086,26551
56089,26552
2670,26553
2657,26554
2648,26555
10242,26556
10243,26557
32633,26558
10249,26559
10252,26560
10253,26561
14712,26562
29173,26563
49491,26564
55005,26565
55007,26566
55006,26567
49163,26568
49164,26569
49165,26570
41889,26571
56095,26572
44839,26573
49746,26574
45500,26575
49162,26576
59710,26577
54681,26578
37097,26579
42329,26580
55009,26581
55010,26582
55008,26583
5360,26584
29172,26585
46110,26586
57410,26587
28856,26588
10680,26589
55184,26590
56829,26591
28849,26592
45683,26593
47259,26594
55486,26595
45994,26596
45499,26597
57925,26598
55482,26599
57757,26600
50218,26601
57568,26602
46263,26603
46259,26604
59735,26605
53014,26606
51604,26607
32528,26608
57787,26609
34225,26610
34233,26611
54894,26612
53536,26613
55018,26614
55020,26615
57156,26616
22066,26617
5417,26618
28858,26619
58898,26620
55015,26621
55012,26622
23441,26623
57164,26624
1984,26625
58518,26626
51610,26627
42415,26628
1756,26629
54969,26630
59736,26631
57398,26632
57411,26633
33213,26634
53036,26635
55164,26636
55168,26637
55180,26638
51266,26639
19013,26640
56359,26641
56360,26642
58108,26643
58085,26644
51612,26645
56073,26646
49747,26647
56101,26648
56092,26649
30943,26650
55190,26651
55915,26652
55951,26653
55907,26654
55950,26655
55952,26656
55929,26657
55927,26658
55919,26659
8929,26660
54967,26661
55909,26662
55911,26663
55924,26664
55922,26665
55925,26666
55921,26667
55928,26668
55884,26669
55885,26670
57152,26671
55920,26672
55943,26673
55882,26674
55883,26675
55892,26676
55893,26677
55871,26678
55872,26679
55876,26680
55875,26681
55877,26682
55873,26683
36083,26684
55878,26685
48106,26686
55879,26687
55886,26688
55887,26689
59977,26690
12836,26691
55918,26692
55902,26693
55949,26694
55948,26695
55897,26696
55913,26697
20331,26698
53425,26699
55895,26700
55947,26701
55896,26702
55945,26703
55089,26704
54877,26705
55912,26706
55165,26707
59577,26708
55861,26709
55955,26710
55862,26711
55863,26712
55933,26713
55932,26714
55931,26715
55935,26716
55942,26717
55941,26718
55940,26719
55939,26720
55568,26721
55946,26722
13973,26723
13974,26724
55944,26725
48489,26726
43587,26727
55956,26728
55891,26729
55888,26730
55894,26731
55864,26732
55866,26733
55881,26734
55865,26735
55870,26736
55867,26737
55869,26738
55868,26739
55953,26740
55936,26741
55880,26742
55874,26743
55889,26744
55890,26745
48471,26746
55938,26747
55937,26748
57607,26749
57627,26750
39161,26751
42871,26752
1849,26753
29156,26754
58743,26755
58864,26756
57608,26757
53538,26758
58860,26759
18376,26760
58914,26761
54878,26762
51252,26763
59556,26764
52988,26765
34222,26766
34197,26767
32044,26768
57690,26769
34279,26770
57691,26771
43647,26772
57689,26773
5216,26774
52869,26775
58664,26776
49963,26777
29079,26778
54944,26779
33946,26780
54870,26781
49089,26782
50311,26783
59017,26784
37220,26785
1610,26786
38722,26787
55389,26788
55388,26789
38795,26790
44158,26791
56542,26792
59994,26793
57086,26794
56571,26795
56572,26796
56573,26797
58740,26798
51232,26799
58893,26800
54968,26801
50305,26802
58892,26803
55591,26804
58030,26805
55590,26806
57183,26807
5401,26808
58907,26809
55826,26810
59996,26811
54983,26812
30514,26813
31250,26814
5787,26815
56185,26816
58904,26817
52966,26818
59703,26819
41697,26820
46252,26821
12324,26822
53085,26823
50921,26824
53086,26825
47455,26826
49560,26827
46935,26828
32487,26829
30509,26830
28857,26831
46282,26832
36651,26833
58841,26834
32113,26835
59582,26836
58024,26837
55287,26838
27870,26839
50667,26840
59704,26841
34231,26842
54869,26843
34216,26844
15787,26845
9150,26846
36026,26847
56355,26848
26311,26849
26305,26850
46006,26851
49076,26852
49077,26853
49078,26854
55289,26855
55288,26856
58872,26857
49098,26858
8928,26859
55285,26860
56183,26861
56182,26862
47271,26863
32411,26864
56181,26865
55226,26866
56184,26867
46283,26868
57613,26869
57149,26870
28854,26871
2921,26872
59567,26873
36237,26874
22811,26875
22810,26876
57147,26877
46275,26878
57625,26879
24772,26880
1866,26881
39178,26882
57898,26883
59914,26884
56063,26885
56065,26886
50342,26887
51265,26888
27944,26889
54925,26890
51951,26891
36089,26892
54718,26893
56059,26894
22805,26895
19956,26896
26306,26897
56057,26898
56052,26899
56054,26900
51262,26901
19967,26902
56062,26903
56058,26904
36086,26905
55364,26906
55363,26907
55361,26908
53446,26909
55357,26910
55354,26911
23068,26912
28853,26913
50307,26914
55392,26915
55391,26916
58901,26917
56579,26918
6109,26919
55369,26920
6128,26921
54990,26922
55368,26923
55370,26924
55366,26925
53051,26926
54899,26927
47276,26928
55365,26929
55381,26930
55380,26931
55375,26932
55376,26933
55378,26934
55379,26935
55373,26936
55383,26937
55382,26938
55385,26939
55390,26940
45959,26941
57818,26942
17641,26943
36346,26944
21353,26945
15793,26946
56087,26947
56088,26948
34224,26949
19014,26950
55384,26951
55387,26952
1763,26953
34226,26954
55377,26955
34229,26956
56085,26957
19015,26958
56091,26959
56090,26960
7892,26961
7902,26962
59461,26963
48558,26964
56084,26965
56079,26966
56083,26967
56082,26968
56080,26969
56081,26970
56078,26971
55359,26972
57793,26973
58870,26974
57792,26975
57791,26976
55358,26977
55362,26978
52951,26979
28850,26980
59422,26981
59984,26982
36650,26983
32480,26984
59783,26985
52950,26986
39164,26987
58357,26988
33761,26989
36649,26990
28860,26991
34276,26992
39167,26993
59086,26994
53033,26995
28855,26996
55283,26997
22046,26998
37167,26999
15791,27000
27463,27001
36332,27002
25906,27003
5389,27004
5390,27005
51142,27006
27631,27007
32038,27008
52007,27009
53096,27010
42971,27011
55829,27012
48821,27013
5391,27014
53469,27015
56618,27016
57674,27017
40826,27018
27836,27019
1991,27020
59574,27021
53101,27022
49269,27023
24974,27024
27869,27025
56545,27026
52456,27027
55244,27028
54868,27029
23401,27030
16629,27031
33757,27032
30775,27033
49307,27034
44001,27035
58902,27036
5386,27037
53021,27038
11256,27039
4256,27040
58868,27041
49093,27042
56072,27043
56070,27044
16739,27045
26706,27046
56074,27047
48523,27048
7895,27049
55485,27050
59632,27051
7906,27052
5409,27053
43100,27054
57370,27055
56075,27056
56077,27057
51768,27058
56178,27059
49092,27060
58627,27061
49108,27062
49085,27063
49091,27064
49107,27065
56180,27066
49106,27067
37901,27068
46766,27069
15790,27070
26030,27071
15797,27072
43991,27073
5387,27074
42906,27075
54699,27076
58015,27077
49299,27078
51810,27079
27266,27080
49125,27081
49127,27082
15781,27083
27424,27084
49126,27085
49146,27086
5353,27087
59405,27088
58612,27089
46059,27090
15904,27091
33736,27092
58855,27093
55830,27094
43510,27095
54883,27096
6121,27097
57408,27098
59554,27099
23151,27100
55349,27101
43966,27102
19114,27103
42905,27104
23152,27105
56525,27106
56526,27107
56529,27108
15786,27109
56534,27110
56537,27111
53836,27112
56520,27113
21423,27114
57706,27115
59378,27116
12275,27117
54170,27118
58611,27119
56531,27120
56532,27121
15784,27122
56533,27123
28742,27124
49136,27125
51944,27126
15789,27127
56535,27128
56540,27129
56522,27130
56521,27131
56541,27132
56734,27133
57653,27134
14099,27135
57647,27136
44065,27137
56171,27138
56367,27139
57268,27140
56167,27141
57670,27142
57064,27143
40364,27144
57669,27145
57672,27146
55206,27147
56366,27148
48858,27149
24614,27150
57673,27151
57640,27152
57635,27153
2312,27154
57638,27155
57652,27156
57646,27157
24274,27158
57404,27159
40359,27160
40352,27161
54854,27162
59919,27163
57645,27164
26309,27165
59742,27166
56028,27167
42561,27168
56733,27169
29171,27170
57114,27171
49926,27172
54717,27173
53815,27174
49925,27175
49924,27176
55208,27177
28272,27178
53095,27179
10627,27180
55832,27181
5361,27182
41852,27183
57369,27184
40371,27185
5395,27186
20342,27187
7904,27188
24933,27189
27435,27190
12284,27191
54849,27192
57409,27193
33758,27194
50221,27195
50026,27196
16742,27197
53529,27198
39158,27199
58358,27200
9720,27201
59616,27202
54303,27203
12490,27204
28851,27205
55246,27206
55245,27207
59579,27208
13832,27209
58563,27210
7873,27211
53017,27212
1854,27213
57335,27214
29297,27215
2338,27216
34219,27217
59678,27218
28213,27219
34277,27220
59679,27221
53102,27222
20341,27223
36084,27224
32475,27225
59518,27226
21424,27227
23578,27228
49109,27229
7875,27230
57334,27231
50025,27232
57662,27233
57661,27234
57660,27235
57654,27236
57658,27237
57668,27238
42308,27239
41850,27240
50216,27241
58112,27242
59941,27243
57970,27244
57371,27245
57632,27246
57631,27247
46294,27248
53528,27249
46176,27250
43637,27251
46293,27252
57636,27253
57634,27254
51174,27255
5362,27256
57642,27257
57637,27258
32007,27259
57633,27260
57655,27261
46675,27262
51256,27263
11258,27264
5368,27265
57092,27266
25899,27267
5358,27268
27431,27269
57163,27270
44852,27271
7883,27272
55972,27273
55973,27274
57418,27275
54965,27276
54148,27277
42586,27278
56008,27279
57372,27280
56166,27281
56165,27282
56164,27283
36355,27284
54375,27285
46011,27286
7432,27287
34218,27288
55968,27289
43098,27290
3683,27291
46398,27292
27406,27293
26916,27294
21449,27295
7891,27296
50878,27297
37880,27298
49915,27299
57796,27300
26308,27301
19007,27302
54739,27303
43007,27304
58053,27305
46669,27306
57419,27307
56149,27308
31288,27309
29165,27310
59625,27311
56067,27312
27405,27313
7890,27314
58624,27315
57165,27316
49690,27317
31038,27318
56564,27319
56562,27320
56553,27321
56551,27322
56559,27323
5397,27324
56561,27325
5379,27326
53445,27327
56499,27328
59768,27329
56563,27330
56558,27331
56490,27332
7433,27333
18001,27334
56565,27335
56497,27336
56556,27337
56554,27338
56560,27339
56555,27340
56582,27341
59683,27342
35079,27343
7887,27344
58945,27345
27409,27346
10628,27347
46160,27348
44387,27349
3732,27350
34482,27351
25896,27352
5371,27353
46297,27354
58057,27355
57397,27356
27407,27357
18711,27358
46005,27359
57155,27360
56503,27361
36356,27362
56500,27363
56498,27364
56495,27365
56502,27366
56505,27367
51178,27368
56501,27369
56496,27370
56494,27371
56493,27372
56492,27373
56491,27374
58381,27375
58052,27376
5378,27377
54995,27378
59621,27379
32527,27380
58727,27381
55397,27382
37899,27383
5345,27384
57181,27385
54166,27386
55001,27387
50672,27388
55002,27389
50497,27390
55000,27391
54997,27392
5354,27393
55003,27394
57533,27395
51140,27396
49717,27397
59413,27398
35120,27399
57162,27400
48569,27401
56581,27402
1656,27403
55081,27404
21450,27405
48311,27406
56134,27407
49155,27408
56133,27409
49156,27410
59644,27411
46013,27412
28852,27413
51175,27414
32032,27415
54147,27416
49154,27417
53405,27418
32450,27419
56020,27420
58507,27421
27306,27422
56025,27423
5405,27424
56017,27425
56015,27426
56011,27427
56034,27428
56030,27429
56039,27430
20289,27431
56036,27432
46060,27433
56027,27434
54610,27435
46280,27436
54173,27437
54165,27438
7911,27439
54060,27440
57395,27441
57407,27442
51611,27443
57954,27444
58385,27445
59873,27446
56504,27447
51982,27448
43060,27449
46296,27450
46292,27451
57707,27452
57709,27453
55209,27454
55210,27455
55211,27456
50987,27457
44162,27458
53010,27459
49130,27460
49147,27461
59650,27462
57368,27463
49737,27464
56361,27465
56362,27466
7882,27467
49131,27468
53532,27469
43532,27470
55270,27471
51348,27472
55205,27473
39412,27474
48475,27475
27470,27476
49918,27477
46295,27478
55542,27479
55556,27480
55988,27481
56004,27482
55983,27483
5396,27484
36349,27485
55996,27486
55995,27487
19453,27488
53738,27489
56009,27490
55987,27491
54160,27492
56190,27493
56162,27494
56192,27495
59646,27496
34235,27497
7878,27498
43047,27499
46298,27500
55992,27501
55991,27502
55994,27503
55982,27504
55971,27505
56548,27506
56547,27507
55974,27508
56002,27509
55981,27510
55993,27511
56549,27512
55984,27513
34942,27514
56550,27515
55986,27516
56000,27517
55985,27518
56001,27519
55997,27520
55998,27521
55999,27522
58946,27523
7896,27524
16748,27525
59611,27526
31305,27527
28217,27528
55119,27529
46644,27530
48477,27531
52069,27532
56191,27533
58519,27534
56189,27535
7851,27536
46279,27537
59498,27538
46625,27539
52061,27540
51795,27541
5367,27542
7437,27543
7909,27544
23217,27545
46789,27546
51135,27547
7898,27548
7928,27549
13815,27550
13812,27551
43525,27552
58944,27553
32405,27554
48097,27555
49973,27556
51153,27557
45715,27558
52067,27559
45716,27560
55197,27561
10301,27562
46264,27563
45717,27564
54153,27565
58372,27566
32485,27567
9371,27568
9430,27569
49919,27570
46159,27571
58011,27572
7452,27573
56736,27574
44680,27575
57785,27576
57784,27577
50916,27578
54311,27579
7445,27580
27562,27581
46755,27582
45999,27583
43911,27584
49094,27585
57786,27586
46754,27587
58097,27588
38445,27589
56631,27590
46285,27591
58954,27592
5359,27593
27430,27594
59951,27595
5385,27596
53015,27597
55508,27598
9428,27599
57169,27600
49718,27601
28218,27602
43533,27603
53115,27604
7435,27605
53546,27606
59590,27607
26375,27608
38157,27609
26025,27610
26023,27611
46676,27612
36940,27613
26022,27614
51874,27615
5398,27616
44007,27617
50306,27618
45997,27619
50843,27620
50939,27621
33561,27622
27322,27623
52944,27624
7908,27625
57403,27626
34193,27627
49153,27628
58076,27629
52180,27630
7472,27631
57375,27632
26292,27633
5377,27634
59656,27635
6135,27636
42888,27637
7467,27638
54332,27639
13814,27640
30342,27641
53042,27642
27330,27643
59484,27644
27415,27645
46671,27646
58981,27647
46274,27648
58840,27649
7945,27650
7922,27651
28146,27652
53016,27653
54330,27654
59640,27655
36335,27656
5372,27657
57824,27658
55833,27659
43526,27660
50705,27661
26229,27662
25745,27663
13803,27664
31307,27665
3713,27666
26294,27667
53535,27668
53020,27669
43994,27670
8440,27671
55526,27672
59946,27673
13816,27674
31314,27675
57365,27676
28229,27677
52468,27678
33715,27679
13707,27680
5373,27681
5407,27682
42902,27683
58588,27684
56127,27685
49696,27686
42320,27687
56506,27688
7453,27689
34217,27690
6593,27691
56128,27692
46674,27693
34195,27694
59619,27695
53533,27696
53098,27697
58073,27698
57734,27699
56432,27700
57379,27701
7850,27702
49917,27703
7917,27704
57405,27705
26295,27706
48102,27707
46781,27708
28863,27709
59962,27710
56507,27711
45693,27712
45691,27713
48492,27714
55098,27715
54168,27716
56356,27717
26310,27718
34249,27719
58591,27720
7888,27721
57402,27722
57414,27723
44957,27724
57731,27725
59888,27726
59885,27727
59886,27728
53004,27729
32158,27730
44950,27731
2920,27732
59882,27733
59889,27734
33717,27735
22538,27736
53527,27737
46680,27738
57374,27739
53534,27740
49916,27741
54991,27742
45993,27743
34192,27744
34239,27745
5751,27746
58104,27747
59887,27748
59599,27749
59595,27750
42319,27751
54171,27752
34238,27753
58576,27754
59628,27755
38628,27756
42972,27757
2001,27758
49965,27759
26246,27760
46665,27761
55559,27762
57555,27763
59947,27764
50941,27765
51346,27766
57554,27767
56725,27768
57550,27769
57558,27770
53484,27771
23150,27772
57737,27773
51162,27774
48556,27775
58041,27776
57730,27777
15929,27778
50882,27779
31070,27780
51613,27781
29074,27782
5355,27783
46679,27784
50890,27785
4540,27786
7926,27787
56379,27788
44927,27789
59623,27790
6969,27791
7856,27792
56543,27793
58004,27794
46762,27795
46763,27796
57728,27797
40496,27798
54157,27799
53526,27800
58002,27801
34251,27802
37704,27803
44695,27804
43528,27805
42590,27806
58958,27807
51345,27808
7457,27809
34221,27810
43535,27811
49706,27812
44954,27813
58505,27814
53548,27815
57735,27816
50879,27817
48493,27818
44098,27819
52946,27820
5369,27821
59620,27822
46666,27823
52885,27824
59622,27825
55423,27826
33718,27827
56113,27828
55428,27829
49121,27830
58586,27831
56115,27832
27326,27833
56112,27834
56119,27835
59963,27836
55421,27837
55424,27838
55425,27839
59753,27840
48491,27841
59669,27842
59655,27843
58016,27844
34294,27845
34301,27846
54162,27847
55529,27848
58625,27849
55427,27850
56114,27851
56117,27852
46012,27853
55429,27854
27382,27855
57732,27856
57614,27857
59643,27858
55418,27859
55420,27860
28257,27861
57964,27862
21455,27863
59610,27864
27418,27865
38717,27866
27438,27867
30980,27868
57995,27869
59668,27870
57366,27871
34300,27872
26269,27873
55531,27874
36353,27875
55530,27876
57736,27877
57729,27878
55532,27879
58951,27880
59418,27881
28865,27882
57367,27883
7815,27884
7450,27885
46287,27886
7459,27887
26255,27888
5383,27889
9767,27890
21238,27891
58956,27892
13048,27893
7923,27894
57733,27895
58952,27896
7865,27897
52176,27898
46662,27899
59961,27900
59606,27901
5381,27902
55394,27903
20284,27904
51870,27905
57609,27906
39345,27907
56539,27908
34296,27909
34211,27910
50872,27911
56530,27912
57373,27913
56129,27914
26238,27915
56536,27916
56523,27917
56524,27918
42322,27919
28901,27920
28672,27921
56377,27922
19459,27923
55801,27924
59614,27925
24275,27926
40498,27927
34237,27928
7434,27929
46660,27930
48103,27931
33562,27932
5356,27933
56566,27934
27807,27935
57415,27936
56378,27937
50554,27938
51343,27939
55541,27940
46656,27941
42777,27942
24828,27943
27820,27944
5351,27945
41314,27946
50895,27947
46629,27948
57971,27949
31368,27950
13799,27951
7803,27952
43981,27953
35124,27954
46649,27955
4622,27956
59593,27957
28847,27958
52917,27959
31358,27960
54150,27961
27448,27962
42323,27963
57380,27964
57378,27965
50643,27966
46658,27967
55504,27968
46655,27969
8919,27970
13789,27971
50911,27972
26274,27973
39058,27974
26271,27975
52915,27976
59589,27977
56592,27978
56591,27979
56590,27980
7439,27981
56593,27982
36704,27983
46628,27984
52929,27985
53547,27986
46636,27987
5384,27988
9497,27989
25774,27990
58622,27991
55505,27992
46630,27993
46654,27994
49232,27995
57960,27996
55512,27997
52935,27998
49228,27999
55509,28000
55506,28001
46637,28002
55510,28003
2034,28004
48572,28005
46667,28006
55511,28007
46651,28008
34999,28009
55558,28010
7921,28011
55507,28012
55557,28013
55503,28014
55502,28015
36088,28016
55501,28017
46765,28018
45718,28019
46764,28020
53558,28021
59400,28022
52181,28023
54049,28024
39347,28025
58955,28026
46632,28027
55155,28028
46661,28029
58590,28030
13802,28031
46652,28032
46650,28033
42969,28034
57692,28035
5382,28036
53307,28037
58609,28038
46647,28039
58626,28040
46635,28041
46663,28042
44802,28043
57976,28044
26265,28045
34298,28046
13715,28047
46653,28048
46643,28049
1964,28050
26282,28051
28478,28052
59641,28053
13790,28054
34242,28055
7447,28056
34210,28057
50936,28058
50937,28059
43225,28060
31071,28061
39124,28062
53314,28063
34214,28064
46631,28065
28846,28066
46634,28067
59612,28068
49129,28069
49128,28070
7436,28071
26266,28072
6317,28073
26262,28074
6342,28075
49133,28076
59630,28077
52169,28078
46646,28079
6298,28080
50869,28081
46657,28082
26264,28083
49116,28084
49118,28085
34265,28086
53559,28087
59642,28088
49117,28089
46642,28090
26261,28091
6308,28092
28674,28093
43527,28094
52220,28095
6338,28096
6334,28097
7916,28098
7635,28099
28844,28100
46633,28101
15583,28102
57610,28103
19433,28104
51976,28105
50883,28106
59004,28107
7927,28108
26447,28109
13713,28110
1986,28111
59607,28112
41698,28113
46659,28114
7441,28115
54964,28116
53557,28117
46641,28118
36807,28119
46267,28120
23482,28121
54050,28122
59948,28123
59661,28124
36087,28125
27445,28126
57815,28127
50865,28128
54155,28129
56605,28130
59631,28131
28684,28132
55550,28133
59905,28134
34268,28135
59674,28136
55546,28137
55549,28138
55536,28139
55535,28140
58116,28141
55537,28142
53530,28143
55543,28144
33721,28145
55797,28146
33720,28147
12346,28148
57148,28149
53556,28150
36082,28151
46731,28152
55525,28153
55524,28154
59474,28155
59002,28156
59003,28157
46288,28158
50844,28159
58118,28160
56471,28161
56454,28162
55280,28163
49079,28164
5380,28165
43973,28166
34269,28167
58600,28168
57959,28169
50904,28170
59906,28171
53531,28172
56427,28173
56428,28174
24738,28175
58987,28176
59949,28177
59647,28178
26189,28179
59950,28180
58985,28181
57091,28182
58986,28183
24789,28184
49975,28185
55426,28186
33719,28187
56425,28188
19441,28189
36352,28190
28260,28191
2162,28192
58988,28193
26285,28194
55419,28195
41403,28196
59603,28197
23553,28198
55163,28199
27447,28200
55159,28201
55154,28202
52927,28203
59624,28204
55157,28205
6757,28206
59904,28207
59649,28208
32172,28209
46726,28210
55148,28211
56632,28212
55152,28213
56429,28214
59005,28215
58948,28216
58991,28217
58992,28218
58117,28219
27329,28220
27446,28221
27444,28222
28262,28223
49119,28224
49120,28225
49122,28226
55069,28227
58947,28228
55339,28229
41890,28230
59609,28231
49124,28232
28241,28233
57953,28234
22558,28235
26944,28236
57897,28237
46268,28238
58989,28239
50905,28240
32363,28241
49123,28242
50885,28243
56616,28244
56615,28245
26237,28246
55278,28247
52911,28248
46284,28249
46272,28250
27442,28251
50874,28252
55271,28253
34244,28254
49112,28255
55338,28256
58581,28257
26231,28258
58950,28259
34243,28260
55277,28261
56484,28262
56486,28263
52882,28264
34266,28265
56351,28266
28261,28267
7847,28268
26239,28269
59664,28270
56474,28271
56476,28272
56479,28273
56477,28274
56482,28275
56483,28276
56463,28277
56461,28278
56462,28279
49928,28280
56460,28281
44961,28282
54992,28283
56466,28284
56470,28285
56465,28286
2676,28287
56485,28288
56489,28289
26280,28290
56436,28291
34241,28292
56472,28293
56469,28294
55800,28295
56475,28296
42330,28297
44081,28298
50896,28299
36935,28300
56480,28301
56478,28302
44017,28303
56448,28304
56467,28305
56447,28306
46624,28307
56456,28308
56488,28309
56481,28310
56458,28311
56464,28312
56451,28313
56450,28314
56452,28315
56473,28316
56444,28317
56443,28318
56440,28319
28681,28320
36565,28321
44960,28322
56455,28323
56468,28324
52926,28325
26288,28326
50873,28327
56446,28328
26287,28329
46266,28330
41904,28331
50908,28332
59900,28333
59608,28334
59903,28335
13786,28336
56354,28337
56353,28338
44073,28339
44959,28340
44958,28341
1531,28342
13796,28343
36810,28344
59645,28345
26234,28346
56600,28347
7924,28348
57952,28349
52936,28350
55799,28351
52198,28352
46004,28353
50892,28354
40993,28355
5365,28356
59667,28357
59469,28358
59604,28359
5374,28360
34299,28361
52178,28362
50903,28363
28686,28364
59653,28365
50881,28366
50861,28367
49930,28368
7055,28369
54055,28370
57816,28371
57965,28372
35097,28373
59902,28374
35095,28375
59658,28376
56544,28377
56349,28378
3685,28379
45995,28380
56118,28381
56109,28382
56120,28383
50884,28384
50860,28385
43011,28386
56111,28387
56116,28388
17392,28389
34976,28390
56110,28391
52919,28392
59637,28393
5363,28394
35129,28395
54054,28396
56352,28397
52922,28398
50850,28399
43010,28400
45996,28401
54062,28402
46278,28403
55225,28404
54057,28405
57963,28406
59657,28407
25209,28408
50891,28409
52925,28410
50855,28411
59651,28412
56594,28413
59670,28414
46270,28415
44027,28416
56155,28417
55251,28418
59907,28419
31072,28420
54052,28421
55272,28422
9766,28423
48490,28424
58943,28425
50900,28426
49145,28427
50854,28428
59634,28429
46307,28430
50877,28431
46001,28432
7903,28433
5349,28434
50899,28435
50898,28436
46265,28437
56376,28438
46008,28439
24778,28440
50864,28441
55068,28442
24785,28443
50880,28444
40493,28445
50866,28446
49763,28447
15586,28448
50876,28449
50853,28450
55569,28451
57961,28452
24782,28453
24786,28454
32543,28455
5376,28456
7859,28457
7848,28458
24788,28459
27655,28460
15585,28461
5347,28462
31280,28463
24841,28464
28223,28465
7471,28466
57142,28467
50910,28468
50856,28469
42973,28470
23642,28471
59839,28472
50893,28473
46003,28474
23627,28475
50887,28476
22232,28477
9839,28478
28224,28479
46262,28480
42970,28481
35102,28482
16494,28483
55564,28484
59618,28485
59652,28486
56604,28487
7829,28488
7861,28489
55286,28490
42974,28491
50907,28492
40389,28493
46273,28494
53045,28495
52920,28496
46269,28497
24784,28498
50902,28499
13714,28500
45998,28501
35103,28502
13818,28503
21421,28504
7820,28505
5406,28506
49929,28507
35096,28508
35098,28509
53023,28510
35099,28511
13824,28512
24606,28513
27331,28514
35118,28515
59636,28516
59592,28517
57968,28518
53781,28519
32492,28520
5393,28521
49920,28522
52913,28523
53485,28524
46276,28525
49922,28526
49921,28527
13722,28528
35100,28529
44134,28530
49923,28531
50894,28532
50901,28533
22233,28534
58115,28535
26236,28536
28677,28537
59660,28538
12766,28539
46692,28540
7867,28541
47666,28542
59665,28543
13724,28544
13721,28545
13725,28546
59662,28547
7868,28548
50859,28549
5366,28550
41331,28551
13821,28552
55252,28553
5394,28554
56140,28555
27313,28556
56137,28557
56138,28558
56136,28559
56143,28560
56144,28561
56141,28562
56142,28563
56145,28564
56146,28565
56147,28566
56148,28567
56135,28568
50906,28569
7479,28570
41330,28571
56139,28572
10387,28573
10386,28574
10390,28575
10391,28576
10389,28577
10388,28578
10385,28579
41332,28580
10392,28581
41327,28582
10393,28583
10400,28584
13800,28585
13804,28586
10383,28587
41324,28588
28249,28589
5364,28590
55836,28591
51053,28592
13717,28593
41328,28594
28227,28595
12466,28596
12467,28597
5375,28598
57975,28599
5411,28600
51101,28601
59006,28602
9871,28603
5410,28604
9860,28605
50852,28606
58980,28607
35135,28608
9862,28609
9863,28610
1525,28611
8714,28612
55571,28613
9868,28614
55565,28615
5392,28616
52879,28617
23477,28618
23446,28619
35684,28620
51215,28621
19907,28622
19912,28623
45297,28624
9858,28625
51214,28626
13718,28627
13720,28628
13811,28629
13810,28630
5352,28631
56994,28632
54921,28633
52430,28634
52431,28635
52432,28636
40639,28637
52506,28638
52504,28639
40625,28640
12502,28641
45915,28642
40630,28643
40631,28644
35214,28645
45095,28646
34080,28647
40603,28648
40652,28649
59740,28650
22661,28651
22939,28652
59690,28653
40601,28654
22308,28655
59700,28656
46462,28657
22540,28658
55160,28659
52502,28660
40649,28661
40648,28662
40605,28663
59970,28664
33714,28665
44971,28666
27837,28667
22309,28668
27806,28669
27819,28670
52417,28671
9852,28672
38189,28673
35282,28674
54595,28675
54596,28676
46493,28677
18133,28678
22668,28679
12348,28680
45273,28681
32530,28682
45719,28683
44063,28684
38199,28685
31816,28686
31818,28687
38184,28688
9242,28689
38186,28690
9240,28691
9249,28692
9227,28693
30179,28694
26172,28695
50552,28696
38166,28697
43207,28698
36931,28699
42863,28700
45668,28701
27777,28702
27443,28703
32314,28704
27789,28705
44016,28706
44096,28707
27797,28708
30992,28709
38163,28710
27316,28711
38160,28712
27773,28713
43132,28714
43137,28715
42878,28716
22680,28717
10630,28718
27769,28719
27770,28720
27772,28721
38310,28722
38313,28723
45669,28724
45676,28725
45677,28726
27488,28727
46440,28728
38931,28729
45085,28730
31857,28731
31865,28732
31866,28733
30991,28734
43119,28735
43131,28736
31868,28737
16767,28738
46304,28739
46303,28740
16757,28741
38170,28742
31833,28743
31843,28744
4586,28745
45698,28746
38172,28747
38174,28748
38175,28749
27751,28750
4135,28751
39248,28752
45708,28753
46299,28754
46300,28755
46301,28756
45710,28757
45712,28758
35288,28759
44085,28760
38233,28761
26445,28762
54970,28763
46724,28764
34974,28765
47074,28766
47079,28767
47072,28768
47071,28769
47070,28770
47069,28771
47068,28772
41378,28773
41304,28774
47110,28775
47106,28776
47100,28777
35033,28778
8785,28779
44205,28780
35051,28781
2365,28782
6954,28783
35125,28784
35123,28785
35185,28786
15899,28787
4513,28788
15886,28789
15885,28790
46239,28791
2354,28792
42237,28793
35116,28794
35149,28795
15878,28796
15877,28797
40523,28798
40522,28799
53432,28800
34862,28801
34860,28802
34854,28803
50985,28804
43310,28805
1529,28806
8892,28807
39080,28808
39031,28809
35797,28810
51794,28811
35496,28812
56720,28813
35655,28814
31844,28815
34751,28816
34750,28817
34746,28818
34745,28819
34742,28820
40524,28821
13212,28822
6718,28823
15872,28824
15870,28825
35883,28826
2552,28827
34628,28828
31823,28829
5865,28830
17979,28831
42942,28832
8946,28833
2359,28834
2557,28835
42046,28836
39005,28837
38986,28838
13378,28839
34557,28840
34549,28841
34635,28842
49300,28843
5357,28844
8986,28845
12454,28846
39857,28847
51073,28848
23095,28849
9012,28850
9011,28851
9010,28852
6542,28853
9015,28854
9014,28855
9013,28856
36255,28857
36254,28858
36252,28859
36249,28860
43484,28861
40016,28862
17405,28863
41939,28864
16643,28865
31065,28866
4342,28867
34096,28868
2370,28869
34084,28870
7375,28871
43165,28872
36518,28873
36515,28874
6492,28875
5239,28876
6458,28877
57101,28878
9016,28879
6431,28880
6430,28881
6429,28882
36542,28883
6417,28884
6416,28885
6415,28886
6413,28887
6412,28888
6428,28889
6427,28890
6426,28891
6425,28892
6422,28893
6420,28894
56239,28895
7509,28896
33970,28897
8634,28898
6387,28899
42866,28900
6356,28901
53635,28902
53634,28903
53633,28904
38843,28905
21419,28906
47665,28907
47664,28908
9106,28909
30813,28910
57214,28911
43543,28912
43553,28913
43552,28914
5859,28915
40304,28916
45024,28917
45017,28918
47667,28919
47654,28920
47653,28921
47652,28922
47650,28923
30758,28924
30755,28925
47678,28926
47677,28927
47673,28928
47672,28929
47671,28930
47670,28931
47669,28932
43590,28933
14551,28934
2375,28935
2377,28936
39741,28937
19294,28938
36836,28939
30739,28940
47663,28941
47662,28942
47661,28943
47656,28944
1557,28945
38086,28946
58335,28947
43586,28948
50715,28949
37000,28950
40306,28951
47655,28952
5863,28953
39282,28954
39281,28955
39280,28956
30637,28957
39310,28958
32199,28959
53637,28960
5728,28961
50670,28962
53639,28963
33844,28964
33841,28965
33853,28966
33851,28967
33850,28968
32233,28969
32224,28970
32222,28971
14539,28972
22935,28973
6187,28974
6182,28975
6169,28976
6165,28977
3728,28978
3729,28979
4041,28980
42778,28981
44995,28982
44994,28983
45531,28984
33848,28985
32198,28986
9352,28987
9351,28988
9350,28989
3042,28990
9356,28991
9355,28992
9354,28993
44970,28994
5370,28995
57481,28996
57480,28997
45594,28998
40561,28999
22466,29000
2384,29001
40545,29002
57539,29003
59988,29004
52132,29005
58326,29006
5867,29007
30291,29008
33377,29009
32294,29010
59975,29011
53930,29012
28873,29013
10742,29014
41748,29015
53737,29016
26181,29017
4040,29018
2190,29019
38489,29020
40752,29021
53740,29022
33207,29023
3330,29024
3332,29025
33283,29026
33419,29027
38421,29028
5861,29029
41747,29030
5869,29031
3323,29032
32339,29033
3322,29034
32356,29035
48362,29036
45936,29037
32322,29038
59553,29039
38406,29040
5408,29041
54076,29042
43169,29043
45652,29044
32338,29045
9529,29046
40938,29047
38418,29048
38412,29049
38410,29050
38309,29051
38308,29052
32867,29053
8340,29054
48391,29055
48374,29056
5862,29057
38307,29058
38306,29059
54069,29060
41857,29061
5936,29062
5934,29063
5933,29064
5932,29065
5931,29066
37808,29067
5927,29068
37888,29069
37887,29070
37886,29071
8369,29072
2499,29073
32808,29074
32807,29075
32806,29076
32804,29077
32812,29078
32810,29079
32912,29080
32886,29081
32878,29082
57940,29083
5930,29084
5928,29085
46749,29086
37878,29087
5926,29088
5925,29089
5924,29090
5858,29091
5855,29092
29157,29093
44853,29094
44849,29095
37885,29096
37883,29097
37881,29098
46842,29099
1856,29100
41159,29101
41144,29102
41131,29103
41106,29104
32751,29105
32730,29106
32729,29107
32728,29108
45910,29109
21056,29110
2393,29111
46884,29112
46883,29113
44696,29114
44703,29115
5921,29116
37896,29117
32635,29118
32647,29119
32646,29120
22881,29121
2355,29122
39253,29123
5923,29124
44694,29125
44693,29126
44692,29127
44691,29128
44684,29129
44683,29130
5922,29131
44677,29132
46839,29133
46835,29134
46831,29135
5920,29136
5919,29137
1848,29138
47011,29139
44675,29140
44674,29141
44667,29142
5917,29143
5916,29144
5910,29145
41098,29146
1565,29147
44628,29148
5908,29149
32611,29150
32610,29151
32608,29152
32495,29153
11804,29154
11811,29155
11967,29156
20951,29157
5912,29158
5911,29159
1566,29160
5907,29161
5906,29162
5905,29163
5904,29164
5902,29165
18539,29166
41302,29167
41301,29168
41300,29169
10241,29170
40388,29171
40387,29172
5900,29173
5899,29174
5898,29175
5897,29176
1559,29177
5896,29178
47028,29179
43925,29180
5402,29181
54051,29182
2684,29183
5888,29184
47039,29185
47036,29186
47035,29187
47034,29188
10219,29189
47031,29190
47029,29191
5879,29192
47066,29193
47061,29194
47040,29195
47067,29196
47065,29197
47088,29198
47080,29199
34936,29200
34935,29201
47077,29202
8212,29203
10719,29204
1621,29205
19920,29206
2294,29207
27270,29208
28319,29209
30172,29210
32252,29211
32632,29212
32868,29213
3317,29214
3318,29215
3319,29216
3320,29217
35207,29218
35213,29219
35958,29220
37520,29221
39274,29222
40972,29223
41152,29224
41153,29225
41784,29226
42521,29227
44690,29228
44805,29229
44806,29230
44813,29231
47153,29232
47545,29233
47657,29234
47658,29235
49168,29236
50671,29237
52940,29238
54896,29239
54954,29240
56042,29241
57527,29242
5860,29243
6852,29244
8960,29245
8961,29246
